run,group,teacher,support,train_n,step,loss,accuracy_pct,aime24_pct,aime25_pct,amc23_pct
qwen_rlmath_top16_n1,qwen,rlmath,16,1,0,,21.104417670682732,11.666666666666666,10.833333333333334,40.81325301204819
qwen_rlmath_top16_n1,qwen,rlmath,16,1,1,0.2634744942188263,,,,
qwen_rlmath_top16_n1,qwen,rlmath,16,1,2,0.2461121529340744,,,,
qwen_rlmath_top16_n1,qwen,rlmath,16,1,3,0.2433868646621704,,,,
qwen_rlmath_top16_n1,qwen,rlmath,16,1,4,0.24823160469532013,,,,
qwen_rlmath_top16_n1,qwen,rlmath,16,1,5,0.23160408437252045,,,,
qwen_rlmath_top16_n1,qwen,rlmath,16,1,6,0.21545840799808502,,,,
qwen_rlmath_top16_n1,qwen,rlmath,16,1,7,0.21474458277225494,,,,
qwen_rlmath_top16_n1,qwen,rlmath,16,1,8,0.24307550489902496,,,,
qwen_rlmath_top16_n1,qwen,rlmath,16,1,9,0.21879297494888306,,,,
qwen_rlmath_top16_n1,qwen,rlmath,16,1,10,0.18772581219673157,24.392570281124495,17.5,11.25,44.42771084337349
qwen_rlmath_top16_n1,qwen,rlmath,16,1,11,0.18173526227474213,,,,
qwen_rlmath_top16_n1,qwen,rlmath,16,1,12,0.18232658505439758,,,,
qwen_rlmath_top16_n1,qwen,rlmath,16,1,13,0.20065852999687195,,,,
qwen_rlmath_top16_n1,qwen,rlmath,16,1,14,0.20499764382839203,,,,
qwen_rlmath_top16_n1,qwen,rlmath,16,1,15,0.17643508315086365,,,,
qwen_rlmath_top16_n1,qwen,rlmath,16,1,16,0.18087781965732574,,,,
qwen_rlmath_top16_n1,qwen,rlmath,16,1,17,0.13178308308124542,,,,
qwen_rlmath_top16_n1,qwen,rlmath,16,1,18,0.13400930166244507,,,,
qwen_rlmath_top16_n1,qwen,rlmath,16,1,19,0.12572479248046875,,,,
qwen_rlmath_top16_n1,qwen,rlmath,16,1,20,0.1333174854516983,37.31760374832664,33.33333333333333,19.583333333333332,59.036144578313255
qwen_rlmath_top16_n1,qwen,rlmath,16,1,21,0.13168670237064362,,,,
qwen_rlmath_top16_n1,qwen,rlmath,16,1,22,0.12559355795383453,,,,
qwen_rlmath_top16_n1,qwen,rlmath,16,1,23,0.1359098255634308,,,,
qwen_rlmath_top16_n1,qwen,rlmath,16,1,24,0.13101886212825775,,,,
qwen_rlmath_top16_n1,qwen,rlmath,16,1,25,0.12744592130184174,,,,
qwen_rlmath_top16_n1,qwen,rlmath,16,1,26,0.1367548704147339,,,,
qwen_rlmath_top16_n1,qwen,rlmath,16,1,27,0.12812171876430511,,,,
qwen_rlmath_top16_n1,qwen,rlmath,16,1,28,0.1274690330028534,,,,
qwen_rlmath_top16_n1,qwen,rlmath,16,1,29,0.1248103603720665,,,,
qwen_rlmath_top16_n1,qwen,rlmath,16,1,30,0.13247431814670563,43.763386880856764,35.41666666666667,27.500000000000004,68.37349397590361
qwen_rlmath_top16_n1,qwen,rlmath,16,1,31,0.13286735117435455,,,,
qwen_rlmath_top16_n1,qwen,rlmath,16,1,32,0.13194486498832703,,,,
qwen_rlmath_top16_n1,qwen,rlmath,16,1,33,0.13272270560264587,,,,
qwen_rlmath_top16_n1,qwen,rlmath,16,1,34,0.1319485306739807,,,,
qwen_rlmath_top16_n1,qwen,rlmath,16,1,35,0.12982696294784546,,,,
qwen_rlmath_top16_n1,qwen,rlmath,16,1,36,0.13629943132400513,,,,
qwen_rlmath_top16_n1,qwen,rlmath,16,1,37,0.1325644701719284,,,,
qwen_rlmath_top16_n1,qwen,rlmath,16,1,38,0.1308843493461609,,,,
qwen_rlmath_top16_n1,qwen,rlmath,16,1,39,0.12549786269664764,,,,
qwen_rlmath_top16_n1,qwen,rlmath,16,1,40,0.13699088990688324,44.94812583668005,37.083333333333336,28.333333333333332,69.42771084337349
qwen_rlmath_top16_n1,qwen,rlmath,16,1,41,0.12597346305847168,,,,
qwen_rlmath_top16_n1,qwen,rlmath,16,1,42,0.12280426919460297,,,,
qwen_rlmath_top16_n1,qwen,rlmath,16,1,43,0.12386779487133026,,,,
qwen_rlmath_top16_n1,qwen,rlmath,16,1,44,0.11736331880092621,,,,
qwen_rlmath_top16_n1,qwen,rlmath,16,1,45,0.12394394725561142,,,,
qwen_rlmath_top16_n1,qwen,rlmath,16,1,46,0.11968325823545456,,,,
qwen_rlmath_top16_n1,qwen,rlmath,16,1,47,0.11892905831336975,,,,
qwen_rlmath_top16_n1,qwen,rlmath,16,1,48,0.1238250583410263,,,,
qwen_rlmath_top16_n1,qwen,rlmath,16,1,49,0.12328920513391495,,,,
qwen_rlmath_top16_n1,qwen,rlmath,16,1,50,0.12088631093502045,44.6619812583668,38.75,27.916666666666668,67.31927710843374
qwen_rlmath_top16_n1,qwen,rlmath,16,1,51,0.1149335727095604,,,,
qwen_rlmath_top16_n1,qwen,rlmath,16,1,52,0.11489434540271759,,,,
qwen_rlmath_top16_n1,qwen,rlmath,16,1,53,0.1168912947177887,,,,
qwen_rlmath_top16_n1,qwen,rlmath,16,1,54,0.10916654020547867,,,,
qwen_rlmath_top16_n1,qwen,rlmath,16,1,55,0.1224978119134903,,,,
qwen_rlmath_top16_n1,qwen,rlmath,16,1,56,0.11346866935491562,,,,
qwen_rlmath_top16_n1,qwen,rlmath,16,1,57,0.12434836477041245,,,,
qwen_rlmath_top16_n1,qwen,rlmath,16,1,58,0.11940834671258926,,,,
qwen_rlmath_top16_n1,qwen,rlmath,16,1,59,0.11558568477630615,,,,
qwen_rlmath_top16_n1,qwen,rlmath,16,1,60,0.1117069274187088,46.15963855421686,40.416666666666664,28.333333333333332,69.7289156626506
qwen_rlmath_top16_n1,qwen,rlmath,16,1,61,0.11878048628568649,,,,
qwen_rlmath_top16_n1,qwen,rlmath,16,1,62,0.11276784539222717,,,,
qwen_rlmath_top16_n1,qwen,rlmath,16,1,63,0.11535300314426422,,,,
qwen_rlmath_top16_n1,qwen,rlmath,16,1,64,0.11301205307245255,,,,
qwen_rlmath_top16_n1,qwen,rlmath,16,1,65,0.11371366679668427,,,,
qwen_rlmath_top16_n1,qwen,rlmath,16,1,66,0.11770783364772797,,,,
qwen_rlmath_top16_n1,qwen,rlmath,16,1,67,0.11218934506177902,,,,
qwen_rlmath_top16_n1,qwen,rlmath,16,1,68,0.12029486894607544,,,,
qwen_rlmath_top16_n1,qwen,rlmath,16,1,69,0.11556579917669296,,,,
qwen_rlmath_top16_n1,qwen,rlmath,16,1,70,0.10756278783082962,44.6619812583668,37.083333333333336,29.583333333333332,67.31927710843374
qwen_rlmath_top16_n1,qwen,rlmath,16,1,71,0.12184982001781464,,,,
qwen_rlmath_top16_n1,qwen,rlmath,16,1,72,0.11400360614061356,,,,
qwen_rlmath_top16_n1,qwen,rlmath,16,1,73,0.11769513785839081,,,,
qwen_rlmath_top16_n1,qwen,rlmath,16,1,74,0.11697357892990112,,,,
qwen_rlmath_top16_n1,qwen,rlmath,16,1,75,0.12051855772733688,,,,
qwen_rlmath_top16_n1,qwen,rlmath,16,1,76,0.11854645609855652,,,,
qwen_rlmath_top16_n1,qwen,rlmath,16,1,77,0.1066872850060463,,,,
qwen_rlmath_top16_n1,qwen,rlmath,16,1,78,0.12264568358659744,,,,
qwen_rlmath_top16_n1,qwen,rlmath,16,1,79,0.11491797119379044,,,,
qwen_rlmath_top16_n1,qwen,rlmath,16,1,80,0.11330439150333405,44.02945113788488,35.0,29.166666666666668,67.92168674698796
qwen_rlmath_top16_n1,qwen,rlmath,16,1,81,0.11779461055994034,,,,
qwen_rlmath_top16_n1,qwen,rlmath,16,1,82,0.12583212554454803,,,,
qwen_rlmath_top16_n1,qwen,rlmath,16,1,83,0.10875716805458069,,,,
qwen_rlmath_top16_n1,qwen,rlmath,16,1,84,0.11632996052503586,,,,
qwen_rlmath_top16_n1,qwen,rlmath,16,1,85,0.12365768104791641,,,,
qwen_rlmath_top16_n1,qwen,rlmath,16,1,86,0.119304358959198,,,,
qwen_rlmath_top16_n1,qwen,rlmath,16,1,87,0.12437082827091217,,,,
qwen_rlmath_top16_n1,qwen,rlmath,16,1,88,0.11670961230993271,,,,
qwen_rlmath_top16_n1,qwen,rlmath,16,1,89,0.10860539972782135,,,,
qwen_rlmath_top16_n1,qwen,rlmath,16,1,90,0.10993943363428116,45.42670682730924,36.25,30.0,70.03012048192771
qwen_rlmath_top16_n1,qwen,rlmath,16,1,91,0.11031200736761093,,,,
qwen_rlmath_top16_n1,qwen,rlmath,16,1,92,0.10687020421028137,,,,
qwen_rlmath_top16_n1,qwen,rlmath,16,1,93,0.11115565150976181,,,,
qwen_rlmath_top16_n1,qwen,rlmath,16,1,94,0.10953681915998459,,,,
qwen_rlmath_top16_n1,qwen,rlmath,16,1,95,0.10805890709161758,,,,
qwen_rlmath_top16_n1,qwen,rlmath,16,1,96,0.10397808998823166,,,,
qwen_rlmath_top16_n1,qwen,rlmath,16,1,97,0.11072227358818054,,,,
qwen_rlmath_top16_n1,qwen,rlmath,16,1,98,0.11349509656429291,,,,
qwen_rlmath_top16_n1,qwen,rlmath,16,1,99,0.10609602928161621,,,,
qwen_rlmath_top16_n1,qwen,rlmath,16,1,100,0.11472556740045547,45.61579651941097,37.083333333333336,29.583333333333332,70.18072289156626
qwen_rlmath_top16_n1,qwen,rlmath,16,1,101,0.1025955080986023,,,,
qwen_rlmath_top16_n1,qwen,rlmath,16,1,102,0.10820533335208893,,,,
qwen_rlmath_top16_n1,qwen,rlmath,16,1,103,0.10525360703468323,,,,
qwen_rlmath_top16_n1,qwen,rlmath,16,1,104,0.10360567271709442,,,,
qwen_rlmath_top16_n1,qwen,rlmath,16,1,105,0.10685326904058456,,,,
qwen_rlmath_top16_n1,qwen,rlmath,16,1,106,0.10435955971479416,,,,
qwen_rlmath_top16_n1,qwen,rlmath,16,1,107,0.10104154795408249,,,,
qwen_rlmath_top16_n1,qwen,rlmath,16,1,108,0.10126003623008728,,,,
qwen_rlmath_top16_n1,qwen,rlmath,16,1,109,0.092009536921978,,,,
qwen_rlmath_top16_n1,qwen,rlmath,16,1,110,0.10705138742923737,45.199129852744306,38.75,26.666666666666668,70.18072289156626
qwen_rlmath_top16_n1,qwen,rlmath,16,1,111,0.0981220230460167,,,,
qwen_rlmath_top16_n1,qwen,rlmath,16,1,112,0.10889127105474472,,,,
qwen_rlmath_top16_n1,qwen,rlmath,16,1,113,0.1180684044957161,,,,
qwen_rlmath_top16_n1,qwen,rlmath,16,1,114,0.12374583631753922,,,,
qwen_rlmath_top16_n1,qwen,rlmath,16,1,115,0.11697234958410263,,,,
qwen_rlmath_top16_n1,qwen,rlmath,16,1,116,0.12089948356151581,,,,
qwen_rlmath_top16_n1,qwen,rlmath,16,1,117,0.12030027061700821,,,,
qwen_rlmath_top16_n1,qwen,rlmath,16,1,118,0.12011534720659256,,,,
qwen_rlmath_top16_n1,qwen,rlmath,16,1,119,0.11182469129562378,,,,
qwen_rlmath_top16_n1,qwen,rlmath,16,1,120,0.1078639104962349,46.15963855421686,38.333333333333336,30.416666666666664,69.7289156626506
qwen_rlmath_top16_n1,qwen,rlmath,16,1,121,0.11622999608516693,,,,
qwen_rlmath_top16_n1,qwen,rlmath,16,1,122,0.11383066326379776,,,,
qwen_rlmath_top16_n1,qwen,rlmath,16,1,123,0.12709033489227295,,,,
qwen_rlmath_top16_n1,qwen,rlmath,16,1,124,0.12120968103408813,,,,
qwen_rlmath_top16_n1,qwen,rlmath,16,1,125,0.10910957306623459,,,,
qwen_rlmath_top16_n1,qwen,rlmath,16,1,126,0.1141611710190773,,,,
qwen_rlmath_top16_n1,qwen,rlmath,16,1,127,0.1238342672586441,,,,
qwen_rlmath_top16_n1,qwen,rlmath,16,1,128,0.11620097607374191,,,,
qwen_rlmath_top16_n1,qwen,rlmath,16,1,129,0.11230581998825073,,,,
qwen_rlmath_top16_n1,qwen,rlmath,16,1,130,0.11625785380601883,44.70046854082998,40.833333333333336,26.25,67.01807228915662
qwen_rlmath_top16_n1,qwen,rlmath,16,1,131,0.11637737601995468,,,,
qwen_rlmath_top16_n1,qwen,rlmath,16,1,132,0.11087861657142639,,,,
qwen_rlmath_top16_n1,qwen,rlmath,16,1,133,0.10510893911123276,,,,
qwen_rlmath_top16_n1,qwen,rlmath,16,1,134,0.11234209686517715,,,,
qwen_rlmath_top16_n1,qwen,rlmath,16,1,135,0.11322439461946487,,,,
qwen_rlmath_top16_n1,qwen,rlmath,16,1,136,0.10989617556333542,,,,
qwen_rlmath_top16_n1,qwen,rlmath,16,1,137,0.10700255632400513,,,,
qwen_rlmath_top16_n1,qwen,rlmath,16,1,138,0.1106707751750946,,,,
qwen_rlmath_top16_n1,qwen,rlmath,16,1,139,0.11189533770084381,,,,
qwen_rlmath_top16_n1,qwen,rlmath,16,1,140,0.10867085307836533,43.86713520749665,38.333333333333336,26.25,67.01807228915662
qwen_rlmath_top16_n1,qwen,rlmath,16,1,141,0.11137031763792038,,,,
qwen_rlmath_top16_n1,qwen,rlmath,16,1,142,0.11549729108810425,,,,
qwen_rlmath_top16_n1,qwen,rlmath,16,1,143,0.11199931800365448,,,,
qwen_rlmath_top16_n1,qwen,rlmath,16,1,144,0.10923174768686295,,,,
qwen_rlmath_top16_n1,qwen,rlmath,16,1,145,0.11519674211740494,,,,
qwen_rlmath_top16_n1,qwen,rlmath,16,1,146,0.11068759858608246,,,,
qwen_rlmath_top16_n1,qwen,rlmath,16,1,147,0.11086802184581757,,,,
qwen_rlmath_top16_n1,qwen,rlmath,16,1,148,0.11137386411428452,,,,
qwen_rlmath_top16_n1,qwen,rlmath,16,1,149,0.11172567307949066,,,,
qwen_rlmath_top16_n1,qwen,rlmath,16,1,150,0.1150926947593689,44.15662650602409,37.5,27.500000000000004,67.46987951807229
qwen_rlmath_top16_n1,qwen,rlmath,16,1,151,0.10770395398139954,,,,
qwen_rlmath_top16_n1,qwen,rlmath,16,1,152,0.1085960865020752,,,,
qwen_rlmath_top16_n1,qwen,rlmath,16,1,153,0.1105118989944458,,,,
qwen_rlmath_top16_n1,qwen,rlmath,16,1,154,0.12056350708007812,,,,
qwen_rlmath_top16_n1,qwen,rlmath,16,1,155,0.11029806733131409,,,,
qwen_rlmath_top16_n1,qwen,rlmath,16,1,156,0.11334017664194107,,,,
qwen_rlmath_top16_n1,qwen,rlmath,16,1,157,0.11424291878938675,,,,
qwen_rlmath_top16_n1,qwen,rlmath,16,1,158,0.11469635367393494,,,,
qwen_rlmath_top16_n1,qwen,rlmath,16,1,159,0.11217009276151657,,,,
qwen_rlmath_top16_n1,qwen,rlmath,16,1,160,0.1086132600903511,44.14156626506024,33.75,30.0,68.67469879518072
qwen_rlmath_top16_n1,qwen,rlmath,16,1,161,0.11364033818244934,,,,
qwen_rlmath_top16_n1,qwen,rlmath,16,1,162,0.11317542940378189,,,,
qwen_rlmath_top16_n1,qwen,rlmath,16,1,163,0.10415666550397873,,,,
qwen_rlmath_top16_n1,qwen,rlmath,16,1,164,0.11566748470067978,,,,
qwen_rlmath_top16_n1,qwen,rlmath,16,1,165,0.10940127074718475,,,,
qwen_rlmath_top16_n1,qwen,rlmath,16,1,166,0.10965888947248459,,,,
qwen_rlmath_top16_n1,qwen,rlmath,16,1,167,0.11127191036939621,,,,
qwen_rlmath_top16_n1,qwen,rlmath,16,1,168,0.10864198207855225,,,,
qwen_rlmath_top16_n1,qwen,rlmath,16,1,169,0.10850678384304047,,,,
qwen_rlmath_top16_n1,qwen,rlmath,16,1,170,0.1132044568657875,46.66499330655957,36.25,34.166666666666664,69.57831325301204
qwen_rlmath_top16_n1,qwen,rlmath,16,1,171,0.10796746611595154,,,,
qwen_rlmath_top16_n1,qwen,rlmath,16,1,172,0.11330968141555786,,,,
qwen_rlmath_top16_n1,qwen,rlmath,16,1,173,0.11285002529621124,,,,
qwen_rlmath_top16_n1,qwen,rlmath,16,1,174,0.11246884614229202,,,,
qwen_rlmath_top16_n1,qwen,rlmath,16,1,175,0.11191999167203903,,,,
qwen_rlmath_top16_n1,qwen,rlmath,16,1,176,0.11380238085985184,,,,
qwen_rlmath_top16_n1,qwen,rlmath,16,1,177,0.13412748277187347,,,,
qwen_rlmath_top16_n1,qwen,rlmath,16,1,178,0.14545224606990814,,,,
qwen_rlmath_top16_n1,qwen,rlmath,16,1,179,0.1307571828365326,,,,
qwen_rlmath_top16_n1,qwen,rlmath,16,1,180,0.1184009313583374,44.747322623828644,36.25,29.166666666666668,68.82530120481928
qwen_rlmath_top16_n1,qwen,rlmath,16,1,181,0.1340060979127884,,,,
qwen_rlmath_top16_n1,qwen,rlmath,16,1,182,0.1414216160774231,,,,
qwen_rlmath_top16_n1,qwen,rlmath,16,1,183,0.14653699100017548,,,,
qwen_rlmath_top16_n1,qwen,rlmath,16,1,184,0.1449851244688034,,,,
qwen_rlmath_top16_n1,qwen,rlmath,16,1,185,0.1338234841823578,,,,
qwen_rlmath_top16_n1,qwen,rlmath,16,1,186,0.13210469484329224,,,,
qwen_rlmath_top16_n1,qwen,rlmath,16,1,187,0.12595351040363312,,,,
qwen_rlmath_top16_n1,qwen,rlmath,16,1,188,0.13367332518100739,,,,
qwen_rlmath_top16_n1,qwen,rlmath,16,1,189,0.1317107230424881,,,,
qwen_rlmath_top16_n1,qwen,rlmath,16,1,190,0.13747918605804443,43.79852744310576,34.166666666666664,27.500000000000004,69.7289156626506
qwen_rlmath_top16_n1,qwen,rlmath,16,1,191,0.13358727097511292,,,,
qwen_rlmath_top16_n1,qwen,rlmath,16,1,192,0.13821493089199066,,,,
qwen_rlmath_top16_n1,qwen,rlmath,16,1,193,0.1513618677854538,,,,
qwen_rlmath_top16_n1,qwen,rlmath,16,1,194,0.14455142617225647,,,,
qwen_rlmath_top16_n1,qwen,rlmath,16,1,195,0.1401452273130417,,,,
qwen_rlmath_top16_n1,qwen,rlmath,16,1,196,0.1553017795085907,,,,
qwen_rlmath_top16_n1,qwen,rlmath,16,1,197,0.14024010300636292,,,,
qwen_rlmath_top16_n1,qwen,rlmath,16,1,198,0.15017069876194,,,,
qwen_rlmath_top16_n1,qwen,rlmath,16,1,199,0.14733222126960754,,,,
qwen_rlmath_top16_n1,qwen,rlmath,16,1,200,0.11760024726390839,43.937416331994655,35.41666666666667,26.666666666666668,69.7289156626506
qwen_rlmath_full_n1,qwen,rlmath,151936,1,0,,20.548862115127175,12.5,8.333333333333332,40.81325301204819
qwen_rlmath_full_n1,qwen,rlmath,151936,1,1,0.26170411705970764,,,,
qwen_rlmath_full_n1,qwen,rlmath,151936,1,2,0.24931012094020844,,,,
qwen_rlmath_full_n1,qwen,rlmath,151936,1,3,0.25702542066574097,,,,
qwen_rlmath_full_n1,qwen,rlmath,151936,1,4,0.24628905951976776,,,,
qwen_rlmath_full_n1,qwen,rlmath,151936,1,5,0.24876078963279724,,,,
qwen_rlmath_full_n1,qwen,rlmath,151936,1,6,0.23168610036373138,,,,
qwen_rlmath_full_n1,qwen,rlmath,151936,1,7,0.22414831817150116,,,,
qwen_rlmath_full_n1,qwen,rlmath,151936,1,8,0.23657546937465668,,,,
qwen_rlmath_full_n1,qwen,rlmath,151936,1,9,0.2238602638244629,,,,
qwen_rlmath_full_n1,qwen,rlmath,151936,1,10,0.18410900235176086,26.72690763052209,20.833333333333336,14.166666666666666,45.18072289156627
qwen_rlmath_full_n1,qwen,rlmath,151936,1,11,0.18201355636119843,,,,
qwen_rlmath_full_n1,qwen,rlmath,151936,1,12,0.17538750171661377,,,,
qwen_rlmath_full_n1,qwen,rlmath,151936,1,13,0.18371056020259857,,,,
qwen_rlmath_full_n1,qwen,rlmath,151936,1,14,0.19494487345218658,,,,
qwen_rlmath_full_n1,qwen,rlmath,151936,1,15,0.17007604241371155,,,,
qwen_rlmath_full_n1,qwen,rlmath,151936,1,16,0.1756891906261444,,,,
qwen_rlmath_full_n1,qwen,rlmath,151936,1,17,0.13355159759521484,,,,
qwen_rlmath_full_n1,qwen,rlmath,151936,1,18,0.13160231709480286,,,,
qwen_rlmath_full_n1,qwen,rlmath,151936,1,19,0.12300287932157516,,,,
qwen_rlmath_full_n1,qwen,rlmath,151936,1,20,0.13267472386360168,37.17536813922356,28.749999999999996,22.083333333333332,60.69277108433735
qwen_rlmath_full_n1,qwen,rlmath,151936,1,21,0.13317281007766724,,,,
qwen_rlmath_full_n1,qwen,rlmath,151936,1,22,0.12049847841262817,,,,
qwen_rlmath_full_n1,qwen,rlmath,151936,1,23,0.13243494927883148,,,,
qwen_rlmath_full_n1,qwen,rlmath,151936,1,24,0.13524481654167175,,,,
qwen_rlmath_full_n1,qwen,rlmath,151936,1,25,0.12709587812423706,,,,
qwen_rlmath_full_n1,qwen,rlmath,151936,1,26,0.13491927087306976,,,,
qwen_rlmath_full_n1,qwen,rlmath,151936,1,27,0.12620609998703003,,,,
qwen_rlmath_full_n1,qwen,rlmath,151936,1,28,0.1316908895969391,,,,
qwen_rlmath_full_n1,qwen,rlmath,151936,1,29,0.12332016229629517,,,,
qwen_rlmath_full_n1,qwen,rlmath,151936,1,30,0.13287974894046783,46.20983935742972,38.75,30.0,69.87951807228916
qwen_rlmath_full_n1,qwen,rlmath,151936,1,31,0.1301291286945343,,,,
qwen_rlmath_full_n1,qwen,rlmath,151936,1,32,0.13232019543647766,,,,
qwen_rlmath_full_n1,qwen,rlmath,151936,1,33,0.1318594217300415,,,,
qwen_rlmath_full_n1,qwen,rlmath,151936,1,34,0.1307201385498047,,,,
qwen_rlmath_full_n1,qwen,rlmath,151936,1,35,0.1293146014213562,,,,
qwen_rlmath_full_n1,qwen,rlmath,151936,1,36,0.1371956318616867,,,,
qwen_rlmath_full_n1,qwen,rlmath,151936,1,37,0.13565868139266968,,,,
qwen_rlmath_full_n1,qwen,rlmath,151936,1,38,0.127755269408226,,,,
qwen_rlmath_full_n1,qwen,rlmath,151936,1,39,0.12908115983009338,,,,
qwen_rlmath_full_n1,qwen,rlmath,151936,1,40,0.13721299171447754,48.304886211512716,41.25,33.33333333333333,70.33132530120481
qwen_rlmath_full_n1,qwen,rlmath,151936,1,41,0.12314610928297043,,,,
qwen_rlmath_full_n1,qwen,rlmath,151936,1,42,0.12321368604898453,,,,
qwen_rlmath_full_n1,qwen,rlmath,151936,1,43,0.12526637315750122,,,,
qwen_rlmath_full_n1,qwen,rlmath,151936,1,44,0.11898652464151382,,,,
qwen_rlmath_full_n1,qwen,rlmath,151936,1,45,0.1228247731924057,,,,
qwen_rlmath_full_n1,qwen,rlmath,151936,1,46,0.11654721945524216,,,,
qwen_rlmath_full_n1,qwen,rlmath,151936,1,47,0.11814884841442108,,,,
qwen_rlmath_full_n1,qwen,rlmath,151936,1,48,0.12413060665130615,,,,
qwen_rlmath_full_n1,qwen,rlmath,151936,1,49,0.12213606387376785,,,,
qwen_rlmath_full_n1,qwen,rlmath,151936,1,50,0.11591935157775879,42.41298527443106,30.0,29.166666666666668,68.07228915662651
qwen_rlmath_full_n1,qwen,rlmath,151936,1,51,0.11650441586971283,,,,
qwen_rlmath_full_n1,qwen,rlmath,151936,1,52,0.11629147082567215,,,,
qwen_rlmath_full_n1,qwen,rlmath,151936,1,53,0.11660189926624298,,,,
qwen_rlmath_full_n1,qwen,rlmath,151936,1,54,0.11123835295438766,,,,
qwen_rlmath_full_n1,qwen,rlmath,151936,1,55,0.12048507481813431,,,,
qwen_rlmath_full_n1,qwen,rlmath,151936,1,56,0.11356524378061295,,,,
qwen_rlmath_full_n1,qwen,rlmath,151936,1,57,0.12640705704689026,,,,
qwen_rlmath_full_n1,qwen,rlmath,151936,1,58,0.12347972393035889,,,,
qwen_rlmath_full_n1,qwen,rlmath,151936,1,59,0.11846166849136353,,,,
qwen_rlmath_full_n1,qwen,rlmath,151936,1,60,0.10967876017093658,45.731258366800525,36.25,31.666666666666664,69.27710843373494
qwen_rlmath_full_n1,qwen,rlmath,151936,1,61,0.11872311681509018,,,,
qwen_rlmath_full_n1,qwen,rlmath,151936,1,62,0.11171677708625793,,,,
qwen_rlmath_full_n1,qwen,rlmath,151936,1,63,0.11621185392141342,,,,
qwen_rlmath_full_n1,qwen,rlmath,151936,1,64,0.11333398520946503,,,,
qwen_rlmath_full_n1,qwen,rlmath,151936,1,65,0.11564834415912628,,,,
qwen_rlmath_full_n1,qwen,rlmath,151936,1,66,0.11690317094326019,,,,
qwen_rlmath_full_n1,qwen,rlmath,151936,1,67,0.11182700097560883,,,,
qwen_rlmath_full_n1,qwen,rlmath,151936,1,68,0.11858620494604111,,,,
qwen_rlmath_full_n1,qwen,rlmath,151936,1,69,0.11395853757858276,,,,
qwen_rlmath_full_n1,qwen,rlmath,151936,1,70,0.1074615865945816,47.10508701472557,39.58333333333333,31.25,70.48192771084338
qwen_rlmath_full_n1,qwen,rlmath,151936,1,71,0.11957020312547684,,,,
qwen_rlmath_full_n1,qwen,rlmath,151936,1,72,0.11513499915599823,,,,
qwen_rlmath_full_n1,qwen,rlmath,151936,1,73,0.11638494580984116,,,,
qwen_rlmath_full_n1,qwen,rlmath,151936,1,74,0.11619099229574203,,,,
qwen_rlmath_full_n1,qwen,rlmath,151936,1,75,0.11926749348640442,,,,
qwen_rlmath_full_n1,qwen,rlmath,151936,1,76,0.12024426460266113,,,,
qwen_rlmath_full_n1,qwen,rlmath,151936,1,77,0.10904447734355927,,,,
qwen_rlmath_full_n1,qwen,rlmath,151936,1,78,0.1232617050409317,,,,
qwen_rlmath_full_n1,qwen,rlmath,151936,1,79,0.11642885208129883,,,,
qwen_rlmath_full_n1,qwen,rlmath,151936,1,80,0.11276545375585556,43.90562248995983,36.666666666666664,28.333333333333332,66.71686746987952
qwen_rlmath_full_n1,qwen,rlmath,151936,1,81,0.11307737231254578,,,,
qwen_rlmath_full_n1,qwen,rlmath,151936,1,82,0.12451842427253723,,,,
qwen_rlmath_full_n1,qwen,rlmath,151936,1,83,0.10878008604049683,,,,
qwen_rlmath_full_n1,qwen,rlmath,151936,1,84,0.12197954952716827,,,,
qwen_rlmath_full_n1,qwen,rlmath,151936,1,85,0.12235555797815323,,,,
qwen_rlmath_full_n1,qwen,rlmath,151936,1,86,0.12113834917545319,,,,
qwen_rlmath_full_n1,qwen,rlmath,151936,1,87,0.12457205355167389,,,,
qwen_rlmath_full_n1,qwen,rlmath,151936,1,88,0.11717913299798965,,,,
qwen_rlmath_full_n1,qwen,rlmath,151936,1,89,0.10783351212739944,,,,
qwen_rlmath_full_n1,qwen,rlmath,151936,1,90,0.11211622506380081,45.32630522088353,36.25,30.0,69.7289156626506
qwen_rlmath_full_n1,qwen,rlmath,151936,1,91,0.11180441081523895,,,,
qwen_rlmath_full_n1,qwen,rlmath,151936,1,92,0.1072918176651001,,,,
qwen_rlmath_full_n1,qwen,rlmath,151936,1,93,0.10886041820049286,,,,
qwen_rlmath_full_n1,qwen,rlmath,151936,1,94,0.10771647095680237,,,,
qwen_rlmath_full_n1,qwen,rlmath,151936,1,95,0.10863938927650452,,,,
qwen_rlmath_full_n1,qwen,rlmath,151936,1,96,0.10383053869009018,,,,
qwen_rlmath_full_n1,qwen,rlmath,151936,1,97,0.10972563922405243,,,,
qwen_rlmath_full_n1,qwen,rlmath,151936,1,98,0.11475174874067307,,,,
qwen_rlmath_full_n1,qwen,rlmath,151936,1,99,0.10744865983724594,,,,
qwen_rlmath_full_n1,qwen,rlmath,151936,1,100,0.11162566393613815,44.747322623828644,35.833333333333336,29.583333333333332,68.82530120481928
qwen_rlmath_full_n1,qwen,rlmath,151936,1,101,0.101994588971138,,,,
qwen_rlmath_full_n1,qwen,rlmath,151936,1,102,0.10896571725606918,,,,
qwen_rlmath_full_n1,qwen,rlmath,151936,1,103,0.10464450716972351,,,,
qwen_rlmath_full_n1,qwen,rlmath,151936,1,104,0.10488507896661758,,,,
qwen_rlmath_full_n1,qwen,rlmath,151936,1,105,0.1050788015127182,,,,
qwen_rlmath_full_n1,qwen,rlmath,151936,1,106,0.10405497997999191,,,,
qwen_rlmath_full_n1,qwen,rlmath,151936,1,107,0.10178150236606598,,,,
qwen_rlmath_full_n1,qwen,rlmath,151936,1,108,0.09991152584552765,,,,
qwen_rlmath_full_n1,qwen,rlmath,151936,1,109,0.09766320139169693,,,,
qwen_rlmath_full_n1,qwen,rlmath,151936,1,110,0.10761328041553497,44.85943775100401,36.666666666666664,28.333333333333332,69.57831325301204
qwen_rlmath_full_n1,qwen,rlmath,151936,1,111,0.0989711731672287,,,,
qwen_rlmath_full_n1,qwen,rlmath,151936,1,112,0.1111498475074768,,,,
qwen_rlmath_full_n1,qwen,rlmath,151936,1,113,0.12243958562612534,,,,
qwen_rlmath_full_n1,qwen,rlmath,151936,1,114,0.12321450561285019,,,,
qwen_rlmath_full_n1,qwen,rlmath,151936,1,115,0.11938787996768951,,,,
qwen_rlmath_full_n1,qwen,rlmath,151936,1,116,0.12015214562416077,,,,
qwen_rlmath_full_n1,qwen,rlmath,151936,1,117,0.12353471666574478,,,,
qwen_rlmath_full_n1,qwen,rlmath,151936,1,118,0.11900975555181503,,,,
qwen_rlmath_full_n1,qwen,rlmath,151936,1,119,0.11038050055503845,,,,
qwen_rlmath_full_n1,qwen,rlmath,151936,1,120,0.10858713090419769,44.94812583668005,38.75,26.666666666666668,69.42771084337349
qwen_rlmath_full_n1,qwen,rlmath,151936,1,121,0.11520996689796448,,,,
qwen_rlmath_full_n1,qwen,rlmath,151936,1,122,0.11613225936889648,,,,
qwen_rlmath_full_n1,qwen,rlmath,151936,1,123,0.12612304091453552,,,,
qwen_rlmath_full_n1,qwen,rlmath,151936,1,124,0.12290873378515244,,,,
qwen_rlmath_full_n1,qwen,rlmath,151936,1,125,0.10783130675554276,,,,
qwen_rlmath_full_n1,qwen,rlmath,151936,1,126,0.11575707793235779,,,,
qwen_rlmath_full_n1,qwen,rlmath,151936,1,127,0.12365303188562393,,,,
qwen_rlmath_full_n1,qwen,rlmath,151936,1,128,0.11447195708751678,,,,
qwen_rlmath_full_n1,qwen,rlmath,151936,1,129,0.11380433291196823,,,,
qwen_rlmath_full_n1,qwen,rlmath,151936,1,130,0.11959657818078995,46.77710843373493,38.75,31.25,70.33132530120481
qwen_rlmath_full_n1,qwen,rlmath,151936,1,131,0.11477039009332657,,,,
qwen_rlmath_full_n1,qwen,rlmath,151936,1,132,0.10753186792135239,,,,
qwen_rlmath_full_n1,qwen,rlmath,151936,1,133,0.10631611198186874,,,,
qwen_rlmath_full_n1,qwen,rlmath,151936,1,134,0.1120666041970253,,,,
qwen_rlmath_full_n1,qwen,rlmath,151936,1,135,0.11516328155994415,,,,
qwen_rlmath_full_n1,qwen,rlmath,151936,1,136,0.11129629611968994,,,,
qwen_rlmath_full_n1,qwen,rlmath,151936,1,137,0.10509169101715088,,,,
qwen_rlmath_full_n1,qwen,rlmath,151936,1,138,0.11037890613079071,,,,
qwen_rlmath_full_n1,qwen,rlmath,151936,1,139,0.11087492853403091,,,,
qwen_rlmath_full_n1,qwen,rlmath,151936,1,140,0.10803716629743576,44.06793842034805,34.166666666666664,30.416666666666664,67.62048192771084
qwen_rlmath_full_n1,qwen,rlmath,151936,1,141,0.11268799006938934,,,,
qwen_rlmath_full_n1,qwen,rlmath,151936,1,142,0.11966731399297714,,,,
qwen_rlmath_full_n1,qwen,rlmath,151936,1,143,0.10858682543039322,,,,
qwen_rlmath_full_n1,qwen,rlmath,151936,1,144,0.10917056351900101,,,,
qwen_rlmath_full_n1,qwen,rlmath,151936,1,145,0.11815280467271805,,,,
qwen_rlmath_full_n1,qwen,rlmath,151936,1,146,0.10951629281044006,,,,
qwen_rlmath_full_n1,qwen,rlmath,151936,1,147,0.11100161075592041,,,,
qwen_rlmath_full_n1,qwen,rlmath,151936,1,148,0.10909178853034973,,,,
qwen_rlmath_full_n1,qwen,rlmath,151936,1,149,0.11366911232471466,,,,
qwen_rlmath_full_n1,qwen,rlmath,151936,1,150,0.12135258316993713,44.797523427041504,37.5,27.916666666666668,68.97590361445783
qwen_rlmath_full_n1,qwen,rlmath,151936,1,151,0.10778193175792694,,,,
qwen_rlmath_full_n1,qwen,rlmath,151936,1,152,0.11079868674278259,,,,
qwen_rlmath_full_n1,qwen,rlmath,151936,1,153,0.1111859604716301,,,,
qwen_rlmath_full_n1,qwen,rlmath,151936,1,154,0.11972475051879883,,,,
qwen_rlmath_full_n1,qwen,rlmath,151936,1,155,0.11205340176820755,,,,
qwen_rlmath_full_n1,qwen,rlmath,151936,1,156,0.11085031181573868,,,,
qwen_rlmath_full_n1,qwen,rlmath,151936,1,157,0.11188144981861115,,,,
qwen_rlmath_full_n1,qwen,rlmath,151936,1,158,0.11269238591194153,,,,
qwen_rlmath_full_n1,qwen,rlmath,151936,1,159,0.10531041026115417,,,,
qwen_rlmath_full_n1,qwen,rlmath,151936,1,160,0.10826898366212845,44.75903614457832,33.75,31.25,69.27710843373494
qwen_rlmath_full_n1,qwen,rlmath,151936,1,161,0.1119489073753357,,,,
qwen_rlmath_full_n1,qwen,rlmath,151936,1,162,0.11214575171470642,,,,
qwen_rlmath_full_n1,qwen,rlmath,151936,1,163,0.10961204767227173,,,,
qwen_rlmath_full_n1,qwen,rlmath,151936,1,164,0.11525185406208038,,,,
qwen_rlmath_full_n1,qwen,rlmath,151936,1,165,0.1066478043794632,,,,
qwen_rlmath_full_n1,qwen,rlmath,151936,1,166,0.11222938448190689,,,,
qwen_rlmath_full_n1,qwen,rlmath,151936,1,167,0.11450129747390747,,,,
qwen_rlmath_full_n1,qwen,rlmath,151936,1,168,0.10943016409873962,,,,
qwen_rlmath_full_n1,qwen,rlmath,151936,1,169,0.1115366593003273,,,,
qwen_rlmath_full_n1,qwen,rlmath,151936,1,170,0.11448697745800018,44.924698795180724,36.666666666666664,29.583333333333332,68.52409638554217
qwen_rlmath_full_n1,qwen,rlmath,151936,1,171,0.10836032778024673,,,,
qwen_rlmath_full_n1,qwen,rlmath,151936,1,172,0.1148502379655838,,,,
qwen_rlmath_full_n1,qwen,rlmath,151936,1,173,0.11463639885187149,,,,
qwen_rlmath_full_n1,qwen,rlmath,151936,1,174,0.11462458968162537,,,,
qwen_rlmath_full_n1,qwen,rlmath,151936,1,175,0.11303200572729111,,,,
qwen_rlmath_full_n1,qwen,rlmath,151936,1,176,0.11698828637599945,,,,
qwen_rlmath_full_n1,qwen,rlmath,151936,1,177,0.13243766129016876,,,,
qwen_rlmath_full_n1,qwen,rlmath,151936,1,178,0.14211633801460266,,,,
qwen_rlmath_full_n1,qwen,rlmath,151936,1,179,0.1299089640378952,,,,
qwen_rlmath_full_n1,qwen,rlmath,151936,1,180,0.12227912992238998,45.5070281124498,37.916666666666664,30.833333333333336,67.7710843373494
qwen_rlmath_full_n1,qwen,rlmath,151936,1,181,0.1329026222229004,,,,
qwen_rlmath_full_n1,qwen,rlmath,151936,1,182,0.14306429028511047,,,,
qwen_rlmath_full_n1,qwen,rlmath,151936,1,183,0.14599604904651642,,,,
qwen_rlmath_full_n1,qwen,rlmath,151936,1,184,0.14389044046401978,,,,
qwen_rlmath_full_n1,qwen,rlmath,151936,1,185,0.1356360763311386,,,,
qwen_rlmath_full_n1,qwen,rlmath,151936,1,186,0.1325208991765976,,,,
qwen_rlmath_full_n1,qwen,rlmath,151936,1,187,0.12658017873764038,,,,
qwen_rlmath_full_n1,qwen,rlmath,151936,1,188,0.13305194675922394,,,,
qwen_rlmath_full_n1,qwen,rlmath,151936,1,189,0.1291915476322174,,,,
qwen_rlmath_full_n1,qwen,rlmath,151936,1,190,0.14131870865821838,43.80187416331995,34.166666666666664,29.166666666666668,68.07228915662651
qwen_rlmath_full_n1,qwen,rlmath,151936,1,191,0.13348408043384552,,,,
qwen_rlmath_full_n1,qwen,rlmath,151936,1,192,0.13689297437667847,,,,
qwen_rlmath_full_n1,qwen,rlmath,151936,1,193,0.15527132153511047,,,,
qwen_rlmath_full_n1,qwen,rlmath,151936,1,194,0.14562590420246124,,,,
qwen_rlmath_full_n1,qwen,rlmath,151936,1,195,0.14083003997802734,,,,
qwen_rlmath_full_n1,qwen,rlmath,151936,1,196,0.15579575300216675,,,,
qwen_rlmath_full_n1,qwen,rlmath,151936,1,197,0.14067815244197845,,,,
qwen_rlmath_full_n1,qwen,rlmath,151936,1,198,0.149269238114357,,,,
qwen_rlmath_full_n1,qwen,rlmath,151936,1,199,0.14153605699539185,,,,
qwen_rlmath_full_n1,qwen,rlmath,151936,1,200,0.11814948171377182,46.363788487282456,37.5,32.916666666666664,68.67469879518072
qwen_rlmath_top16_n8,qwen,rlmath,16,8,0,,22.948460508701473,17.083333333333332,11.25,40.51204819277108
qwen_rlmath_top16_n8,qwen,rlmath,16,8,1,0.2462485283613205,,,,
qwen_rlmath_top16_n8,qwen,rlmath,16,8,2,0.2458437830209732,,,,
qwen_rlmath_top16_n8,qwen,rlmath,16,8,3,0.24920031428337097,,,,
qwen_rlmath_top16_n8,qwen,rlmath,16,8,4,0.24032720923423767,,,,
qwen_rlmath_top16_n8,qwen,rlmath,16,8,5,0.2463967502117157,,,,
qwen_rlmath_top16_n8,qwen,rlmath,16,8,6,0.2183486819267273,,,,
qwen_rlmath_top16_n8,qwen,rlmath,16,8,7,0.22943106293678284,,,,
qwen_rlmath_top16_n8,qwen,rlmath,16,8,8,0.229879692196846,,,,
qwen_rlmath_top16_n8,qwen,rlmath,16,8,9,0.19765079021453857,,,,
qwen_rlmath_top16_n8,qwen,rlmath,16,8,10,0.1770709753036499,24.481258366800535,18.333333333333332,10.833333333333334,44.27710843373494
qwen_rlmath_top16_n8,qwen,rlmath,16,8,11,0.18114019930362701,,,,
qwen_rlmath_top16_n8,qwen,rlmath,16,8,12,0.19303032755851746,,,,
qwen_rlmath_top16_n8,qwen,rlmath,16,8,13,0.1922605335712433,,,,
qwen_rlmath_top16_n8,qwen,rlmath,16,8,14,0.19363798201084137,,,,
qwen_rlmath_top16_n8,qwen,rlmath,16,8,15,0.1689751148223877,,,,
qwen_rlmath_top16_n8,qwen,rlmath,16,8,16,0.17325851321220398,,,,
qwen_rlmath_top16_n8,qwen,rlmath,16,8,17,0.1286926418542862,,,,
qwen_rlmath_top16_n8,qwen,rlmath,16,8,18,0.12922325730323792,,,,
qwen_rlmath_top16_n8,qwen,rlmath,16,8,19,0.12745781242847443,,,,
qwen_rlmath_top16_n8,qwen,rlmath,16,8,20,0.1293603479862213,40.58232931726908,36.666666666666664,23.333333333333332,61.74698795180723
qwen_rlmath_top16_n8,qwen,rlmath,16,8,21,0.13004407286643982,,,,
qwen_rlmath_top16_n8,qwen,rlmath,16,8,22,0.12512867152690887,,,,
qwen_rlmath_top16_n8,qwen,rlmath,16,8,23,0.13478994369506836,,,,
qwen_rlmath_top16_n8,qwen,rlmath,16,8,24,0.134688600897789,,,,
qwen_rlmath_top16_n8,qwen,rlmath,16,8,25,0.12684909999370575,,,,
qwen_rlmath_top16_n8,qwen,rlmath,16,8,26,0.13331396877765656,,,,
qwen_rlmath_top16_n8,qwen,rlmath,16,8,27,0.12751063704490662,,,,
qwen_rlmath_top16_n8,qwen,rlmath,16,8,28,0.12867023050785065,,,,
qwen_rlmath_top16_n8,qwen,rlmath,16,8,29,0.12493906915187836,,,,
qwen_rlmath_top16_n8,qwen,rlmath,16,8,30,0.13256944715976715,46.67670682730924,40.416666666666664,29.583333333333332,70.03012048192771
qwen_rlmath_top16_n8,qwen,rlmath,16,8,31,0.13059735298156738,,,,
qwen_rlmath_top16_n8,qwen,rlmath,16,8,32,0.13302282989025116,,,,
qwen_rlmath_top16_n8,qwen,rlmath,16,8,33,0.13226421177387238,,,,
qwen_rlmath_top16_n8,qwen,rlmath,16,8,34,0.13264887034893036,,,,
qwen_rlmath_top16_n8,qwen,rlmath,16,8,35,0.13080619275569916,,,,
qwen_rlmath_top16_n8,qwen,rlmath,16,8,36,0.13438130915164948,,,,
qwen_rlmath_top16_n8,qwen,rlmath,16,8,37,0.1326950192451477,,,,
qwen_rlmath_top16_n8,qwen,rlmath,16,8,38,0.1280771642923355,,,,
qwen_rlmath_top16_n8,qwen,rlmath,16,8,39,0.12303952872753143,,,,
qwen_rlmath_top16_n8,qwen,rlmath,16,8,40,0.13412751257419586,46.41064257028112,37.5,31.25,70.48192771084338
qwen_rlmath_top16_n8,qwen,rlmath,16,8,41,0.12210902571678162,,,,
qwen_rlmath_top16_n8,qwen,rlmath,16,8,42,0.12009502202272415,,,,
qwen_rlmath_top16_n8,qwen,rlmath,16,8,43,0.1233794093132019,,,,
qwen_rlmath_top16_n8,qwen,rlmath,16,8,44,0.11729037016630173,,,,
qwen_rlmath_top16_n8,qwen,rlmath,16,8,45,0.12249499559402466,,,,
qwen_rlmath_top16_n8,qwen,rlmath,16,8,46,0.11625878512859344,,,,
qwen_rlmath_top16_n8,qwen,rlmath,16,8,47,0.11824385821819305,,,,
qwen_rlmath_top16_n8,qwen,rlmath,16,8,48,0.1213405430316925,,,,
qwen_rlmath_top16_n8,qwen,rlmath,16,8,49,0.12116453051567078,,,,
qwen_rlmath_top16_n8,qwen,rlmath,16,8,50,0.11639910936355591,44.812583668005345,36.25,30.416666666666664,67.7710843373494
qwen_rlmath_top16_n8,qwen,rlmath,16,8,51,0.11643162369728088,,,,
qwen_rlmath_top16_n8,qwen,rlmath,16,8,52,0.1148405522108078,,,,
qwen_rlmath_top16_n8,qwen,rlmath,16,8,53,0.1150369644165039,,,,
qwen_rlmath_top16_n8,qwen,rlmath,16,8,54,0.1097644716501236,,,,
qwen_rlmath_top16_n8,qwen,rlmath,16,8,55,0.11838863790035248,,,,
qwen_rlmath_top16_n8,qwen,rlmath,16,8,56,0.11390689015388489,,,,
qwen_rlmath_top16_n8,qwen,rlmath,16,8,57,0.12310919910669327,,,,
qwen_rlmath_top16_n8,qwen,rlmath,16,8,58,0.12140008062124252,,,,
qwen_rlmath_top16_n8,qwen,rlmath,16,8,59,0.11562597006559372,,,,
qwen_rlmath_top16_n8,qwen,rlmath,16,8,60,0.11002147197723389,45.11044176706827,35.41666666666667,29.583333333333332,70.33132530120481
qwen_rlmath_top16_n8,qwen,rlmath,16,8,61,0.1182347759604454,,,,
qwen_rlmath_top16_n8,qwen,rlmath,16,8,62,0.11208734661340714,,,,
qwen_rlmath_top16_n8,qwen,rlmath,16,8,63,0.11574066430330276,,,,
qwen_rlmath_top16_n8,qwen,rlmath,16,8,64,0.11211906373500824,,,,
qwen_rlmath_top16_n8,qwen,rlmath,16,8,65,0.11505961418151855,,,,
qwen_rlmath_top16_n8,qwen,rlmath,16,8,66,0.11867471784353256,,,,
qwen_rlmath_top16_n8,qwen,rlmath,16,8,67,0.11000441014766693,,,,
qwen_rlmath_top16_n8,qwen,rlmath,16,8,68,0.11772750318050385,,,,
qwen_rlmath_top16_n8,qwen,rlmath,16,8,69,0.11469385772943497,,,,
qwen_rlmath_top16_n8,qwen,rlmath,16,8,70,0.10503619909286499,43.979250334672024,37.083333333333336,27.083333333333332,67.7710843373494
qwen_rlmath_top16_n8,qwen,rlmath,16,8,71,0.11778295785188675,,,,
qwen_rlmath_top16_n8,qwen,rlmath,16,8,72,0.11224658787250519,,,,
qwen_rlmath_top16_n8,qwen,rlmath,16,8,73,0.1161147728562355,,,,
qwen_rlmath_top16_n8,qwen,rlmath,16,8,74,0.1146116703748703,,,,
qwen_rlmath_top16_n8,qwen,rlmath,16,8,75,0.11954627931118011,,,,
qwen_rlmath_top16_n8,qwen,rlmath,16,8,76,0.11870604753494263,,,,
qwen_rlmath_top16_n8,qwen,rlmath,16,8,77,0.10843034833669662,,,,
qwen_rlmath_top16_n8,qwen,rlmath,16,8,78,0.12232977896928787,,,,
qwen_rlmath_top16_n8,qwen,rlmath,16,8,79,0.11492398381233215,,,,
qwen_rlmath_top16_n8,qwen,rlmath,16,8,80,0.11325382441282272,45.627510040160644,37.5,28.749999999999996,70.63253012048193
qwen_rlmath_top16_n8,qwen,rlmath,16,8,81,0.11475714296102524,,,,
qwen_rlmath_top16_n8,qwen,rlmath,16,8,82,0.12385183572769165,,,,
qwen_rlmath_top16_n8,qwen,rlmath,16,8,83,0.10803881287574768,,,,
qwen_rlmath_top16_n8,qwen,rlmath,16,8,84,0.1169169470667839,,,,
qwen_rlmath_top16_n8,qwen,rlmath,16,8,85,0.12265428155660629,,,,
qwen_rlmath_top16_n8,qwen,rlmath,16,8,86,0.12019757926464081,,,,
qwen_rlmath_top16_n8,qwen,rlmath,16,8,87,0.12259562313556671,,,,
qwen_rlmath_top16_n8,qwen,rlmath,16,8,88,0.114471435546875,,,,
qwen_rlmath_top16_n8,qwen,rlmath,16,8,89,0.10752171277999878,,,,
qwen_rlmath_top16_n8,qwen,rlmath,16,8,90,0.11031307280063629,44.46954484605087,35.833333333333336,28.749999999999996,68.82530120481928
qwen_rlmath_top16_n8,qwen,rlmath,16,8,91,0.1116507351398468,,,,
qwen_rlmath_top16_n8,qwen,rlmath,16,8,92,0.1076309084892273,,,,
qwen_rlmath_top16_n8,qwen,rlmath,16,8,93,0.1105797067284584,,,,
qwen_rlmath_top16_n8,qwen,rlmath,16,8,94,0.10889708995819092,,,,
qwen_rlmath_top16_n8,qwen,rlmath,16,8,95,0.10730325430631638,,,,
qwen_rlmath_top16_n8,qwen,rlmath,16,8,96,0.10387546569108963,,,,
qwen_rlmath_top16_n8,qwen,rlmath,16,8,97,0.10869283229112625,,,,
qwen_rlmath_top16_n8,qwen,rlmath,16,8,98,0.11231554299592972,,,,
qwen_rlmath_top16_n8,qwen,rlmath,16,8,99,0.10691920667886734,,,,
qwen_rlmath_top16_n8,qwen,rlmath,16,8,100,0.11231353878974915,44.4277108433735,34.583333333333336,27.916666666666668,70.78313253012048
qwen_rlmath_top16_n8,qwen,rlmath,16,8,101,0.10104938596487045,,,,
qwen_rlmath_top16_n8,qwen,rlmath,16,8,102,0.1071961522102356,,,,
qwen_rlmath_top16_n8,qwen,rlmath,16,8,103,0.10283413529396057,,,,
qwen_rlmath_top16_n8,qwen,rlmath,16,8,104,0.10286067426204681,,,,
qwen_rlmath_top16_n8,qwen,rlmath,16,8,105,0.10525161772966385,,,,
qwen_rlmath_top16_n8,qwen,rlmath,16,8,106,0.10386618971824646,,,,
qwen_rlmath_top16_n8,qwen,rlmath,16,8,107,0.09898067265748978,,,,
qwen_rlmath_top16_n8,qwen,rlmath,16,8,108,0.09902196377515793,,,,
qwen_rlmath_top16_n8,qwen,rlmath,16,8,109,0.09704158455133438,,,,
qwen_rlmath_top16_n8,qwen,rlmath,16,8,110,0.10560627281665802,44.36914323962517,35.0,29.583333333333332,68.52409638554217
qwen_rlmath_top16_n8,qwen,rlmath,16,8,111,0.09697622805833817,,,,
qwen_rlmath_top16_n8,qwen,rlmath,16,8,112,0.11093459278345108,,,,
qwen_rlmath_top16_n8,qwen,rlmath,16,8,113,0.12039293348789215,,,,
qwen_rlmath_top16_n8,qwen,rlmath,16,8,114,0.12094500660896301,,,,
qwen_rlmath_top16_n8,qwen,rlmath,16,8,115,0.11646374315023422,,,,
qwen_rlmath_top16_n8,qwen,rlmath,16,8,116,0.11972121894359589,,,,
qwen_rlmath_top16_n8,qwen,rlmath,16,8,117,0.12277569621801376,,,,
qwen_rlmath_top16_n8,qwen,rlmath,16,8,118,0.11975989490747452,,,,
qwen_rlmath_top16_n8,qwen,rlmath,16,8,119,0.10894221812486649,,,,
qwen_rlmath_top16_n8,qwen,rlmath,16,8,120,0.110479436814785,43.89056224899599,34.166666666666664,29.583333333333332,67.92168674698796
qwen_rlmath_top16_n8,qwen,rlmath,16,8,121,0.11700092256069183,,,,
qwen_rlmath_top16_n8,qwen,rlmath,16,8,122,0.11498355120420456,,,,
qwen_rlmath_top16_n8,qwen,rlmath,16,8,123,0.12631836533546448,,,,
qwen_rlmath_top16_n8,qwen,rlmath,16,8,124,0.12141510844230652,,,,
qwen_rlmath_top16_n8,qwen,rlmath,16,8,125,0.10925130546092987,,,,
qwen_rlmath_top16_n8,qwen,rlmath,16,8,126,0.11316928267478943,,,,
qwen_rlmath_top16_n8,qwen,rlmath,16,8,127,0.12010078132152557,,,,
qwen_rlmath_top16_n8,qwen,rlmath,16,8,128,0.11666848510503769,,,,
qwen_rlmath_top16_n8,qwen,rlmath,16,8,129,0.11107788980007172,,,,
qwen_rlmath_top16_n8,qwen,rlmath,16,8,130,0.11670256406068802,45.896921017402946,38.333333333333336,30.833333333333336,68.52409638554217
qwen_rlmath_top16_n8,qwen,rlmath,16,8,131,0.1143750250339508,,,,
qwen_rlmath_top16_n8,qwen,rlmath,16,8,132,0.10843583941459656,,,,
qwen_rlmath_top16_n8,qwen,rlmath,16,8,133,0.10500110685825348,,,,
qwen_rlmath_top16_n8,qwen,rlmath,16,8,134,0.11110513657331467,,,,
qwen_rlmath_top16_n8,qwen,rlmath,16,8,135,0.11504904180765152,,,,
qwen_rlmath_top16_n8,qwen,rlmath,16,8,136,0.10997723788022995,,,,
qwen_rlmath_top16_n8,qwen,rlmath,16,8,137,0.10455679148435593,,,,
qwen_rlmath_top16_n8,qwen,rlmath,16,8,138,0.10957152396440506,,,,
qwen_rlmath_top16_n8,qwen,rlmath,16,8,139,0.10782884061336517,,,,
qwen_rlmath_top16_n8,qwen,rlmath,16,8,140,0.10604219883680344,45.14390896921017,37.916666666666664,31.25,66.26506024096386
qwen_rlmath_top16_n8,qwen,rlmath,16,8,141,0.11158539354801178,,,,
qwen_rlmath_top16_n8,qwen,rlmath,16,8,142,0.11745302379131317,,,,
qwen_rlmath_top16_n8,qwen,rlmath,16,8,143,0.11088786274194717,,,,
qwen_rlmath_top16_n8,qwen,rlmath,16,8,144,0.10913044959306717,,,,
qwen_rlmath_top16_n8,qwen,rlmath,16,8,145,0.1150130182504654,,,,
qwen_rlmath_top16_n8,qwen,rlmath,16,8,146,0.10970751941204071,,,,
qwen_rlmath_top16_n8,qwen,rlmath,16,8,147,0.1107243075966835,,,,
qwen_rlmath_top16_n8,qwen,rlmath,16,8,148,0.11054857075214386,,,,
qwen_rlmath_top16_n8,qwen,rlmath,16,8,149,0.11116853356361389,,,,
qwen_rlmath_top16_n8,qwen,rlmath,16,8,150,0.1195230782032013,43.50066934404284,35.833333333333336,27.500000000000004,67.16867469879519
qwen_rlmath_top16_n8,qwen,rlmath,16,8,151,0.10618223994970322,,,,
qwen_rlmath_top16_n8,qwen,rlmath,16,8,152,0.10675454884767532,,,,
qwen_rlmath_top16_n8,qwen,rlmath,16,8,153,0.11039362847805023,,,,
qwen_rlmath_top16_n8,qwen,rlmath,16,8,154,0.1198161393404007,,,,
qwen_rlmath_top16_n8,qwen,rlmath,16,8,155,0.11060988903045654,,,,
qwen_rlmath_top16_n8,qwen,rlmath,16,8,156,0.10860719531774521,,,,
qwen_rlmath_top16_n8,qwen,rlmath,16,8,157,0.11310606449842453,,,,
qwen_rlmath_top16_n8,qwen,rlmath,16,8,158,0.11302050203084946,,,,
qwen_rlmath_top16_n8,qwen,rlmath,16,8,159,0.10882460325956345,,,,
qwen_rlmath_top16_n8,qwen,rlmath,16,8,160,0.10910097509622574,44.523092369477915,37.916666666666664,28.333333333333332,67.31927710843374
qwen_rlmath_top16_n8,qwen,rlmath,16,8,161,0.1119605302810669,,,,
qwen_rlmath_top16_n8,qwen,rlmath,16,8,162,0.10971754789352417,,,,
qwen_rlmath_top16_n8,qwen,rlmath,16,8,163,0.10885581374168396,,,,
qwen_rlmath_top16_n8,qwen,rlmath,16,8,164,0.11275132745504379,,,,
qwen_rlmath_top16_n8,qwen,rlmath,16,8,165,0.10715960711240768,,,,
qwen_rlmath_top16_n8,qwen,rlmath,16,8,166,0.11043593287467957,,,,
qwen_rlmath_top16_n8,qwen,rlmath,16,8,167,0.11397560685873032,,,,
qwen_rlmath_top16_n8,qwen,rlmath,16,8,168,0.10821247100830078,,,,
qwen_rlmath_top16_n8,qwen,rlmath,16,8,169,0.10814666748046875,,,,
qwen_rlmath_top16_n8,qwen,rlmath,16,8,170,0.1143098697066307,44.924698795180724,36.25,30.0,68.52409638554217
qwen_rlmath_top16_n8,qwen,rlmath,16,8,171,0.10915180295705795,,,,
qwen_rlmath_top16_n8,qwen,rlmath,16,8,172,0.11190524697303772,,,,
qwen_rlmath_top16_n8,qwen,rlmath,16,8,173,0.11200780421495438,,,,
qwen_rlmath_top16_n8,qwen,rlmath,16,8,174,0.11400650441646576,,,,
qwen_rlmath_top16_n8,qwen,rlmath,16,8,175,0.11252345889806747,,,,
qwen_rlmath_top16_n8,qwen,rlmath,16,8,176,0.1124446839094162,,,,
qwen_rlmath_top16_n8,qwen,rlmath,16,8,177,0.1359732300043106,,,,
qwen_rlmath_top16_n8,qwen,rlmath,16,8,178,0.1455232948064804,,,,
qwen_rlmath_top16_n8,qwen,rlmath,16,8,179,0.12998659908771515,,,,
qwen_rlmath_top16_n8,qwen,rlmath,16,8,180,0.12029248476028442,44.54317269076305,33.75,30.0,69.87951807228916
qwen_rlmath_top16_n8,qwen,rlmath,16,8,181,0.13017241656780243,,,,
qwen_rlmath_top16_n8,qwen,rlmath,16,8,182,0.14275498688220978,,,,
qwen_rlmath_top16_n8,qwen,rlmath,16,8,183,0.14237229526042938,,,,
qwen_rlmath_top16_n8,qwen,rlmath,16,8,184,0.14322958886623383,,,,
qwen_rlmath_top16_n8,qwen,rlmath,16,8,185,0.13383296132087708,,,,
qwen_rlmath_top16_n8,qwen,rlmath,16,8,186,0.13073764741420746,,,,
qwen_rlmath_top16_n8,qwen,rlmath,16,8,187,0.12784603238105774,,,,
qwen_rlmath_top16_n8,qwen,rlmath,16,8,188,0.13012053072452545,,,,
qwen_rlmath_top16_n8,qwen,rlmath,16,8,189,0.1298220306634903,,,,
qwen_rlmath_top16_n8,qwen,rlmath,16,8,190,0.13629470765590668,45.441767068273094,37.083333333333336,30.416666666666664,68.82530120481928
qwen_rlmath_top16_n8,qwen,rlmath,16,8,191,0.1307782530784607,,,,
qwen_rlmath_top16_n8,qwen,rlmath,16,8,192,0.13463297486305237,,,,
qwen_rlmath_top16_n8,qwen,rlmath,16,8,193,0.15252327919006348,,,,
qwen_rlmath_top16_n8,qwen,rlmath,16,8,194,0.14450006186962128,,,,
qwen_rlmath_top16_n8,qwen,rlmath,16,8,195,0.13934369385242462,,,,
qwen_rlmath_top16_n8,qwen,rlmath,16,8,196,0.1572391390800476,,,,
qwen_rlmath_top16_n8,qwen,rlmath,16,8,197,0.13899178802967072,,,,
qwen_rlmath_top16_n8,qwen,rlmath,16,8,198,0.1474846452474594,,,,
qwen_rlmath_top16_n8,qwen,rlmath,16,8,199,0.14017514884471893,,,,
qwen_rlmath_top16_n8,qwen,rlmath,16,8,200,0.1199473962187767,45.20582329317269,38.75,30.0,66.86746987951807
qwen_4b_top16_n1,qwen,qwen4b,16,1,0,,20.664323962516736,12.916666666666668,9.166666666666666,39.90963855421687
qwen_4b_top16_n1,qwen,qwen4b,16,1,1,0.09871328622102737,,,,
qwen_4b_top16_n1,qwen,qwen4b,16,1,2,0.09216002374887466,,,,
qwen_4b_top16_n1,qwen,qwen4b,16,1,3,0.10120895504951477,,,,
qwen_4b_top16_n1,qwen,qwen4b,16,1,4,0.09758263826370239,,,,
qwen_4b_top16_n1,qwen,qwen4b,16,1,5,0.10411529242992401,,,,
qwen_4b_top16_n1,qwen,qwen4b,16,1,6,0.09380006790161133,,,,
qwen_4b_top16_n1,qwen,qwen4b,16,1,7,0.0983991026878357,,,,
qwen_4b_top16_n1,qwen,qwen4b,16,1,8,0.09380928426980972,,,,
qwen_4b_top16_n1,qwen,qwen4b,16,1,9,0.09089767932891846,,,,
qwen_4b_top16_n1,qwen,qwen4b,16,1,10,0.07646647095680237,23.62449799196787,15.0,12.5,43.373493975903614
qwen_4b_top16_n1,qwen,qwen4b,16,1,11,0.08543650060892105,,,,
qwen_4b_top16_n1,qwen,qwen4b,16,1,12,0.09854685515165329,,,,
qwen_4b_top16_n1,qwen,qwen4b,16,1,13,0.09154711663722992,,,,
qwen_4b_top16_n1,qwen,qwen4b,16,1,14,0.09832838177680969,,,,
qwen_4b_top16_n1,qwen,qwen4b,16,1,15,0.08076507598161697,,,,
qwen_4b_top16_n1,qwen,qwen4b,16,1,16,0.08994962275028229,,,,
qwen_4b_top16_n1,qwen,qwen4b,16,1,17,0.0826927125453949,,,,
qwen_4b_top16_n1,qwen,qwen4b,16,1,18,0.09204915910959244,,,,
qwen_4b_top16_n1,qwen,qwen4b,16,1,19,0.0827537551522255,,,,
qwen_4b_top16_n1,qwen,qwen4b,16,1,20,0.08829629421234131,24.06459170013387,14.166666666666666,13.750000000000002,44.27710843373494
qwen_4b_top16_n1,qwen,qwen4b,16,1,21,0.08811870217323303,,,,
qwen_4b_top16_n1,qwen,qwen4b,16,1,22,0.08352197706699371,,,,
qwen_4b_top16_n1,qwen,qwen4b,16,1,23,0.09832767397165298,,,,
qwen_4b_top16_n1,qwen,qwen4b,16,1,24,0.0861198902130127,,,,
qwen_4b_top16_n1,qwen,qwen4b,16,1,25,0.09106319397687912,,,,
qwen_4b_top16_n1,qwen,qwen4b,16,1,26,0.09687699377536774,,,,
qwen_4b_top16_n1,qwen,qwen4b,16,1,27,0.08807611465454102,,,,
qwen_4b_top16_n1,qwen,qwen4b,16,1,28,0.08513785898685455,,,,
qwen_4b_top16_n1,qwen,qwen4b,16,1,29,0.0871887058019638,,,,
qwen_4b_top16_n1,qwen,qwen4b,16,1,30,0.09008120745420456,23.651271753681396,16.666666666666664,11.666666666666666,42.62048192771085
qwen_4b_top16_n1,qwen,qwen4b,16,1,31,0.0933740884065628,,,,
qwen_4b_top16_n1,qwen,qwen4b,16,1,32,0.08889604359865189,,,,
qwen_4b_top16_n1,qwen,qwen4b,16,1,33,0.08645962923765182,,,,
qwen_4b_top16_n1,qwen,qwen4b,16,1,34,0.09338288754224777,,,,
qwen_4b_top16_n1,qwen,qwen4b,16,1,35,0.08206111192703247,,,,
qwen_4b_top16_n1,qwen,qwen4b,16,1,36,0.08927197754383087,,,,
qwen_4b_top16_n1,qwen,qwen4b,16,1,37,0.0942002385854721,,,,
qwen_4b_top16_n1,qwen,qwen4b,16,1,38,0.0803261399269104,,,,
qwen_4b_top16_n1,qwen,qwen4b,16,1,39,0.07698391377925873,,,,
qwen_4b_top16_n1,qwen,qwen4b,16,1,40,0.09526430815458298,23.63955823293173,16.666666666666664,12.083333333333334,42.168674698795186
qwen_4b_top16_n1,qwen,qwen4b,16,1,41,0.08979237079620361,,,,
qwen_4b_top16_n1,qwen,qwen4b,16,1,42,0.08328171819448471,,,,
qwen_4b_top16_n1,qwen,qwen4b,16,1,43,0.0881216749548912,,,,
qwen_4b_top16_n1,qwen,qwen4b,16,1,44,0.08294103294610977,,,,
qwen_4b_top16_n1,qwen,qwen4b,16,1,45,0.08770082890987396,,,,
qwen_4b_top16_n1,qwen,qwen4b,16,1,46,0.08263739198446274,,,,
qwen_4b_top16_n1,qwen,qwen4b,16,1,47,0.08828718215227127,,,,
qwen_4b_top16_n1,qwen,qwen4b,16,1,48,0.08403917402029037,,,,
qwen_4b_top16_n1,qwen,qwen4b,16,1,49,0.08096200227737427,,,,
qwen_4b_top16_n1,qwen,qwen4b,16,1,50,0.08542102575302124,21.432396251673357,14.166666666666666,9.166666666666666,40.963855421686745
qwen_4b_top16_n1,qwen,qwen4b,16,1,51,0.08699046820402145,,,,
qwen_4b_top16_n1,qwen,qwen4b,16,1,52,0.08575508743524551,,,,
qwen_4b_top16_n1,qwen,qwen4b,16,1,53,0.08285614103078842,,,,
qwen_4b_top16_n1,qwen,qwen4b,16,1,54,0.07570593804121017,,,,
qwen_4b_top16_n1,qwen,qwen4b,16,1,55,0.08502482622861862,,,,
qwen_4b_top16_n1,qwen,qwen4b,16,1,56,0.08515475690364838,,,,
qwen_4b_top16_n1,qwen,qwen4b,16,1,57,0.09752151370048523,,,,
qwen_4b_top16_n1,qwen,qwen4b,16,1,58,0.08923924714326859,,,,
qwen_4b_top16_n1,qwen,qwen4b,16,1,59,0.08424701541662216,,,,
qwen_4b_top16_n1,qwen,qwen4b,16,1,60,0.0765732079744339,22.54852744310576,14.166666666666666,8.75,44.72891566265061
qwen_4b_top16_n1,qwen,qwen4b,16,1,61,0.08587286621332169,,,,
qwen_4b_top16_n1,qwen,qwen4b,16,1,62,0.07884784787893295,,,,
qwen_4b_top16_n1,qwen,qwen4b,16,1,63,0.07816249132156372,,,,
qwen_4b_top16_n1,qwen,qwen4b,16,1,64,0.08598940819501877,,,,
qwen_4b_top16_n1,qwen,qwen4b,16,1,65,0.07840116322040558,,,,
qwen_4b_top16_n1,qwen,qwen4b,16,1,66,0.08218976855278015,,,,
qwen_4b_top16_n1,qwen,qwen4b,16,1,67,0.07927292585372925,,,,
qwen_4b_top16_n1,qwen,qwen4b,16,1,68,0.08930667489767075,,,,
qwen_4b_top16_n1,qwen,qwen4b,16,1,69,0.07500224560499191,,,,
qwen_4b_top16_n1,qwen,qwen4b,16,1,70,0.08418425172567368,20.77978580990629,15.0,8.333333333333332,39.006024096385545
qwen_4b_top16_n1,qwen,qwen4b,16,1,71,0.08203466981649399,,,,
qwen_4b_top16_n1,qwen,qwen4b,16,1,72,0.08092222362756729,,,,
qwen_4b_top16_n1,qwen,qwen4b,16,1,73,0.08279761672019958,,,,
qwen_4b_top16_n1,qwen,qwen4b,16,1,74,0.0808253064751625,,,,
qwen_4b_top16_n1,qwen,qwen4b,16,1,75,0.08083033561706543,,,,
qwen_4b_top16_n1,qwen,qwen4b,16,1,76,0.08675192296504974,,,,
qwen_4b_top16_n1,qwen,qwen4b,16,1,77,0.08091306686401367,,,,
qwen_4b_top16_n1,qwen,qwen4b,16,1,78,0.08842235803604126,,,,
qwen_4b_top16_n1,qwen,qwen4b,16,1,79,0.0880289226770401,,,,
qwen_4b_top16_n1,qwen,qwen4b,16,1,80,0.07805512845516205,22.59036144578313,15.416666666666668,9.583333333333334,42.77108433734939
qwen_4b_top16_n1,qwen,qwen4b,16,1,81,0.0817316547036171,,,,
qwen_4b_top16_n1,qwen,qwen4b,16,1,82,0.09406169503927231,,,,
qwen_4b_top16_n1,qwen,qwen4b,16,1,83,0.0787750780582428,,,,
qwen_4b_top16_n1,qwen,qwen4b,16,1,84,0.09122081100940704,,,,
qwen_4b_top16_n1,qwen,qwen4b,16,1,85,0.09781670570373535,,,,
qwen_4b_top16_n1,qwen,qwen4b,16,1,86,0.08242568373680115,,,,
qwen_4b_top16_n1,qwen,qwen4b,16,1,87,0.09846670925617218,,,,
qwen_4b_top16_n1,qwen,qwen4b,16,1,88,0.07991022616624832,,,,
qwen_4b_top16_n1,qwen,qwen4b,16,1,89,0.08022560924291611,,,,
qwen_4b_top16_n1,qwen,qwen4b,16,1,90,0.0811755582690239,24.46619812583668,15.833333333333332,12.083333333333334,45.48192771084337
qwen_4b_top16_n1,qwen,qwen4b,16,1,91,0.08153343945741653,,,,
qwen_4b_top16_n1,qwen,qwen4b,16,1,92,0.07769667357206345,,,,
qwen_4b_top16_n1,qwen,qwen4b,16,1,93,0.08334001153707504,,,,
qwen_4b_top16_n1,qwen,qwen4b,16,1,94,0.080096535384655,,,,
qwen_4b_top16_n1,qwen,qwen4b,16,1,95,0.07377422600984573,,,,
qwen_4b_top16_n1,qwen,qwen4b,16,1,96,0.07032554596662521,,,,
qwen_4b_top16_n1,qwen,qwen4b,16,1,97,0.072593092918396,,,,
qwen_4b_top16_n1,qwen,qwen4b,16,1,98,0.07906278222799301,,,,
qwen_4b_top16_n1,qwen,qwen4b,16,1,99,0.0764278769493103,,,,
qwen_4b_top16_n1,qwen,qwen4b,16,1,100,0.07909318804740906,22.93005354752343,13.750000000000002,11.666666666666666,43.373493975903614
qwen_4b_top16_n1,qwen,qwen4b,16,1,101,0.07118985056877136,,,,
qwen_4b_top16_n1,qwen,qwen4b,16,1,102,0.07925141602754593,,,,
qwen_4b_top16_n1,qwen,qwen4b,16,1,103,0.07939960807561874,,,,
qwen_4b_top16_n1,qwen,qwen4b,16,1,104,0.07573974132537842,,,,
qwen_4b_top16_n1,qwen,qwen4b,16,1,105,0.07498045265674591,,,,
qwen_4b_top16_n1,qwen,qwen4b,16,1,106,0.07537247985601425,,,,
qwen_4b_top16_n1,qwen,qwen4b,16,1,107,0.07227537781000137,,,,
qwen_4b_top16_n1,qwen,qwen4b,16,1,108,0.06878259032964706,,,,
qwen_4b_top16_n1,qwen,qwen4b,16,1,109,0.06874332576990128,,,,
qwen_4b_top16_n1,qwen,qwen4b,16,1,110,0.07363435626029968,23.497322623828648,14.583333333333334,12.083333333333334,43.825301204819276
qwen_4b_top16_n1,qwen,qwen4b,16,1,111,0.07167340815067291,,,,
qwen_4b_top16_n1,qwen,qwen4b,16,1,112,0.08247872442007065,,,,
qwen_4b_top16_n1,qwen,qwen4b,16,1,113,0.08311119675636292,,,,
qwen_4b_top16_n1,qwen,qwen4b,16,1,114,0.10247025638818741,,,,
qwen_4b_top16_n1,qwen,qwen4b,16,1,115,0.08713911473751068,,,,
qwen_4b_top16_n1,qwen,qwen4b,16,1,116,0.08585736900568008,,,,
qwen_4b_top16_n1,qwen,qwen4b,16,1,117,0.08932140469551086,,,,
qwen_4b_top16_n1,qwen,qwen4b,16,1,118,0.08980926871299744,,,,
qwen_4b_top16_n1,qwen,qwen4b,16,1,119,0.07733429968357086,,,,
qwen_4b_top16_n1,qwen,qwen4b,16,1,120,0.08222469687461853,23.11914323962517,15.416666666666668,10.416666666666668,43.52409638554217
qwen_4b_top16_n1,qwen,qwen4b,16,1,121,0.08814457058906555,,,,
qwen_4b_top16_n1,qwen,qwen4b,16,1,122,0.08809038251638412,,,,
qwen_4b_top16_n1,qwen,qwen4b,16,1,123,0.09254885464906693,,,,
qwen_4b_top16_n1,qwen,qwen4b,16,1,124,0.08587164431810379,,,,
qwen_4b_top16_n1,qwen,qwen4b,16,1,125,0.07960813492536545,,,,
qwen_4b_top16_n1,qwen,qwen4b,16,1,126,0.0877266451716423,,,,
qwen_4b_top16_n1,qwen,qwen4b,16,1,127,0.09994573146104813,,,,
qwen_4b_top16_n1,qwen,qwen4b,16,1,128,0.08350150287151337,,,,
qwen_4b_top16_n1,qwen,qwen4b,16,1,129,0.0834178701043129,,,,
qwen_4b_top16_n1,qwen,qwen4b,16,1,130,0.07717008143663406,21.86077643908969,13.333333333333334,10.833333333333334,41.41566265060241
qwen_4b_top16_n1,qwen,qwen4b,16,1,131,0.08298632502555847,,,,
qwen_4b_top16_n1,qwen,qwen4b,16,1,132,0.0745154470205307,,,,
qwen_4b_top16_n1,qwen,qwen4b,16,1,133,0.07173826545476913,,,,
qwen_4b_top16_n1,qwen,qwen4b,16,1,134,0.0763564333319664,,,,
qwen_4b_top16_n1,qwen,qwen4b,16,1,135,0.0841892883181572,,,,
qwen_4b_top16_n1,qwen,qwen4b,16,1,136,0.07869255542755127,,,,
qwen_4b_top16_n1,qwen,qwen4b,16,1,137,0.07409331202507019,,,,
qwen_4b_top16_n1,qwen,qwen4b,16,1,138,0.07989829033613205,,,,
qwen_4b_top16_n1,qwen,qwen4b,16,1,139,0.07233118265867233,,,,
qwen_4b_top16_n1,qwen,qwen4b,16,1,140,0.07759342342615128,24.014390896921018,14.583333333333334,13.333333333333334,44.126506024096386
qwen_4b_top16_n1,qwen,qwen4b,16,1,141,0.07981307804584503,,,,
qwen_4b_top16_n1,qwen,qwen4b,16,1,142,0.08227100968360901,,,,
qwen_4b_top16_n1,qwen,qwen4b,16,1,143,0.08370059728622437,,,,
qwen_4b_top16_n1,qwen,qwen4b,16,1,144,0.08600558340549469,,,,
qwen_4b_top16_n1,qwen,qwen4b,16,1,145,0.08190761506557465,,,,
qwen_4b_top16_n1,qwen,qwen4b,16,1,146,0.07958956807851791,,,,
qwen_4b_top16_n1,qwen,qwen4b,16,1,147,0.07872044295072556,,,,
qwen_4b_top16_n1,qwen,qwen4b,16,1,148,0.08275432139635086,,,,
qwen_4b_top16_n1,qwen,qwen4b,16,1,149,0.07631241530179977,,,,
qwen_4b_top16_n1,qwen,qwen4b,16,1,150,0.09334161877632141,25.592369477911646,19.166666666666668,13.333333333333334,44.27710843373494
qwen_4b_top16_n1,qwen,qwen4b,16,1,151,0.07836490869522095,,,,
qwen_4b_top16_n1,qwen,qwen4b,16,1,152,0.07656682282686234,,,,
qwen_4b_top16_n1,qwen,qwen4b,16,1,153,0.08543896675109863,,,,
qwen_4b_top16_n1,qwen,qwen4b,16,1,154,0.09091395884752274,,,,
qwen_4b_top16_n1,qwen,qwen4b,16,1,155,0.0811036229133606,,,,
qwen_4b_top16_n1,qwen,qwen4b,16,1,156,0.08397882431745529,,,,
qwen_4b_top16_n1,qwen,qwen4b,16,1,157,0.08531534671783447,,,,
qwen_4b_top16_n1,qwen,qwen4b,16,1,158,0.08220743387937546,,,,
qwen_4b_top16_n1,qwen,qwen4b,16,1,159,0.07731129229068756,,,,
qwen_4b_top16_n1,qwen,qwen4b,16,1,160,0.07966490089893341,23.11077643908969,15.833333333333332,12.083333333333334,41.41566265060241
qwen_4b_top16_n1,qwen,qwen4b,16,1,161,0.0843738466501236,,,,
qwen_4b_top16_n1,qwen,qwen4b,16,1,162,0.0800333321094513,,,,
qwen_4b_top16_n1,qwen,qwen4b,16,1,163,0.07250414788722992,,,,
qwen_4b_top16_n1,qwen,qwen4b,16,1,164,0.09002549201250076,,,,
qwen_4b_top16_n1,qwen,qwen4b,16,1,165,0.07332505285739899,,,,
qwen_4b_top16_n1,qwen,qwen4b,16,1,166,0.0877896398305893,,,,
qwen_4b_top16_n1,qwen,qwen4b,16,1,167,0.0872621089220047,,,,
qwen_4b_top16_n1,qwen,qwen4b,16,1,168,0.07408856600522995,,,,
qwen_4b_top16_n1,qwen,qwen4b,16,1,169,0.07133916020393372,,,,
qwen_4b_top16_n1,qwen,qwen4b,16,1,170,0.07917943596839905,24.380856760374837,15.416666666666668,13.750000000000002,43.97590361445783
qwen_4b_top16_n1,qwen,qwen4b,16,1,171,0.07174821197986603,,,,
qwen_4b_top16_n1,qwen,qwen4b,16,1,172,0.08512362092733383,,,,
qwen_4b_top16_n1,qwen,qwen4b,16,1,173,0.08383665233850479,,,,
qwen_4b_top16_n1,qwen,qwen4b,16,1,174,0.08848036825656891,,,,
qwen_4b_top16_n1,qwen,qwen4b,16,1,175,0.08341600745916367,,,,
qwen_4b_top16_n1,qwen,qwen4b,16,1,176,0.0762428566813469,,,,
qwen_4b_top16_n1,qwen,qwen4b,16,1,177,0.10301349312067032,,,,
qwen_4b_top16_n1,qwen,qwen4b,16,1,178,0.11767812073230743,,,,
qwen_4b_top16_n1,qwen,qwen4b,16,1,179,0.1073671355843544,,,,
qwen_4b_top16_n1,qwen,qwen4b,16,1,180,0.08952150493860245,23.863788487282463,17.5,10.416666666666668,43.674698795180724
qwen_4b_top16_n1,qwen,qwen4b,16,1,181,0.09760107100009918,,,,
qwen_4b_top16_n1,qwen,qwen4b,16,1,182,0.11335529386997223,,,,
qwen_4b_top16_n1,qwen,qwen4b,16,1,183,0.10782670974731445,,,,
qwen_4b_top16_n1,qwen,qwen4b,16,1,184,0.11124295741319656,,,,
qwen_4b_top16_n1,qwen,qwen4b,16,1,185,0.09663407504558563,,,,
qwen_4b_top16_n1,qwen,qwen4b,16,1,186,0.09130246192216873,,,,
qwen_4b_top16_n1,qwen,qwen4b,16,1,187,0.08646753430366516,,,,
qwen_4b_top16_n1,qwen,qwen4b,16,1,188,0.10218602418899536,,,,
qwen_4b_top16_n1,qwen,qwen4b,16,1,189,0.10201521962881088,,,,
qwen_4b_top16_n1,qwen,qwen4b,16,1,190,0.10534511506557465,21.54451137884873,12.083333333333334,10.833333333333334,41.71686746987952
qwen_4b_top16_n1,qwen,qwen4b,16,1,191,0.1039866954088211,,,,
qwen_4b_top16_n1,qwen,qwen4b,16,1,192,0.10250966250896454,,,,
qwen_4b_top16_n1,qwen,qwen4b,16,1,193,0.12088759988546371,,,,
qwen_4b_top16_n1,qwen,qwen4b,16,1,194,0.11818397790193558,,,,
qwen_4b_top16_n1,qwen,qwen4b,16,1,195,0.11560160666704178,,,,
qwen_4b_top16_n1,qwen,qwen4b,16,1,196,0.12579725682735443,,,,
qwen_4b_top16_n1,qwen,qwen4b,16,1,197,0.11596743017435074,,,,
qwen_4b_top16_n1,qwen,qwen4b,16,1,198,0.11263511329889297,,,,
qwen_4b_top16_n1,qwen,qwen4b,16,1,199,0.10636827349662781,,,,
qwen_4b_top16_n1,qwen,qwen4b,16,1,200,0.0925554409623146,22.737617135207497,12.916666666666668,10.416666666666668,44.87951807228915
qwen_4b_full_n1,qwen,qwen4b,151936,1,0,,21.65997322623829,13.750000000000002,10.416666666666668,40.81325301204819
qwen_4b_full_n1,qwen,qwen4b,151936,1,1,0.10525112599134445,,,,
qwen_4b_full_n1,qwen,qwen4b,151936,1,2,0.09849365055561066,,,,
qwen_4b_full_n1,qwen,qwen4b,151936,1,3,0.10222306847572327,,,,
qwen_4b_full_n1,qwen,qwen4b,151936,1,4,0.08533169329166412,,,,
qwen_4b_full_n1,qwen,qwen4b,151936,1,5,0.09803260117769241,,,,
qwen_4b_full_n1,qwen,qwen4b,151936,1,6,0.08851023018360138,,,,
qwen_4b_full_n1,qwen,qwen4b,151936,1,7,0.0909157395362854,,,,
qwen_4b_full_n1,qwen,qwen4b,151936,1,8,0.09183759987354279,,,,
qwen_4b_full_n1,qwen,qwen4b,151936,1,9,0.08864592760801315,,,,
qwen_4b_full_n1,qwen,qwen4b,151936,1,10,0.08111317455768585,24.191767068273094,16.666666666666664,12.083333333333334,43.825301204819276
qwen_4b_full_n1,qwen,qwen4b,151936,1,11,0.08047172427177429,,,,
qwen_4b_full_n1,qwen,qwen4b,151936,1,12,0.09412045776844025,,,,
qwen_4b_full_n1,qwen,qwen4b,151936,1,13,0.09274832904338837,,,,
qwen_4b_full_n1,qwen,qwen4b,151936,1,14,0.09386985749006271,,,,
qwen_4b_full_n1,qwen,qwen4b,151936,1,15,0.09015148133039474,,,,
qwen_4b_full_n1,qwen,qwen4b,151936,1,16,0.09632495045661926,,,,
qwen_4b_full_n1,qwen,qwen4b,151936,1,17,0.0861070454120636,,,,
qwen_4b_full_n1,qwen,qwen4b,151936,1,18,0.09204526245594025,,,,
qwen_4b_full_n1,qwen,qwen4b,151936,1,19,0.08545054495334625,,,,
qwen_4b_full_n1,qwen,qwen4b,151936,1,20,0.0898556038737297,24.46619812583668,14.583333333333334,13.333333333333334,45.48192771084337
qwen_4b_full_n1,qwen,qwen4b,151936,1,21,0.08653158694505692,,,,
qwen_4b_full_n1,qwen,qwen4b,151936,1,22,0.08474113047122955,,,,
qwen_4b_full_n1,qwen,qwen4b,151936,1,23,0.09675973653793335,,,,
qwen_4b_full_n1,qwen,qwen4b,151936,1,24,0.09486233443021774,,,,
qwen_4b_full_n1,qwen,qwen4b,151936,1,25,0.0867629200220108,,,,
qwen_4b_full_n1,qwen,qwen4b,151936,1,26,0.08934422582387924,,,,
qwen_4b_full_n1,qwen,qwen4b,151936,1,27,0.09163060784339905,,,,
qwen_4b_full_n1,qwen,qwen4b,151936,1,28,0.084769606590271,,,,
qwen_4b_full_n1,qwen,qwen4b,151936,1,29,0.08674284815788269,,,,
qwen_4b_full_n1,qwen,qwen4b,151936,1,30,0.09515129774808884,22.45481927710843,15.833333333333332,10.416666666666668,41.1144578313253
qwen_4b_full_n1,qwen,qwen4b,151936,1,31,0.09278462827205658,,,,
qwen_4b_full_n1,qwen,qwen4b,151936,1,32,0.08649849146604538,,,,
qwen_4b_full_n1,qwen,qwen4b,151936,1,33,0.08365881443023682,,,,
qwen_4b_full_n1,qwen,qwen4b,151936,1,34,0.09655579924583435,,,,
qwen_4b_full_n1,qwen,qwen4b,151936,1,35,0.08508395403623581,,,,
qwen_4b_full_n1,qwen,qwen4b,151936,1,36,0.08733221888542175,,,,
qwen_4b_full_n1,qwen,qwen4b,151936,1,37,0.0927841067314148,,,,
qwen_4b_full_n1,qwen,qwen4b,151936,1,38,0.08147533982992172,,,,
qwen_4b_full_n1,qwen,qwen4b,151936,1,39,0.0829012468457222,,,,
qwen_4b_full_n1,qwen,qwen4b,151936,1,40,0.10042323172092438,22.767737617135207,14.166666666666666,11.666666666666666,42.46987951807229
qwen_4b_full_n1,qwen,qwen4b,151936,1,41,0.0829898938536644,,,,
qwen_4b_full_n1,qwen,qwen4b,151936,1,42,0.08780169486999512,,,,
qwen_4b_full_n1,qwen,qwen4b,151936,1,43,0.09327356517314911,,,,
qwen_4b_full_n1,qwen,qwen4b,151936,1,44,0.08193473517894745,,,,
qwen_4b_full_n1,qwen,qwen4b,151936,1,45,0.0872575119137764,,,,
qwen_4b_full_n1,qwen,qwen4b,151936,1,46,0.08170753717422485,,,,
qwen_4b_full_n1,qwen,qwen4b,151936,1,47,0.0869876891374588,,,,
qwen_4b_full_n1,qwen,qwen4b,151936,1,48,0.08292488753795624,,,,
qwen_4b_full_n1,qwen,qwen4b,151936,1,49,0.08491485565900803,,,,
qwen_4b_full_n1,qwen,qwen4b,151936,1,50,0.08670785278081894,22.046519410977243,12.916666666666668,10.0,43.22289156626506
qwen_4b_full_n1,qwen,qwen4b,151936,1,51,0.08281310647726059,,,,
qwen_4b_full_n1,qwen,qwen4b,151936,1,52,0.08705676347017288,,,,
qwen_4b_full_n1,qwen,qwen4b,151936,1,53,0.07724368572235107,,,,
qwen_4b_full_n1,qwen,qwen4b,151936,1,54,0.07777174562215805,,,,
qwen_4b_full_n1,qwen,qwen4b,151936,1,55,0.09122046083211899,,,,
qwen_4b_full_n1,qwen,qwen4b,151936,1,56,0.0855630561709404,,,,
qwen_4b_full_n1,qwen,qwen4b,151936,1,57,0.098227858543396,,,,
qwen_4b_full_n1,qwen,qwen4b,151936,1,58,0.08475256711244583,,,,
qwen_4b_full_n1,qwen,qwen4b,151936,1,59,0.08464725315570831,,,,
qwen_4b_full_n1,qwen,qwen4b,151936,1,60,0.07777204364538193,24.06459170013387,17.5,10.416666666666668,44.27710843373494
qwen_4b_full_n1,qwen,qwen4b,151936,1,61,0.0869283378124237,,,,
qwen_4b_full_n1,qwen,qwen4b,151936,1,62,0.08297194540500641,,,,
qwen_4b_full_n1,qwen,qwen4b,151936,1,63,0.0776635929942131,,,,
qwen_4b_full_n1,qwen,qwen4b,151936,1,64,0.08546237647533417,,,,
qwen_4b_full_n1,qwen,qwen4b,151936,1,65,0.07625295221805573,,,,
qwen_4b_full_n1,qwen,qwen4b,151936,1,66,0.09036009758710861,,,,
qwen_4b_full_n1,qwen,qwen4b,151936,1,67,0.07717955112457275,,,,
qwen_4b_full_n1,qwen,qwen4b,151936,1,68,0.08208875358104706,,,,
qwen_4b_full_n1,qwen,qwen4b,151936,1,69,0.07554303854703903,,,,
qwen_4b_full_n1,qwen,qwen4b,151936,1,70,0.08092990517616272,22.613788487282463,12.5,11.666666666666666,43.674698795180724
qwen_4b_full_n1,qwen,qwen4b,151936,1,71,0.08721187710762024,,,,
qwen_4b_full_n1,qwen,qwen4b,151936,1,72,0.07917897403240204,,,,
qwen_4b_full_n1,qwen,qwen4b,151936,1,73,0.08300910890102386,,,,
qwen_4b_full_n1,qwen,qwen4b,151936,1,74,0.08415750414133072,,,,
qwen_4b_full_n1,qwen,qwen4b,151936,1,75,0.08112223446369171,,,,
qwen_4b_full_n1,qwen,qwen4b,151936,1,76,0.08695162832736969,,,,
qwen_4b_full_n1,qwen,qwen4b,151936,1,77,0.07570646703243256,,,,
qwen_4b_full_n1,qwen,qwen4b,151936,1,78,0.08535710722208023,,,,
qwen_4b_full_n1,qwen,qwen4b,151936,1,79,0.07955749332904816,,,,
qwen_4b_full_n1,qwen,qwen4b,151936,1,80,0.0788736417889595,23.586010709504688,14.583333333333334,12.5,43.674698795180724
qwen_4b_full_n1,qwen,qwen4b,151936,1,81,0.08884374797344208,,,,
qwen_4b_full_n1,qwen,qwen4b,151936,1,82,0.09699594974517822,,,,
qwen_4b_full_n1,qwen,qwen4b,151936,1,83,0.07883698493242264,,,,
qwen_4b_full_n1,qwen,qwen4b,151936,1,84,0.0873410627245903,,,,
qwen_4b_full_n1,qwen,qwen4b,151936,1,85,0.09616000950336456,,,,
qwen_4b_full_n1,qwen,qwen4b,151936,1,86,0.08558651804924011,,,,
qwen_4b_full_n1,qwen,qwen4b,151936,1,87,0.08676573634147644,,,,
qwen_4b_full_n1,qwen,qwen4b,151936,1,88,0.08296577632427216,,,,
qwen_4b_full_n1,qwen,qwen4b,151936,1,89,0.07666889578104019,,,,
qwen_4b_full_n1,qwen,qwen4b,151936,1,90,0.07945621758699417,24.918005354752342,17.083333333333332,10.833333333333334,46.83734939759036
qwen_4b_full_n1,qwen,qwen4b,151936,1,91,0.08339165151119232,,,,
qwen_4b_full_n1,qwen,qwen4b,151936,1,92,0.0776991993188858,,,,
qwen_4b_full_n1,qwen,qwen4b,151936,1,93,0.0804690420627594,,,,
qwen_4b_full_n1,qwen,qwen4b,151936,1,94,0.0806022509932518,,,,
qwen_4b_full_n1,qwen,qwen4b,151936,1,95,0.0758628398180008,,,,
qwen_4b_full_n1,qwen,qwen4b,151936,1,96,0.07530133426189423,,,,
qwen_4b_full_n1,qwen,qwen4b,151936,1,97,0.07715281844139099,,,,
qwen_4b_full_n1,qwen,qwen4b,151936,1,98,0.08083073794841766,,,,
qwen_4b_full_n1,qwen,qwen4b,151936,1,99,0.07352452725172043,,,,
qwen_4b_full_n1,qwen,qwen4b,151936,1,100,0.08103112131357193,22.46318607764391,15.0,9.166666666666666,43.22289156626506
qwen_4b_full_n1,qwen,qwen4b,151936,1,101,0.07184335589408875,,,,
qwen_4b_full_n1,qwen,qwen4b,151936,1,102,0.07779645919799805,,,,
qwen_4b_full_n1,qwen,qwen4b,151936,1,103,0.07049242407083511,,,,
qwen_4b_full_n1,qwen,qwen4b,151936,1,104,0.07773403078317642,,,,
qwen_4b_full_n1,qwen,qwen4b,151936,1,105,0.07703787088394165,,,,
qwen_4b_full_n1,qwen,qwen4b,151936,1,106,0.07587612420320511,,,,
qwen_4b_full_n1,qwen,qwen4b,151936,1,107,0.07060763239860535,,,,
qwen_4b_full_n1,qwen,qwen4b,151936,1,108,0.07185541093349457,,,,
qwen_4b_full_n1,qwen,qwen4b,151936,1,109,0.06576108187437057,,,,
qwen_4b_full_n1,qwen,qwen4b,151936,1,110,0.07929842174053192,24.87115127175368,18.333333333333332,11.25,45.03012048192771
qwen_4b_full_n1,qwen,qwen4b,151936,1,111,0.07517609745264053,,,,
qwen_4b_full_n1,qwen,qwen4b,151936,1,112,0.0802989974617958,,,,
qwen_4b_full_n1,qwen,qwen4b,151936,1,113,0.09240912646055222,,,,
qwen_4b_full_n1,qwen,qwen4b,151936,1,114,0.10289835929870605,,,,
qwen_4b_full_n1,qwen,qwen4b,151936,1,115,0.08468836545944214,,,,
qwen_4b_full_n1,qwen,qwen4b,151936,1,116,0.08268872648477554,,,,
qwen_4b_full_n1,qwen,qwen4b,151936,1,117,0.09088104218244553,,,,
qwen_4b_full_n1,qwen,qwen4b,151936,1,118,0.08949730545282364,,,,
qwen_4b_full_n1,qwen,qwen4b,151936,1,119,0.08015592396259308,,,,
qwen_4b_full_n1,qwen,qwen4b,151936,1,120,0.07668624818325043,23.43206157965194,15.833333333333332,9.583333333333334,44.87951807228915
qwen_4b_full_n1,qwen,qwen4b,151936,1,121,0.0862087607383728,,,,
qwen_4b_full_n1,qwen,qwen4b,151936,1,122,0.08496153354644775,,,,
qwen_4b_full_n1,qwen,qwen4b,151936,1,123,0.09158023446798325,,,,
qwen_4b_full_n1,qwen,qwen4b,151936,1,124,0.08630411326885223,,,,
qwen_4b_full_n1,qwen,qwen4b,151936,1,125,0.07614950835704803,,,,
qwen_4b_full_n1,qwen,qwen4b,151936,1,126,0.08012726157903671,,,,
qwen_4b_full_n1,qwen,qwen4b,151936,1,127,0.09232112020254135,,,,
qwen_4b_full_n1,qwen,qwen4b,151936,1,128,0.07803361862897873,,,,
qwen_4b_full_n1,qwen,qwen4b,151936,1,129,0.07473552227020264,,,,
qwen_4b_full_n1,qwen,qwen4b,151936,1,130,0.0755656510591507,24.836010709504688,18.75,12.083333333333334,43.674698795180724
qwen_4b_full_n1,qwen,qwen4b,151936,1,131,0.08271516859531403,,,,
qwen_4b_full_n1,qwen,qwen4b,151936,1,132,0.0698985606431961,,,,
qwen_4b_full_n1,qwen,qwen4b,151936,1,133,0.0695541575551033,,,,
qwen_4b_full_n1,qwen,qwen4b,151936,1,134,0.07390574365854263,,,,
qwen_4b_full_n1,qwen,qwen4b,151936,1,135,0.08471780270338058,,,,
qwen_4b_full_n1,qwen,qwen4b,151936,1,136,0.08223997056484222,,,,
qwen_4b_full_n1,qwen,qwen4b,151936,1,137,0.07252234220504761,,,,
qwen_4b_full_n1,qwen,qwen4b,151936,1,138,0.08409342914819717,,,,
qwen_4b_full_n1,qwen,qwen4b,151936,1,139,0.07275789231061935,,,,
qwen_4b_full_n1,qwen,qwen4b,151936,1,140,0.07206319272518158,23.775100401606426,14.166666666666666,13.333333333333334,43.825301204819276
qwen_4b_full_n1,qwen,qwen4b,151936,1,141,0.07806260883808136,,,,
qwen_4b_full_n1,qwen,qwen4b,151936,1,142,0.08256710320711136,,,,
qwen_4b_full_n1,qwen,qwen4b,151936,1,143,0.0790797770023346,,,,
qwen_4b_full_n1,qwen,qwen4b,151936,1,144,0.08660752326250076,,,,
qwen_4b_full_n1,qwen,qwen4b,151936,1,145,0.08256427943706512,,,,
qwen_4b_full_n1,qwen,qwen4b,151936,1,146,0.08299843966960907,,,,
qwen_4b_full_n1,qwen,qwen4b,151936,1,147,0.08450930565595627,,,,
qwen_4b_full_n1,qwen,qwen4b,151936,1,148,0.07999739050865173,,,,
qwen_4b_full_n1,qwen,qwen4b,151936,1,149,0.0821312963962555,,,,
qwen_4b_full_n1,qwen,qwen4b,151936,1,150,0.08791858702898026,24.33065595716198,19.166666666666668,10.0,43.825301204819276
qwen_4b_full_n1,qwen,qwen4b,151936,1,151,0.07621758431196213,,,,
qwen_4b_full_n1,qwen,qwen4b,151936,1,152,0.07650259137153625,,,,
qwen_4b_full_n1,qwen,qwen4b,151936,1,153,0.08555123955011368,,,,
qwen_4b_full_n1,qwen,qwen4b,151936,1,154,0.09256162494421005,,,,
qwen_4b_full_n1,qwen,qwen4b,151936,1,155,0.08547742664813995,,,,
qwen_4b_full_n1,qwen,qwen4b,151936,1,156,0.08282068371772766,,,,
qwen_4b_full_n1,qwen,qwen4b,151936,1,157,0.0813775360584259,,,,
qwen_4b_full_n1,qwen,qwen4b,151936,1,158,0.08547274023294449,,,,
qwen_4b_full_n1,qwen,qwen4b,151936,1,159,0.07969796657562256,,,,
qwen_4b_full_n1,qwen,qwen4b,151936,1,160,0.07614285498857498,22.259036144578314,13.750000000000002,8.75,44.27710843373494
qwen_4b_full_n1,qwen,qwen4b,151936,1,161,0.08049428462982178,,,,
qwen_4b_full_n1,qwen,qwen4b,151936,1,162,0.07950874418020248,,,,
qwen_4b_full_n1,qwen,qwen4b,151936,1,163,0.07140973955392838,,,,
qwen_4b_full_n1,qwen,qwen4b,151936,1,164,0.07887107878923416,,,,
qwen_4b_full_n1,qwen,qwen4b,151936,1,165,0.07800938934087753,,,,
qwen_4b_full_n1,qwen,qwen4b,151936,1,166,0.08110801875591278,,,,
qwen_4b_full_n1,qwen,qwen4b,151936,1,167,0.0814090445637703,,,,
qwen_4b_full_n1,qwen,qwen4b,151936,1,168,0.07859551906585693,,,,
qwen_4b_full_n1,qwen,qwen4b,151936,1,169,0.07263021916151047,,,,
qwen_4b_full_n1,qwen,qwen4b,151936,1,170,0.07559895515441895,24.061244979919678,17.083333333333332,9.166666666666666,45.933734939759034
qwen_4b_full_n1,qwen,qwen4b,151936,1,171,0.07288932800292969,,,,
qwen_4b_full_n1,qwen,qwen4b,151936,1,172,0.0837457925081253,,,,
qwen_4b_full_n1,qwen,qwen4b,151936,1,173,0.08430266380310059,,,,
qwen_4b_full_n1,qwen,qwen4b,151936,1,174,0.07134245336055756,,,,
qwen_4b_full_n1,qwen,qwen4b,151936,1,175,0.08316421508789062,,,,
qwen_4b_full_n1,qwen,qwen4b,151936,1,176,0.08171119540929794,,,,
qwen_4b_full_n1,qwen,qwen4b,151936,1,177,0.10562928020954132,,,,
qwen_4b_full_n1,qwen,qwen4b,151936,1,178,0.11951683461666107,,,,
qwen_4b_full_n1,qwen,qwen4b,151936,1,179,0.09702126681804657,,,,
qwen_4b_full_n1,qwen,qwen4b,151936,1,180,0.09013645350933075,25.07195448460509,15.416666666666668,14.166666666666666,45.63253012048193
qwen_4b_full_n1,qwen,qwen4b,151936,1,181,0.09134864062070847,,,,
qwen_4b_full_n1,qwen,qwen4b,151936,1,182,0.11989185959100723,,,,
qwen_4b_full_n1,qwen,qwen4b,151936,1,183,0.10936763137578964,,,,
qwen_4b_full_n1,qwen,qwen4b,151936,1,184,0.10919427871704102,,,,
qwen_4b_full_n1,qwen,qwen4b,151936,1,185,0.09661208838224411,,,,
qwen_4b_full_n1,qwen,qwen4b,151936,1,186,0.09537125378847122,,,,
qwen_4b_full_n1,qwen,qwen4b,151936,1,187,0.09025353193283081,,,,
qwen_4b_full_n1,qwen,qwen4b,151936,1,188,0.0963614359498024,,,,
qwen_4b_full_n1,qwen,qwen4b,151936,1,189,0.09770707041025162,,,,
qwen_4b_full_n1,qwen,qwen4b,151936,1,190,0.10097545385360718,22.466532797858104,15.0,10.833333333333334,41.566265060240966
qwen_4b_full_n1,qwen,qwen4b,151936,1,191,0.09956271946430206,,,,
qwen_4b_full_n1,qwen,qwen4b,151936,1,192,0.09893161803483963,,,,
qwen_4b_full_n1,qwen,qwen4b,151936,1,193,0.11372880637645721,,,,
qwen_4b_full_n1,qwen,qwen4b,151936,1,194,0.11696042120456696,,,,
qwen_4b_full_n1,qwen,qwen4b,151936,1,195,0.11627735197544098,,,,
qwen_4b_full_n1,qwen,qwen4b,151936,1,196,0.12994050979614258,,,,
qwen_4b_full_n1,qwen,qwen4b,151936,1,197,0.11469104886054993,,,,
qwen_4b_full_n1,qwen,qwen4b,151936,1,198,0.12638522684574127,,,,
qwen_4b_full_n1,qwen,qwen4b,151936,1,199,0.10310845077037811,,,,
qwen_4b_full_n1,qwen,qwen4b,151936,1,200,0.0930410698056221,22.87985274431058,14.583333333333334,10.833333333333334,43.22289156626506
qwen_4b_top16_n8,qwen,qwen4b,16,8,0,,21.852409638554217,15.416666666666668,10.833333333333334,39.30722891566265
qwen_4b_top16_n8,qwen,qwen4b,16,8,1,0.09812109172344208,,,,
qwen_4b_top16_n8,qwen,qwen4b,16,8,2,0.09691420942544937,,,,
qwen_4b_top16_n8,qwen,qwen4b,16,8,3,0.09827253222465515,,,,
qwen_4b_top16_n8,qwen,qwen4b,16,8,4,0.0963953286409378,,,,
qwen_4b_top16_n8,qwen,qwen4b,16,8,5,0.09925984591245651,,,,
qwen_4b_top16_n8,qwen,qwen4b,16,8,6,0.09270109981298447,,,,
qwen_4b_top16_n8,qwen,qwen4b,16,8,7,0.09007566422224045,,,,
qwen_4b_top16_n8,qwen,qwen4b,16,8,8,0.09153120219707489,,,,
qwen_4b_top16_n8,qwen,qwen4b,16,8,9,0.09059123694896698,,,,
qwen_4b_top16_n8,qwen,qwen4b,16,8,10,0.08008751273155212,22.51673360107095,13.333333333333334,12.5,41.71686746987952
qwen_4b_top16_n8,qwen,qwen4b,16,8,11,0.08460190147161484,,,,
qwen_4b_top16_n8,qwen,qwen4b,16,8,12,0.09338461607694626,,,,
qwen_4b_top16_n8,qwen,qwen4b,16,8,13,0.0939963087439537,,,,
qwen_4b_top16_n8,qwen,qwen4b,16,8,14,0.09814545512199402,,,,
qwen_4b_top16_n8,qwen,qwen4b,16,8,15,0.08601504564285278,,,,
qwen_4b_top16_n8,qwen,qwen4b,16,8,16,0.09231776744127274,,,,
qwen_4b_top16_n8,qwen,qwen4b,16,8,17,0.08184729516506195,,,,
qwen_4b_top16_n8,qwen,qwen4b,16,8,18,0.08474399894475937,,,,
qwen_4b_top16_n8,qwen,qwen4b,16,8,19,0.08356757462024689,,,,
qwen_4b_top16_n8,qwen,qwen4b,16,8,20,0.08938202261924744,25.4384203480589,17.5,13.333333333333334,45.48192771084337
qwen_4b_top16_n8,qwen,qwen4b,16,8,21,0.08739222586154938,,,,
qwen_4b_top16_n8,qwen,qwen4b,16,8,22,0.08355532586574554,,,,
qwen_4b_top16_n8,qwen,qwen4b,16,8,23,0.09382172673940659,,,,
qwen_4b_top16_n8,qwen,qwen4b,16,8,24,0.09138402342796326,,,,
qwen_4b_top16_n8,qwen,qwen4b,16,8,25,0.08807474374771118,,,,
qwen_4b_top16_n8,qwen,qwen4b,16,8,26,0.09483802318572998,,,,
qwen_4b_top16_n8,qwen,qwen4b,16,8,27,0.08801176398992538,,,,
qwen_4b_top16_n8,qwen,qwen4b,16,8,28,0.08782844990491867,,,,
qwen_4b_top16_n8,qwen,qwen4b,16,8,29,0.08748788386583328,,,,
qwen_4b_top16_n8,qwen,qwen4b,16,8,30,0.09265654534101486,23.562583668005356,17.5,10.416666666666668,42.77108433734939
qwen_4b_top16_n8,qwen,qwen4b,16,8,31,0.08554176986217499,,,,
qwen_4b_top16_n8,qwen,qwen4b,16,8,32,0.0879320576786995,,,,
qwen_4b_top16_n8,qwen,qwen4b,16,8,33,0.08328497409820557,,,,
qwen_4b_top16_n8,qwen,qwen4b,16,8,34,0.09156206250190735,,,,
qwen_4b_top16_n8,qwen,qwen4b,16,8,35,0.08271681517362595,,,,
qwen_4b_top16_n8,qwen,qwen4b,16,8,36,0.08734733611345291,,,,
qwen_4b_top16_n8,qwen,qwen4b,16,8,37,0.08839213848114014,,,,
qwen_4b_top16_n8,qwen,qwen4b,16,8,38,0.08131367713212967,,,,
qwen_4b_top16_n8,qwen,qwen4b,16,8,39,0.08301138877868652,,,,
qwen_4b_top16_n8,qwen,qwen4b,16,8,40,0.09324915707111359,24.62014725568942,17.916666666666668,11.666666666666666,44.27710843373494
qwen_4b_top16_n8,qwen,qwen4b,16,8,41,0.08173304796218872,,,,
qwen_4b_top16_n8,qwen,qwen4b,16,8,42,0.08575427532196045,,,,
qwen_4b_top16_n8,qwen,qwen4b,16,8,43,0.08808856457471848,,,,
qwen_4b_top16_n8,qwen,qwen4b,16,8,44,0.08224651962518692,,,,
qwen_4b_top16_n8,qwen,qwen4b,16,8,45,0.08627679198980331,,,,
qwen_4b_top16_n8,qwen,qwen4b,16,8,46,0.08258197456598282,,,,
qwen_4b_top16_n8,qwen,qwen4b,16,8,47,0.08510126918554306,,,,
qwen_4b_top16_n8,qwen,qwen4b,16,8,48,0.08537782728672028,,,,
qwen_4b_top16_n8,qwen,qwen4b,16,8,49,0.0857316106557846,,,,
qwen_4b_top16_n8,qwen,qwen4b,16,8,50,0.08602564036846161,23.837014725568945,13.333333333333334,13.750000000000002,44.42771084337349
qwen_4b_top16_n8,qwen,qwen4b,16,8,51,0.08472277224063873,,,,
qwen_4b_top16_n8,qwen,qwen4b,16,8,52,0.08512721210718155,,,,
qwen_4b_top16_n8,qwen,qwen4b,16,8,53,0.08138979971408844,,,,
qwen_4b_top16_n8,qwen,qwen4b,16,8,54,0.07779428362846375,,,,
qwen_4b_top16_n8,qwen,qwen4b,16,8,55,0.08479717373847961,,,,
qwen_4b_top16_n8,qwen,qwen4b,16,8,56,0.0839867889881134,,,,
qwen_4b_top16_n8,qwen,qwen4b,16,8,57,0.09720946848392487,,,,
qwen_4b_top16_n8,qwen,qwen4b,16,8,58,0.0885024294257164,,,,
qwen_4b_top16_n8,qwen,qwen4b,16,8,59,0.0863170474767685,,,,
qwen_4b_top16_n8,qwen,qwen4b,16,8,60,0.07872831076383591,22.81459170013387,12.916666666666668,11.25,44.27710843373494
qwen_4b_top16_n8,qwen,qwen4b,16,8,61,0.08700387179851532,,,,
qwen_4b_top16_n8,qwen,qwen4b,16,8,62,0.07853385806083679,,,,
qwen_4b_top16_n8,qwen,qwen4b,16,8,63,0.07781978696584702,,,,
qwen_4b_top16_n8,qwen,qwen4b,16,8,64,0.08172427117824554,,,,
qwen_4b_top16_n8,qwen,qwen4b,16,8,65,0.08033640682697296,,,,
qwen_4b_top16_n8,qwen,qwen4b,16,8,66,0.08009234815835953,,,,
qwen_4b_top16_n8,qwen,qwen4b,16,8,67,0.07818134129047394,,,,
qwen_4b_top16_n8,qwen,qwen4b,16,8,68,0.084092877805233,,,,
qwen_4b_top16_n8,qwen,qwen4b,16,8,69,0.0778375193476677,,,,
qwen_4b_top16_n8,qwen,qwen4b,16,8,70,0.07664846628904343,24.168340026773762,16.25,13.333333333333334,42.92168674698795
qwen_4b_top16_n8,qwen,qwen4b,16,8,71,0.08392173796892166,,,,
qwen_4b_top16_n8,qwen,qwen4b,16,8,72,0.0767921507358551,,,,
qwen_4b_top16_n8,qwen,qwen4b,16,8,73,0.08336003869771957,,,,
qwen_4b_top16_n8,qwen,qwen4b,16,8,74,0.08472946286201477,,,,
qwen_4b_top16_n8,qwen,qwen4b,16,8,75,0.0864386335015297,,,,
qwen_4b_top16_n8,qwen,qwen4b,16,8,76,0.0830400213599205,,,,
qwen_4b_top16_n8,qwen,qwen4b,16,8,77,0.0759505182504654,,,,
qwen_4b_top16_n8,qwen,qwen4b,16,8,78,0.08795550465583801,,,,
qwen_4b_top16_n8,qwen,qwen4b,16,8,79,0.0836358368396759,,,,
qwen_4b_top16_n8,qwen,qwen4b,16,8,80,0.08063751459121704,26.168005354752342,16.25,15.416666666666668,46.83734939759036
qwen_4b_top16_n8,qwen,qwen4b,16,8,81,0.08407789468765259,,,,
qwen_4b_top16_n8,qwen,qwen4b,16,8,82,0.09579480439424515,,,,
qwen_4b_top16_n8,qwen,qwen4b,16,8,83,0.07665248960256577,,,,
qwen_4b_top16_n8,qwen,qwen4b,16,8,84,0.08283717930316925,,,,
qwen_4b_top16_n8,qwen,qwen4b,16,8,85,0.09149488061666489,,,,
qwen_4b_top16_n8,qwen,qwen4b,16,8,86,0.08407539874315262,,,,
qwen_4b_top16_n8,qwen,qwen4b,16,8,87,0.09417498856782913,,,,
qwen_4b_top16_n8,qwen,qwen4b,16,8,88,0.08216436207294464,,,,
qwen_4b_top16_n8,qwen,qwen4b,16,8,89,0.07576325535774231,,,,
qwen_4b_top16_n8,qwen,qwen4b,16,8,90,0.0800681859254837,23.79852744310576,14.166666666666666,12.5,44.72891566265061
qwen_4b_top16_n8,qwen,qwen4b,16,8,91,0.08057401329278946,,,,
qwen_4b_top16_n8,qwen,qwen4b,16,8,92,0.07617336511611938,,,,
qwen_4b_top16_n8,qwen,qwen4b,16,8,93,0.08036631345748901,,,,
qwen_4b_top16_n8,qwen,qwen4b,16,8,94,0.07870787382125854,,,,
qwen_4b_top16_n8,qwen,qwen4b,16,8,95,0.07726974040269852,,,,
qwen_4b_top16_n8,qwen,qwen4b,16,8,96,0.07281416654586792,,,,
qwen_4b_top16_n8,qwen,qwen4b,16,8,97,0.07462374866008759,,,,
qwen_4b_top16_n8,qwen,qwen4b,16,8,98,0.07808477431535721,,,,
qwen_4b_top16_n8,qwen,qwen4b,16,8,99,0.0742148756980896,,,,
qwen_4b_top16_n8,qwen,qwen4b,16,8,100,0.08117717504501343,24.17336010709505,14.583333333333334,11.25,46.68674698795181
qwen_4b_top16_n8,qwen,qwen4b,16,8,101,0.0727311298251152,,,,
qwen_4b_top16_n8,qwen,qwen4b,16,8,102,0.07659924775362015,,,,
qwen_4b_top16_n8,qwen,qwen4b,16,8,103,0.07555530220270157,,,,
qwen_4b_top16_n8,qwen,qwen4b,16,8,104,0.0735250785946846,,,,
qwen_4b_top16_n8,qwen,qwen4b,16,8,105,0.07427103817462921,,,,
qwen_4b_top16_n8,qwen,qwen4b,16,8,106,0.07503833621740341,,,,
qwen_4b_top16_n8,qwen,qwen4b,16,8,107,0.07172884047031403,,,,
qwen_4b_top16_n8,qwen,qwen4b,16,8,108,0.07021376490592957,,,,
qwen_4b_top16_n8,qwen,qwen4b,16,8,109,0.06571774184703827,,,,
qwen_4b_top16_n8,qwen,qwen4b,16,8,110,0.07792026549577713,26.029116465863453,16.25,15.0,46.83734939759036
qwen_4b_top16_n8,qwen,qwen4b,16,8,111,0.07147937268018723,,,,
qwen_4b_top16_n8,qwen,qwen4b,16,8,112,0.0806930884718895,,,,
qwen_4b_top16_n8,qwen,qwen4b,16,8,113,0.09140200167894363,,,,
qwen_4b_top16_n8,qwen,qwen4b,16,8,114,0.09434069693088531,,,,
qwen_4b_top16_n8,qwen,qwen4b,16,8,115,0.08464308083057404,,,,
qwen_4b_top16_n8,qwen,qwen4b,16,8,116,0.0843835175037384,,,,
qwen_4b_top16_n8,qwen,qwen4b,16,8,117,0.08635616302490234,,,,
qwen_4b_top16_n8,qwen,qwen4b,16,8,118,0.08747456222772598,,,,
qwen_4b_top16_n8,qwen,qwen4b,16,8,119,0.07329165190458298,,,,
qwen_4b_top16_n8,qwen,qwen4b,16,8,120,0.07773476839065552,23.068942436412314,14.166666666666666,11.666666666666666,43.373493975903614
qwen_4b_top16_n8,qwen,qwen4b,16,8,121,0.08363770693540573,,,,
qwen_4b_top16_n8,qwen,qwen4b,16,8,122,0.08463805913925171,,,,
qwen_4b_top16_n8,qwen,qwen4b,16,8,123,0.08793892711400986,,,,
qwen_4b_top16_n8,qwen,qwen4b,16,8,124,0.08665821701288223,,,,
qwen_4b_top16_n8,qwen,qwen4b,16,8,125,0.07594845443964005,,,,
qwen_4b_top16_n8,qwen,qwen4b,16,8,126,0.08003970235586166,,,,
qwen_4b_top16_n8,qwen,qwen4b,16,8,127,0.08923321962356567,,,,
qwen_4b_top16_n8,qwen,qwen4b,16,8,128,0.08122622966766357,,,,
qwen_4b_top16_n8,qwen,qwen4b,16,8,129,0.07657045125961304,,,,
qwen_4b_top16_n8,qwen,qwen4b,16,8,130,0.07535044848918915,24.558232931726906,17.083333333333332,12.916666666666668,43.674698795180724
qwen_4b_top16_n8,qwen,qwen4b,16,8,131,0.07878542691469193,,,,
qwen_4b_top16_n8,qwen,qwen4b,16,8,132,0.07063446193933487,,,,
qwen_4b_top16_n8,qwen,qwen4b,16,8,133,0.0699731707572937,,,,
qwen_4b_top16_n8,qwen,qwen4b,16,8,134,0.07436954230070114,,,,
qwen_4b_top16_n8,qwen,qwen4b,16,8,135,0.08216480165719986,,,,
qwen_4b_top16_n8,qwen,qwen4b,16,8,136,0.07974547892808914,,,,
qwen_4b_top16_n8,qwen,qwen4b,16,8,137,0.0714879110455513,,,,
qwen_4b_top16_n8,qwen,qwen4b,16,8,138,0.07912421226501465,,,,
qwen_4b_top16_n8,qwen,qwen4b,16,8,139,0.07651843875646591,,,,
qwen_4b_top16_n8,qwen,qwen4b,16,8,140,0.07258407026529312,23.636211512717537,16.666666666666664,10.416666666666668,43.825301204819276
qwen_4b_top16_n8,qwen,qwen4b,16,8,141,0.07829295098781586,,,,
qwen_4b_top16_n8,qwen,qwen4b,16,8,142,0.07817396521568298,,,,
qwen_4b_top16_n8,qwen,qwen4b,16,8,143,0.07907102257013321,,,,
qwen_4b_top16_n8,qwen,qwen4b,16,8,144,0.08206167072057724,,,,
qwen_4b_top16_n8,qwen,qwen4b,16,8,145,0.08063057065010071,,,,
qwen_4b_top16_n8,qwen,qwen4b,16,8,146,0.07675781100988388,,,,
qwen_4b_top16_n8,qwen,qwen4b,16,8,147,0.08144613355398178,,,,
qwen_4b_top16_n8,qwen,qwen4b,16,8,148,0.07907263189554214,,,,
qwen_4b_top16_n8,qwen,qwen4b,16,8,149,0.07767593860626221,,,,
qwen_4b_top16_n8,qwen,qwen4b,16,8,150,0.08839982748031616,23.092369477911646,14.583333333333334,10.416666666666668,44.27710843373494
qwen_4b_top16_n8,qwen,qwen4b,16,8,151,0.07655281573534012,,,,
qwen_4b_top16_n8,qwen,qwen4b,16,8,152,0.07788734883069992,,,,
qwen_4b_top16_n8,qwen,qwen4b,16,8,153,0.08176228404045105,,,,
qwen_4b_top16_n8,qwen,qwen4b,16,8,154,0.08814704418182373,,,,
qwen_4b_top16_n8,qwen,qwen4b,16,8,155,0.07936705648899078,,,,
qwen_4b_top16_n8,qwen,qwen4b,16,8,156,0.07893659919500351,,,,
qwen_4b_top16_n8,qwen,qwen4b,16,8,157,0.08058885484933853,,,,
qwen_4b_top16_n8,qwen,qwen4b,16,8,158,0.08150378614664078,,,,
qwen_4b_top16_n8,qwen,qwen4b,16,8,159,0.07491348683834076,,,,
qwen_4b_top16_n8,qwen,qwen4b,16,8,160,0.07317069172859192,22.602074966532797,14.166666666666666,10.416666666666668,43.22289156626506
qwen_4b_top16_n8,qwen,qwen4b,16,8,161,0.08038216084241867,,,,
qwen_4b_top16_n8,qwen,qwen4b,16,8,162,0.0779247134923935,,,,
qwen_4b_top16_n8,qwen,qwen4b,16,8,163,0.07541169226169586,,,,
qwen_4b_top16_n8,qwen,qwen4b,16,8,164,0.08419342339038849,,,,
qwen_4b_top16_n8,qwen,qwen4b,16,8,165,0.07656291872262955,,,,
qwen_4b_top16_n8,qwen,qwen4b,16,8,166,0.07963572442531586,,,,
qwen_4b_top16_n8,qwen,qwen4b,16,8,167,0.08301293849945068,,,,
qwen_4b_top16_n8,qwen,qwen4b,16,8,168,0.07572828233242035,,,,
qwen_4b_top16_n8,qwen,qwen4b,16,8,169,0.0774025246500969,,,,
qwen_4b_top16_n8,qwen,qwen4b,16,8,170,0.07977116107940674,23.420348058902274,15.833333333333332,10.0,44.42771084337349
qwen_4b_top16_n8,qwen,qwen4b,16,8,171,0.07379680126905441,,,,
qwen_4b_top16_n8,qwen,qwen4b,16,8,172,0.07883783429861069,,,,
qwen_4b_top16_n8,qwen,qwen4b,16,8,173,0.07923697680234909,,,,
qwen_4b_top16_n8,qwen,qwen4b,16,8,174,0.08129827678203583,,,,
qwen_4b_top16_n8,qwen,qwen4b,16,8,175,0.08313462138175964,,,,
qwen_4b_top16_n8,qwen,qwen4b,16,8,176,0.07774979621171951,,,,
qwen_4b_top16_n8,qwen,qwen4b,16,8,177,0.10993997752666473,,,,
qwen_4b_top16_n8,qwen,qwen4b,16,8,178,0.11889953166246414,,,,
qwen_4b_top16_n8,qwen,qwen4b,16,8,179,0.10103730112314224,,,,
qwen_4b_top16_n8,qwen,qwen4b,16,8,180,0.08930815756320953,23.204484605087014,15.833333333333332,8.75,45.03012048192771
qwen_4b_top16_n8,qwen,qwen4b,16,8,181,0.09651605784893036,,,,
qwen_4b_top16_n8,qwen,qwen4b,16,8,182,0.11662259697914124,,,,
qwen_4b_top16_n8,qwen,qwen4b,16,8,183,0.10784054547548294,,,,
qwen_4b_top16_n8,qwen,qwen4b,16,8,184,0.10418128967285156,,,,
qwen_4b_top16_n8,qwen,qwen4b,16,8,185,0.09040559828281403,,,,
qwen_4b_top16_n8,qwen,qwen4b,16,8,186,0.08742308616638184,,,,
qwen_4b_top16_n8,qwen,qwen4b,16,8,187,0.09161078184843063,,,,
qwen_4b_top16_n8,qwen,qwen4b,16,8,188,0.09681138396263123,,,,
qwen_4b_top16_n8,qwen,qwen4b,16,8,189,0.10214094072580338,,,,
qwen_4b_top16_n8,qwen,qwen4b,16,8,190,0.10144340246915817,24.693775100401606,16.666666666666664,12.083333333333334,45.331325301204814
qwen_4b_top16_n8,qwen,qwen4b,16,8,191,0.10126328468322754,,,,
qwen_4b_top16_n8,qwen,qwen4b,16,8,192,0.10277775675058365,,,,
qwen_4b_top16_n8,qwen,qwen4b,16,8,193,0.11488313972949982,,,,
qwen_4b_top16_n8,qwen,qwen4b,16,8,194,0.11408814042806625,,,,
qwen_4b_top16_n8,qwen,qwen4b,16,8,195,0.11117177456617355,,,,
qwen_4b_top16_n8,qwen,qwen4b,16,8,196,0.12740980088710785,,,,
qwen_4b_top16_n8,qwen,qwen4b,16,8,197,0.11487726867198944,,,,
qwen_4b_top16_n8,qwen,qwen4b,16,8,198,0.11273039132356644,,,,
qwen_4b_top16_n8,qwen,qwen4b,16,8,199,0.11285842955112457,,,,
qwen_4b_top16_n8,qwen,qwen4b,16,8,200,0.08841262012720108,24.87115127175368,16.666666666666664,12.916666666666668,45.03012048192771
r1_justrl_top16_n1,r1,justrl,16,1,0,,39.85441767068273,29.166666666666668,24.583333333333332,65.8132530120482
r1_justrl_top16_n1,r1,justrl,16,1,1,0.455453097820282,,,,
r1_justrl_top16_n1,r1,justrl,16,1,2,0.4428612291812897,,,,
r1_justrl_top16_n1,r1,justrl,16,1,3,0.42729929089546204,,,,
r1_justrl_top16_n1,r1,justrl,16,1,4,0.44052523374557495,,,,
r1_justrl_top16_n1,r1,justrl,16,1,5,0.4218701720237732,,,,
r1_justrl_top16_n1,r1,justrl,16,1,6,0.44408589601516724,,,,
r1_justrl_top16_n1,r1,justrl,16,1,7,0.44138386845588684,,,,
r1_justrl_top16_n1,r1,justrl,16,1,8,0.4004058241844177,,,,
r1_justrl_top16_n1,r1,justrl,16,1,9,0.39550867676734924,,,,
r1_justrl_top16_n1,r1,justrl,16,1,10,0.44947299361228943,39.892904953145916,29.583333333333332,24.583333333333332,65.51204819277109
r1_justrl_top16_n1,r1,justrl,16,1,11,0.41633930802345276,,,,
r1_justrl_top16_n1,r1,justrl,16,1,12,0.40338757634162903,,,,
r1_justrl_top16_n1,r1,justrl,16,1,13,0.39160239696502686,,,,
r1_justrl_top16_n1,r1,justrl,16,1,14,0.4175570607185364,,,,
r1_justrl_top16_n1,r1,justrl,16,1,15,0.39412549138069153,,,,
r1_justrl_top16_n1,r1,justrl,16,1,16,0.4016040861606598,,,,
r1_justrl_top16_n1,r1,justrl,16,1,17,0.41634947061538696,,,,
r1_justrl_top16_n1,r1,justrl,16,1,18,0.41626471281051636,,,,
r1_justrl_top16_n1,r1,justrl,16,1,19,0.3823144733905792,,,,
r1_justrl_top16_n1,r1,justrl,16,1,20,0.3778128921985626,39.98159303882196,30.833333333333336,23.75,65.36144578313254
r1_justrl_top16_n1,r1,justrl,16,1,21,0.40007251501083374,,,,
r1_justrl_top16_n1,r1,justrl,16,1,22,0.352462500333786,,,,
r1_justrl_top16_n1,r1,justrl,16,1,23,0.38617122173309326,,,,
r1_justrl_top16_n1,r1,justrl,16,1,24,0.3582201302051544,,,,
r1_justrl_top16_n1,r1,justrl,16,1,25,0.39217811822891235,,,,
r1_justrl_top16_n1,r1,justrl,16,1,26,0.35565105080604553,,,,
r1_justrl_top16_n1,r1,justrl,16,1,27,0.38235801458358765,,,,
r1_justrl_top16_n1,r1,justrl,16,1,28,0.3549841344356537,,,,
r1_justrl_top16_n1,r1,justrl,16,1,29,0.34047049283981323,,,,
r1_justrl_top16_n1,r1,justrl,16,1,30,0.33239418268203735,42.28580990629184,31.666666666666664,26.666666666666668,68.52409638554217
r1_justrl_top16_n1,r1,justrl,16,1,31,0.31937727332115173,,,,
r1_justrl_top16_n1,r1,justrl,16,1,32,0.32894107699394226,,,,
r1_justrl_top16_n1,r1,justrl,16,1,33,0.27727222442626953,,,,
r1_justrl_top16_n1,r1,justrl,16,1,34,0.25591105222702026,,,,
r1_justrl_top16_n1,r1,justrl,16,1,35,0.2646462321281433,,,,
r1_justrl_top16_n1,r1,justrl,16,1,36,0.2727528512477875,,,,
r1_justrl_top16_n1,r1,justrl,16,1,37,0.23384521901607513,,,,
r1_justrl_top16_n1,r1,justrl,16,1,38,0.23608432710170746,,,,
r1_justrl_top16_n1,r1,justrl,16,1,39,0.2227199375629425,,,,
r1_justrl_top16_n1,r1,justrl,16,1,40,0.22762590646743774,44.16499330655957,34.166666666666664,28.749999999999996,69.57831325301204
r1_justrl_top16_n1,r1,justrl,16,1,41,0.23069994151592255,,,,
r1_justrl_top16_n1,r1,justrl,16,1,42,0.2327275276184082,,,,
r1_justrl_top16_n1,r1,justrl,16,1,43,0.24456878006458282,,,,
r1_justrl_top16_n1,r1,justrl,16,1,44,0.20842546224594116,,,,
r1_justrl_top16_n1,r1,justrl,16,1,45,0.2501543164253235,,,,
r1_justrl_top16_n1,r1,justrl,16,1,46,0.2239101678133011,,,,
r1_justrl_top16_n1,r1,justrl,16,1,47,0.18762019276618958,,,,
r1_justrl_top16_n1,r1,justrl,16,1,48,0.22375714778900146,,,,
r1_justrl_top16_n1,r1,justrl,16,1,49,0.19848822057247162,,,,
r1_justrl_top16_n1,r1,justrl,16,1,50,0.21623574197292328,43.821954484605094,33.75,27.083333333333332,70.63253012048193
r1_justrl_top16_n1,r1,justrl,16,1,51,0.19183726608753204,,,,
r1_justrl_top16_n1,r1,justrl,16,1,52,0.19784897565841675,,,,
r1_justrl_top16_n1,r1,justrl,16,1,53,0.1872592568397522,,,,
r1_justrl_top16_n1,r1,justrl,16,1,54,0.1707768440246582,,,,
r1_justrl_top16_n1,r1,justrl,16,1,55,0.18035858869552612,,,,
r1_justrl_top16_n1,r1,justrl,16,1,56,0.14985142648220062,,,,
r1_justrl_top16_n1,r1,justrl,16,1,57,0.17560306191444397,,,,
r1_justrl_top16_n1,r1,justrl,16,1,58,0.15091587603092194,,,,
r1_justrl_top16_n1,r1,justrl,16,1,59,0.1366579830646515,,,,
r1_justrl_top16_n1,r1,justrl,16,1,60,0.14587078988552094,45.045180722891565,34.583333333333336,29.166666666666668,71.3855421686747
r1_justrl_top16_n1,r1,justrl,16,1,61,0.1463635414838791,,,,
r1_justrl_top16_n1,r1,justrl,16,1,62,0.13388782739639282,,,,
r1_justrl_top16_n1,r1,justrl,16,1,63,0.12453552335500717,,,,
r1_justrl_top16_n1,r1,justrl,16,1,64,0.12110687047243118,,,,
r1_justrl_top16_n1,r1,justrl,16,1,65,0.10839112102985382,,,,
r1_justrl_top16_n1,r1,justrl,16,1,66,0.11998800933361053,,,,
r1_justrl_top16_n1,r1,justrl,16,1,67,0.1090744361281395,,,,
r1_justrl_top16_n1,r1,justrl,16,1,68,0.09680770337581635,,,,
r1_justrl_top16_n1,r1,justrl,16,1,69,0.09003232419490814,,,,
r1_justrl_top16_n1,r1,justrl,16,1,70,0.08043701946735382,47.40629183400267,37.916666666666664,32.916666666666664,71.3855421686747
r1_justrl_top16_n1,r1,justrl,16,1,71,0.08655199408531189,,,,
r1_justrl_top16_n1,r1,justrl,16,1,72,0.09361229091882706,,,,
r1_justrl_top16_n1,r1,justrl,16,1,73,0.09270738065242767,,,,
r1_justrl_top16_n1,r1,justrl,16,1,74,0.08046293258666992,,,,
r1_justrl_top16_n1,r1,justrl,16,1,75,0.1347743421792984,,,,
r1_justrl_top16_n1,r1,justrl,16,1,76,0.09219138324260712,,,,
r1_justrl_top16_n1,r1,justrl,16,1,77,0.07444234937429428,,,,
r1_justrl_top16_n1,r1,justrl,16,1,78,0.08076240867376328,,,,
r1_justrl_top16_n1,r1,justrl,16,1,79,0.08974416553974152,,,,
r1_justrl_top16_n1,r1,justrl,16,1,80,0.07645498961210251,46.10274431057564,34.583333333333336,30.833333333333336,72.89156626506023
r1_justrl_top16_n1,r1,justrl,16,1,81,0.07637623697519302,,,,
r1_justrl_top16_n1,r1,justrl,16,1,82,0.0645909532904625,,,,
r1_justrl_top16_n1,r1,justrl,16,1,83,0.06900445371866226,,,,
r1_justrl_top16_n1,r1,justrl,16,1,84,0.08293291181325912,,,,
r1_justrl_top16_n1,r1,justrl,16,1,85,0.06913242489099503,,,,
r1_justrl_top16_n1,r1,justrl,16,1,86,0.08381680399179459,,,,
r1_justrl_top16_n1,r1,justrl,16,1,87,0.06911274790763855,,,,
r1_justrl_top16_n1,r1,justrl,16,1,88,0.08609054982662201,,,,
r1_justrl_top16_n1,r1,justrl,16,1,89,0.06457372009754181,,,,
r1_justrl_top16_n1,r1,justrl,16,1,90,0.05930253863334656,46.971218206157964,37.5,29.166666666666668,74.24698795180723
r1_justrl_top16_n1,r1,justrl,16,1,91,0.06186458840966225,,,,
r1_justrl_top16_n1,r1,justrl,16,1,92,0.06959965825080872,,,,
r1_justrl_top16_n1,r1,justrl,16,1,93,0.07216819375753403,,,,
r1_justrl_top16_n1,r1,justrl,16,1,94,0.06995560228824615,,,,
r1_justrl_top16_n1,r1,justrl,16,1,95,0.06687212735414505,,,,
r1_justrl_top16_n1,r1,justrl,16,1,96,0.07298845052719116,,,,
r1_justrl_top16_n1,r1,justrl,16,1,97,0.06796561181545258,,,,
r1_justrl_top16_n1,r1,justrl,16,1,98,0.06305928528308868,,,,
r1_justrl_top16_n1,r1,justrl,16,1,99,0.06003085523843765,,,,
r1_justrl_top16_n1,r1,justrl,16,1,100,0.06093717738986015,49.29049531459169,41.25,30.416666666666664,76.20481927710844
r1_justrl_top16_n1,r1,justrl,16,1,101,0.06438016891479492,,,,
r1_justrl_top16_n1,r1,justrl,16,1,102,0.0500514879822731,,,,
r1_justrl_top16_n1,r1,justrl,16,1,103,0.048694297671318054,,,,
r1_justrl_top16_n1,r1,justrl,16,1,104,0.04537715017795563,,,,
r1_justrl_top16_n1,r1,justrl,16,1,105,0.04064508154988289,,,,
r1_justrl_top16_n1,r1,justrl,16,1,106,0.0482088178396225,,,,
r1_justrl_top16_n1,r1,justrl,16,1,107,0.04460618272423744,,,,
r1_justrl_top16_n1,r1,justrl,16,1,108,0.04943620041012764,,,,
r1_justrl_top16_n1,r1,justrl,16,1,109,0.04321642592549324,,,,
r1_justrl_top16_n1,r1,justrl,16,1,110,0.03914075717329979,48.69979919678715,41.25,30.0,74.84939759036145
r1_justrl_top16_n1,r1,justrl,16,1,111,0.039750270545482635,,,,
r1_justrl_top16_n1,r1,justrl,16,1,112,0.05313412845134735,,,,
r1_justrl_top16_n1,r1,justrl,16,1,113,0.05864199995994568,,,,
r1_justrl_top16_n1,r1,justrl,16,1,114,0.056021083146333694,,,,
r1_justrl_top16_n1,r1,justrl,16,1,115,0.054299287497997284,,,,
r1_justrl_top16_n1,r1,justrl,16,1,116,0.049359362572431564,,,,
r1_justrl_top16_n1,r1,justrl,16,1,117,0.05813626945018768,,,,
r1_justrl_top16_n1,r1,justrl,16,1,118,0.056480035185813904,,,,
r1_justrl_top16_n1,r1,justrl,16,1,119,0.042896490544080734,,,,
r1_justrl_top16_n1,r1,justrl,16,1,120,0.051203690469264984,50.16566265060241,42.083333333333336,34.166666666666664,74.24698795180723
r1_justrl_top16_n1,r1,justrl,16,1,121,0.05782715603709221,,,,
r1_justrl_top16_n1,r1,justrl,16,1,122,0.05557767674326897,,,,
r1_justrl_top16_n1,r1,justrl,16,1,123,0.05040046572685242,,,,
r1_justrl_top16_n1,r1,justrl,16,1,124,0.053832221776247025,,,,
r1_justrl_top16_n1,r1,justrl,16,1,125,0.05786696821451187,,,,
r1_justrl_top16_n1,r1,justrl,16,1,126,0.03879224881529808,,,,
r1_justrl_top16_n1,r1,justrl,16,1,127,0.050262510776519775,,,,
r1_justrl_top16_n1,r1,justrl,16,1,128,0.05266533046960831,,,,
r1_justrl_top16_n1,r1,justrl,16,1,129,0.0435677170753479,,,,
r1_justrl_top16_n1,r1,justrl,16,1,130,0.03649894520640373,50.18574297188755,42.083333333333336,31.666666666666664,76.80722891566265
r1_justrl_top16_n1,r1,justrl,16,1,131,0.038492560386657715,,,,
r1_justrl_top16_n1,r1,justrl,16,1,132,0.043172743171453476,,,,
r1_justrl_top16_n1,r1,justrl,16,1,133,0.08746769279241562,,,,
r1_justrl_top16_n1,r1,justrl,16,1,134,0.04382932931184769,,,,
r1_justrl_top16_n1,r1,justrl,16,1,135,0.031213970854878426,,,,
r1_justrl_top16_n1,r1,justrl,16,1,136,0.041133277118206024,,,,
r1_justrl_top16_n1,r1,justrl,16,1,137,0.027937211096286774,,,,
r1_justrl_top16_n1,r1,justrl,16,1,138,0.025880316272377968,,,,
r1_justrl_top16_n1,r1,justrl,16,1,139,0.03534919396042824,,,,
r1_justrl_top16_n1,r1,justrl,16,1,140,0.02441706694662571,50.00836680053548,43.75,29.166666666666668,77.10843373493977
r1_justrl_top16_n1,r1,justrl,16,1,141,0.03424413129687309,,,,
r1_justrl_top16_n1,r1,justrl,16,1,142,0.03176857531070709,,,,
r1_justrl_top16_n1,r1,justrl,16,1,143,0.02897859364748001,,,,
r1_justrl_top16_n1,r1,justrl,16,1,144,0.031056661158800125,,,,
r1_justrl_top16_n1,r1,justrl,16,1,145,0.02490607649087906,,,,
r1_justrl_top16_n1,r1,justrl,16,1,146,0.030923044309020042,,,,
r1_justrl_top16_n1,r1,justrl,16,1,147,0.02409558929502964,,,,
r1_justrl_top16_n1,r1,justrl,16,1,148,0.037573911249637604,,,,
r1_justrl_top16_n1,r1,justrl,16,1,149,0.03098057396709919,,,,
r1_justrl_top16_n1,r1,justrl,16,1,150,0.027324171736836433,52.06492637215529,42.5,35.833333333333336,77.86144578313254
r1_justrl_top16_n1,r1,justrl,16,1,151,0.020014021545648575,,,,
r1_justrl_top16_n1,r1,justrl,16,1,152,0.029840394854545593,,,,
r1_justrl_top16_n1,r1,justrl,16,1,153,0.03041529841721058,,,,
r1_justrl_top16_n1,r1,justrl,16,1,154,0.025419095531105995,,,,
r1_justrl_top16_n1,r1,justrl,16,1,155,0.034598130732774734,,,,
r1_justrl_top16_n1,r1,justrl,16,1,156,0.024926625192165375,,,,
r1_justrl_top16_n1,r1,justrl,16,1,157,0.030757717788219452,,,,
r1_justrl_top16_n1,r1,justrl,16,1,158,0.029127418994903564,,,,
r1_justrl_top16_n1,r1,justrl,16,1,159,0.027372965589165688,,,,
r1_justrl_top16_n1,r1,justrl,16,1,160,0.023095667362213135,51.43239625167336,42.916666666666664,32.916666666666664,78.46385542168674
r1_justrl_top16_n1,r1,justrl,16,1,161,0.02828723005950451,,,,
r1_justrl_top16_n1,r1,justrl,16,1,162,0.02518698200583458,,,,
r1_justrl_top16_n1,r1,justrl,16,1,163,0.023457853123545647,,,,
r1_justrl_top16_n1,r1,justrl,16,1,164,0.024763435125350952,,,,
r1_justrl_top16_n1,r1,justrl,16,1,165,0.021882053464651108,,,,
r1_justrl_top16_n1,r1,justrl,16,1,166,0.020618092268705368,,,,
r1_justrl_top16_n1,r1,justrl,16,1,167,0.02206013724207878,,,,
r1_justrl_top16_n1,r1,justrl,16,1,168,0.023240795359015465,,,,
r1_justrl_top16_n1,r1,justrl,16,1,169,0.01832086406648159,,,,
r1_justrl_top16_n1,r1,justrl,16,1,170,0.029062675312161446,53.102409638554214,47.91666666666667,34.583333333333336,76.80722891566265
r1_justrl_top16_n1,r1,justrl,16,1,171,0.026371212676167488,,,,
r1_justrl_top16_n1,r1,justrl,16,1,172,0.021091803908348083,,,,
r1_justrl_top16_n1,r1,justrl,16,1,173,0.02319534681737423,,,,
r1_justrl_top16_n1,r1,justrl,16,1,174,0.01689421385526657,,,,
r1_justrl_top16_n1,r1,justrl,16,1,175,0.024964984506368637,,,,
r1_justrl_top16_n1,r1,justrl,16,1,176,0.02201393060386181,,,,
r1_justrl_top16_n1,r1,justrl,16,1,177,0.06172165274620056,,,,
r1_justrl_top16_n1,r1,justrl,16,1,178,0.04009242728352547,,,,
r1_justrl_top16_n1,r1,justrl,16,1,179,0.031286854296922684,,,,
r1_justrl_top16_n1,r1,justrl,16,1,180,0.03487098962068558,51.450803212851405,42.916666666666664,35.833333333333336,75.6024096385542
r1_justrl_top16_n1,r1,justrl,16,1,181,0.03207381069660187,,,,
r1_justrl_top16_n1,r1,justrl,16,1,182,0.03293440118432045,,,,
r1_justrl_top16_n1,r1,justrl,16,1,183,0.028934355825185776,,,,
r1_justrl_top16_n1,r1,justrl,16,1,184,0.05863664671778679,,,,
r1_justrl_top16_n1,r1,justrl,16,1,185,0.02573697455227375,,,,
r1_justrl_top16_n1,r1,justrl,16,1,186,0.043497610837221146,,,,
r1_justrl_top16_n1,r1,justrl,16,1,187,0.030602918937802315,,,,
r1_justrl_top16_n1,r1,justrl,16,1,188,0.037608347833156586,,,,
r1_justrl_top16_n1,r1,justrl,16,1,189,0.029144568368792534,,,,
r1_justrl_top16_n1,r1,justrl,16,1,190,0.041719041764736176,50.776439089692104,40.0,34.166666666666664,78.16265060240963
r1_justrl_top16_n1,r1,justrl,16,1,191,0.029700249433517456,,,,
r1_justrl_top16_n1,r1,justrl,16,1,192,0.03667636588215828,,,,
r1_justrl_top16_n1,r1,justrl,16,1,193,0.025990411639213562,,,,
r1_justrl_top16_n1,r1,justrl,16,1,194,0.03522573783993721,,,,
r1_justrl_top16_n1,r1,justrl,16,1,195,0.03534701094031334,,,,
r1_justrl_top16_n1,r1,justrl,16,1,196,0.02946382761001587,,,,
r1_justrl_top16_n1,r1,justrl,16,1,197,0.026793355122208595,,,,
r1_justrl_top16_n1,r1,justrl,16,1,198,0.02997271902859211,,,,
r1_justrl_top16_n1,r1,justrl,16,1,199,0.028564976528286934,,,,
r1_justrl_top16_n1,r1,justrl,16,1,200,0.03212021291255951,51.88420348058903,44.166666666666664,31.666666666666664,79.81927710843374
r1_justrl_full_n1,r1,justrl,151936,1,0,,39.85441767068273,29.166666666666668,24.583333333333332,65.8132530120482
r1_justrl_full_n1,r1,justrl,151936,1,1,0.44614550471305847,,,,
r1_justrl_full_n1,r1,justrl,151936,1,2,0.4522295296192169,,,,
r1_justrl_full_n1,r1,justrl,151936,1,3,0.4419802129268646,,,,
r1_justrl_full_n1,r1,justrl,151936,1,4,0.42025044560432434,,,,
r1_justrl_full_n1,r1,justrl,151936,1,5,0.43747442960739136,,,,
r1_justrl_full_n1,r1,justrl,151936,1,6,0.4098140299320221,,,,
r1_justrl_full_n1,r1,justrl,151936,1,7,0.4288161098957062,,,,
r1_justrl_full_n1,r1,justrl,151936,1,8,0.4259551763534546,,,,
r1_justrl_full_n1,r1,justrl,151936,1,9,0.4429507553577423,,,,
r1_justrl_full_n1,r1,justrl,151936,1,10,0.4104502201080322,41.875836680053546,35.41666666666667,25.0,65.21084337349397
r1_justrl_full_n1,r1,justrl,151936,1,11,0.4211905300617218,,,,
r1_justrl_full_n1,r1,justrl,151936,1,12,0.42454153299331665,,,,
r1_justrl_full_n1,r1,justrl,151936,1,13,0.4073985815048218,,,,
r1_justrl_full_n1,r1,justrl,151936,1,14,0.43902623653411865,,,,
r1_justrl_full_n1,r1,justrl,151936,1,15,0.3831990659236908,,,,
r1_justrl_full_n1,r1,justrl,151936,1,16,0.40120190382003784,,,,
r1_justrl_full_n1,r1,justrl,151936,1,17,0.41946321725845337,,,,
r1_justrl_full_n1,r1,justrl,151936,1,18,0.3772648274898529,,,,
r1_justrl_full_n1,r1,justrl,151936,1,19,0.38677942752838135,,,,
r1_justrl_full_n1,r1,justrl,151936,1,20,0.4105280935764313,41.04250334672022,31.666666666666664,26.25,65.21084337349397
r1_justrl_full_n1,r1,justrl,151936,1,21,0.3704049289226532,,,,
r1_justrl_full_n1,r1,justrl,151936,1,22,0.3621407151222229,,,,
r1_justrl_full_n1,r1,justrl,151936,1,23,0.3659183084964752,,,,
r1_justrl_full_n1,r1,justrl,151936,1,24,0.3559761643409729,,,,
r1_justrl_full_n1,r1,justrl,151936,1,25,0.3659181296825409,,,,
r1_justrl_full_n1,r1,justrl,151936,1,26,0.3593088686466217,,,,
r1_justrl_full_n1,r1,justrl,151936,1,27,0.3704659938812256,,,,
r1_justrl_full_n1,r1,justrl,151936,1,28,0.34867173433303833,,,,
r1_justrl_full_n1,r1,justrl,151936,1,29,0.36321166157722473,,,,
r1_justrl_full_n1,r1,justrl,151936,1,30,0.3469707667827606,40.58400267737617,30.0,24.583333333333332,67.16867469879519
r1_justrl_full_n1,r1,justrl,151936,1,31,0.2932910919189453,,,,
r1_justrl_full_n1,r1,justrl,151936,1,32,0.27413639426231384,,,,
r1_justrl_full_n1,r1,justrl,151936,1,33,0.25904059410095215,,,,
r1_justrl_full_n1,r1,justrl,151936,1,34,0.2260526865720749,,,,
r1_justrl_full_n1,r1,justrl,151936,1,35,0.21747128665447235,,,,
r1_justrl_full_n1,r1,justrl,151936,1,36,0.24077296257019043,,,,
r1_justrl_full_n1,r1,justrl,151936,1,37,0.2269199937582016,,,,
r1_justrl_full_n1,r1,justrl,151936,1,38,0.22750727832317352,,,,
r1_justrl_full_n1,r1,justrl,151936,1,39,0.23959356546401978,,,,
r1_justrl_full_n1,r1,justrl,151936,1,40,0.20776709914207458,40.99732262382865,27.916666666666668,26.25,68.82530120481928
r1_justrl_full_n1,r1,justrl,151936,1,41,0.19869934022426605,,,,
r1_justrl_full_n1,r1,justrl,151936,1,42,0.2358761727809906,,,,
r1_justrl_full_n1,r1,justrl,151936,1,43,0.22429043054580688,,,,
r1_justrl_full_n1,r1,justrl,151936,1,44,0.20915894210338593,,,,
r1_justrl_full_n1,r1,justrl,151936,1,45,0.22302789986133575,,,,
r1_justrl_full_n1,r1,justrl,151936,1,46,0.20737703144550323,,,,
r1_justrl_full_n1,r1,justrl,151936,1,47,0.19202463328838348,,,,
r1_justrl_full_n1,r1,justrl,151936,1,48,0.23171943426132202,,,,
r1_justrl_full_n1,r1,justrl,151936,1,49,0.19702079892158508,,,,
r1_justrl_full_n1,r1,justrl,151936,1,50,0.18087880313396454,44.09638554216868,32.083333333333336,27.916666666666668,72.28915662650603
r1_justrl_full_n1,r1,justrl,151936,1,51,0.19527584314346313,,,,
r1_justrl_full_n1,r1,justrl,151936,1,52,0.1921374499797821,,,,
r1_justrl_full_n1,r1,justrl,151936,1,53,0.18991732597351074,,,,
r1_justrl_full_n1,r1,justrl,151936,1,54,0.16275955736637115,,,,
r1_justrl_full_n1,r1,justrl,151936,1,55,0.17850932478904724,,,,
r1_justrl_full_n1,r1,justrl,151936,1,56,0.17136739194393158,,,,
r1_justrl_full_n1,r1,justrl,151936,1,57,0.1853603571653366,,,,
r1_justrl_full_n1,r1,justrl,151936,1,58,0.15928857028484344,,,,
r1_justrl_full_n1,r1,justrl,151936,1,59,0.16127754747867584,,,,
r1_justrl_full_n1,r1,justrl,151936,1,60,0.14305342733860016,45.47021419009371,36.666666666666664,26.25,73.49397590361446
r1_justrl_full_n1,r1,justrl,151936,1,61,0.12626232206821442,,,,
r1_justrl_full_n1,r1,justrl,151936,1,62,0.13802194595336914,,,,
r1_justrl_full_n1,r1,justrl,151936,1,63,0.1373676061630249,,,,
r1_justrl_full_n1,r1,justrl,151936,1,64,0.11546434462070465,,,,
r1_justrl_full_n1,r1,justrl,151936,1,65,0.10682545602321625,,,,
r1_justrl_full_n1,r1,justrl,151936,1,66,0.14329282939434052,,,,
r1_justrl_full_n1,r1,justrl,151936,1,67,0.12610945105552673,,,,
r1_justrl_full_n1,r1,justrl,151936,1,68,0.0942063182592392,,,,
r1_justrl_full_n1,r1,justrl,151936,1,69,0.10033925622701645,,,,
r1_justrl_full_n1,r1,justrl,151936,1,70,0.08443805575370789,46.0140562248996,37.083333333333336,27.916666666666668,73.04216867469879
r1_justrl_full_n1,r1,justrl,151936,1,71,0.08593335747718811,,,,
r1_justrl_full_n1,r1,justrl,151936,1,72,0.08713860809803009,,,,
r1_justrl_full_n1,r1,justrl,151936,1,73,0.09767968952655792,,,,
r1_justrl_full_n1,r1,justrl,151936,1,74,0.08510419726371765,,,,
r1_justrl_full_n1,r1,justrl,151936,1,75,0.08368494361639023,,,,
r1_justrl_full_n1,r1,justrl,151936,1,76,0.13683313131332397,,,,
r1_justrl_full_n1,r1,justrl,151936,1,77,0.0760541781783104,,,,
r1_justrl_full_n1,r1,justrl,151936,1,78,0.09855350852012634,,,,
r1_justrl_full_n1,r1,justrl,151936,1,79,0.07716632634401321,,,,
r1_justrl_full_n1,r1,justrl,151936,1,80,0.06751996278762817,47.21385542168675,39.58333333333333,29.166666666666668,72.89156626506023
r1_justrl_full_n1,r1,justrl,151936,1,81,0.06926118582487106,,,,
r1_justrl_full_n1,r1,justrl,151936,1,82,0.06774766743183136,,,,
r1_justrl_full_n1,r1,justrl,151936,1,83,0.09946542233228683,,,,
r1_justrl_full_n1,r1,justrl,151936,1,84,0.07635234296321869,,,,
r1_justrl_full_n1,r1,justrl,151936,1,85,0.07478723675012589,,,,
r1_justrl_full_n1,r1,justrl,151936,1,86,0.07460927218198776,,,,
r1_justrl_full_n1,r1,justrl,151936,1,87,0.07313171029090881,,,,
r1_justrl_full_n1,r1,justrl,151936,1,88,0.08264041692018509,,,,
r1_justrl_full_n1,r1,justrl,151936,1,89,0.05899656191468239,,,,
r1_justrl_full_n1,r1,justrl,151936,1,90,0.06410537660121918,48.30990629183401,38.75,32.083333333333336,74.09638554216868
r1_justrl_full_n1,r1,justrl,151936,1,91,0.061134301126003265,,,,
r1_justrl_full_n1,r1,justrl,151936,1,92,0.0558684766292572,,,,
r1_justrl_full_n1,r1,justrl,151936,1,93,0.06542854756116867,,,,
r1_justrl_full_n1,r1,justrl,151936,1,94,0.05607978254556656,,,,
r1_justrl_full_n1,r1,justrl,151936,1,95,0.06567489355802536,,,,
r1_justrl_full_n1,r1,justrl,151936,1,96,0.06834625452756882,,,,
r1_justrl_full_n1,r1,justrl,151936,1,97,0.06941112875938416,,,,
r1_justrl_full_n1,r1,justrl,151936,1,98,0.05954749509692192,,,,
r1_justrl_full_n1,r1,justrl,151936,1,99,0.06671040505170822,,,,
r1_justrl_full_n1,r1,justrl,151936,1,100,0.06046892702579498,48.510709504685416,38.75,32.083333333333336,74.69879518072288
r1_justrl_full_n1,r1,justrl,151936,1,101,0.05456863343715668,,,,
r1_justrl_full_n1,r1,justrl,151936,1,102,0.045891858637332916,,,,
r1_justrl_full_n1,r1,justrl,151936,1,103,0.05003644898533821,,,,
r1_justrl_full_n1,r1,justrl,151936,1,104,0.04393865168094635,,,,
r1_justrl_full_n1,r1,justrl,151936,1,105,0.044768497347831726,,,,
r1_justrl_full_n1,r1,justrl,151936,1,106,0.04912998899817467,,,,
r1_justrl_full_n1,r1,justrl,151936,1,107,0.03911871835589409,,,,
r1_justrl_full_n1,r1,justrl,151936,1,108,0.04435895010828972,,,,
r1_justrl_full_n1,r1,justrl,151936,1,109,0.04215964302420616,,,,
r1_justrl_full_n1,r1,justrl,151936,1,110,0.07739825546741486,49.91967871485944,42.083333333333336,30.416666666666664,77.2590361445783
r1_justrl_full_n1,r1,justrl,151936,1,111,0.04056498408317566,,,,
r1_justrl_full_n1,r1,justrl,151936,1,112,0.051869649440050125,,,,
r1_justrl_full_n1,r1,justrl,151936,1,113,0.0753912702202797,,,,
r1_justrl_full_n1,r1,justrl,151936,1,114,0.05040239915251732,,,,
r1_justrl_full_n1,r1,justrl,151936,1,115,0.0596911758184433,,,,
r1_justrl_full_n1,r1,justrl,151936,1,116,0.04178522899746895,,,,
r1_justrl_full_n1,r1,justrl,151936,1,117,0.05392654985189438,,,,
r1_justrl_full_n1,r1,justrl,151936,1,118,0.06070137023925781,,,,
r1_justrl_full_n1,r1,justrl,151936,1,119,0.04709398001432419,,,,
r1_justrl_full_n1,r1,justrl,151936,1,120,0.04875091835856438,48.614457831325296,40.0,32.5,73.3433734939759
r1_justrl_full_n1,r1,justrl,151936,1,121,0.04487611725926399,,,,
r1_justrl_full_n1,r1,justrl,151936,1,122,0.062306661158800125,,,,
r1_justrl_full_n1,r1,justrl,151936,1,123,0.05397970974445343,,,,
r1_justrl_full_n1,r1,justrl,151936,1,124,0.04990548640489578,,,,
r1_justrl_full_n1,r1,justrl,151936,1,125,0.06302027404308319,,,,
r1_justrl_full_n1,r1,justrl,151936,1,126,0.03783807530999184,,,,
r1_justrl_full_n1,r1,justrl,151936,1,127,0.05200488865375519,,,,
r1_justrl_full_n1,r1,justrl,151936,1,128,0.04943256825208664,,,,
r1_justrl_full_n1,r1,justrl,151936,1,129,0.05313969403505325,,,,
r1_justrl_full_n1,r1,justrl,151936,1,130,0.03967488929629326,50.833333333333336,43.75,33.75,75.0
r1_justrl_full_n1,r1,justrl,151936,1,131,0.04966449365019798,,,,
r1_justrl_full_n1,r1,justrl,151936,1,132,0.06901846826076508,,,,
r1_justrl_full_n1,r1,justrl,151936,1,133,0.04764533415436745,,,,
r1_justrl_full_n1,r1,justrl,151936,1,134,0.04217096045613289,,,,
r1_justrl_full_n1,r1,justrl,151936,1,135,0.032841477543115616,,,,
r1_justrl_full_n1,r1,justrl,151936,1,136,0.03925730288028717,,,,
r1_justrl_full_n1,r1,justrl,151936,1,137,0.027177561074495316,,,,
r1_justrl_full_n1,r1,justrl,151936,1,138,0.026240093633532524,,,,
r1_justrl_full_n1,r1,justrl,151936,1,139,0.03174229711294174,,,,
r1_justrl_full_n1,r1,justrl,151936,1,140,0.02737330086529255,50.93038821954485,40.0,35.833333333333336,76.95783132530121
r1_justrl_full_n1,r1,justrl,151936,1,141,0.031442634761333466,,,,
r1_justrl_full_n1,r1,justrl,151936,1,142,0.03216089680790901,,,,
r1_justrl_full_n1,r1,justrl,151936,1,143,0.035010699182748795,,,,
r1_justrl_full_n1,r1,justrl,151936,1,144,0.030614327639341354,,,,
r1_justrl_full_n1,r1,justrl,151936,1,145,0.03895675018429756,,,,
r1_justrl_full_n1,r1,justrl,151936,1,146,0.03441324830055237,,,,
r1_justrl_full_n1,r1,justrl,151936,1,147,0.027514666318893433,,,,
r1_justrl_full_n1,r1,justrl,151936,1,148,0.08377185463905334,,,,
r1_justrl_full_n1,r1,justrl,151936,1,149,0.026559829711914062,,,,
r1_justrl_full_n1,r1,justrl,151936,1,150,0.032894447445869446,50.85676037483265,43.75,32.916666666666664,75.90361445783132
r1_justrl_full_n1,r1,justrl,151936,1,151,0.025477122515439987,,,,
r1_justrl_full_n1,r1,justrl,151936,1,152,0.03130785748362541,,,,
r1_justrl_full_n1,r1,justrl,151936,1,153,0.07123300433158875,,,,
r1_justrl_full_n1,r1,justrl,151936,1,154,0.029331296682357788,,,,
r1_justrl_full_n1,r1,justrl,151936,1,155,0.034559886902570724,,,,
r1_justrl_full_n1,r1,justrl,151936,1,156,0.018683739006519318,,,,
r1_justrl_full_n1,r1,justrl,151936,1,157,0.03170193359255791,,,,
r1_justrl_full_n1,r1,justrl,151936,1,158,0.02060740627348423,,,,
r1_justrl_full_n1,r1,justrl,151936,1,159,0.02457543835043907,,,,
r1_justrl_full_n1,r1,justrl,151936,1,160,0.02976173534989357,51.94109772423025,47.5,31.666666666666664,76.6566265060241
r1_justrl_full_n1,r1,justrl,151936,1,161,0.02875329926609993,,,,
r1_justrl_full_n1,r1,justrl,151936,1,162,0.031674373894929886,,,,
r1_justrl_full_n1,r1,justrl,151936,1,163,0.08211591094732285,,,,
r1_justrl_full_n1,r1,justrl,151936,1,164,0.0287629384547472,,,,
r1_justrl_full_n1,r1,justrl,151936,1,165,0.022534199059009552,,,,
r1_justrl_full_n1,r1,justrl,151936,1,166,0.02640593983232975,,,,
r1_justrl_full_n1,r1,justrl,151936,1,167,0.01875709742307663,,,,
r1_justrl_full_n1,r1,justrl,151936,1,168,0.03046596795320511,,,,
r1_justrl_full_n1,r1,justrl,151936,1,169,0.032300032675266266,,,,
r1_justrl_full_n1,r1,justrl,151936,1,170,0.030091598629951477,52.493306559571614,43.75,35.41666666666667,78.3132530120482
r1_justrl_full_n1,r1,justrl,151936,1,171,0.031216992065310478,,,,
r1_justrl_full_n1,r1,justrl,151936,1,172,0.021146245300769806,,,,
r1_justrl_full_n1,r1,justrl,151936,1,173,0.01685616932809353,,,,
r1_justrl_full_n1,r1,justrl,151936,1,174,0.022197309881448746,,,,
r1_justrl_full_n1,r1,justrl,151936,1,175,0.028038106858730316,,,,
r1_justrl_full_n1,r1,justrl,151936,1,176,0.027561945840716362,,,,
r1_justrl_full_n1,r1,justrl,151936,1,177,0.03675181046128273,,,,
r1_justrl_full_n1,r1,justrl,151936,1,178,0.034820519387722015,,,,
r1_justrl_full_n1,r1,justrl,151936,1,179,0.028343699872493744,,,,
r1_justrl_full_n1,r1,justrl,151936,1,180,0.05222490057349205,51.69846050870148,43.333333333333336,33.75,78.01204819277109
r1_justrl_full_n1,r1,justrl,151936,1,181,0.025855937972664833,,,,
r1_justrl_full_n1,r1,justrl,151936,1,182,0.05280762538313866,,,,
r1_justrl_full_n1,r1,justrl,151936,1,183,0.05555372312664986,,,,
r1_justrl_full_n1,r1,justrl,151936,1,184,0.07140319049358368,,,,
r1_justrl_full_n1,r1,justrl,151936,1,185,0.022606387734413147,,,,
r1_justrl_full_n1,r1,justrl,151936,1,186,0.109678715467453,,,,
r1_justrl_full_n1,r1,justrl,151936,1,187,0.028707394376397133,,,,
r1_justrl_full_n1,r1,justrl,151936,1,188,0.09873630106449127,,,,
r1_justrl_full_n1,r1,justrl,151936,1,189,0.06585828959941864,,,,
r1_justrl_full_n1,r1,justrl,151936,1,190,0.037380240857601166,50.95381526104418,40.833333333333336,34.166666666666664,77.86144578313254
r1_justrl_full_n1,r1,justrl,151936,1,191,0.029824379831552505,,,,
r1_justrl_full_n1,r1,justrl,151936,1,192,0.024820959195494652,,,,
r1_justrl_full_n1,r1,justrl,151936,1,193,0.030011605471372604,,,,
r1_justrl_full_n1,r1,justrl,151936,1,194,0.024606700986623764,,,,
r1_justrl_full_n1,r1,justrl,151936,1,195,0.029705854132771492,,,,
r1_justrl_full_n1,r1,justrl,151936,1,196,0.024681508541107178,,,,
r1_justrl_full_n1,r1,justrl,151936,1,197,0.065081387758255,,,,
r1_justrl_full_n1,r1,justrl,151936,1,198,0.025919698178768158,,,,
r1_justrl_full_n1,r1,justrl,151936,1,199,0.03372545167803764,,,,
r1_justrl_full_n1,r1,justrl,151936,1,200,0.03658821061253548,50.46352074966533,40.833333333333336,33.75,76.80722891566265
r1_justrl_top16_n8,r1,justrl,16,8,0,,39.85441767068273,29.166666666666668,24.583333333333332,65.8132530120482
r1_justrl_top16_n8,r1,justrl,16,8,1,0.4584561884403229,,,,
r1_justrl_top16_n8,r1,justrl,16,8,2,0.45779627561569214,,,,
r1_justrl_top16_n8,r1,justrl,16,8,3,0.442949503660202,,,,
r1_justrl_top16_n8,r1,justrl,16,8,4,0.43027886748313904,,,,
r1_justrl_top16_n8,r1,justrl,16,8,5,0.42484936118125916,,,,
r1_justrl_top16_n8,r1,justrl,16,8,6,0.4134921431541443,,,,
r1_justrl_top16_n8,r1,justrl,16,8,7,0.4298112094402313,,,,
r1_justrl_top16_n8,r1,justrl,16,8,8,0.4190136790275574,,,,
r1_justrl_top16_n8,r1,justrl,16,8,9,0.4227798879146576,,,,
r1_justrl_top16_n8,r1,justrl,16,8,10,0.4183480739593506,40.409973226238286,32.5,22.916666666666664,65.8132530120482
r1_justrl_top16_n8,r1,justrl,16,8,11,0.40122270584106445,,,,
r1_justrl_top16_n8,r1,justrl,16,8,12,0.4267064332962036,,,,
r1_justrl_top16_n8,r1,justrl,16,8,13,0.40409600734710693,,,,
r1_justrl_top16_n8,r1,justrl,16,8,14,0.41353359818458557,,,,
r1_justrl_top16_n8,r1,justrl,16,8,15,0.3947720229625702,,,,
r1_justrl_top16_n8,r1,justrl,16,8,16,0.4013499617576599,,,,
r1_justrl_top16_n8,r1,justrl,16,8,17,0.390616774559021,,,,
r1_justrl_top16_n8,r1,justrl,16,8,18,0.3825112283229828,,,,
r1_justrl_top16_n8,r1,justrl,16,8,19,0.3809484541416168,,,,
r1_justrl_top16_n8,r1,justrl,16,8,20,0.4024403393268585,40.784805890227574,32.083333333333336,22.5,67.7710843373494
r1_justrl_top16_n8,r1,justrl,16,8,21,0.3741619288921356,,,,
r1_justrl_top16_n8,r1,justrl,16,8,22,0.36862245202064514,,,,
r1_justrl_top16_n8,r1,justrl,16,8,23,0.3769879937171936,,,,
r1_justrl_top16_n8,r1,justrl,16,8,24,0.3606448769569397,,,,
r1_justrl_top16_n8,r1,justrl,16,8,25,0.3746853172779083,,,,
r1_justrl_top16_n8,r1,justrl,16,8,26,0.36664488911628723,,,,
r1_justrl_top16_n8,r1,justrl,16,8,27,0.3737264573574066,,,,
r1_justrl_top16_n8,r1,justrl,16,8,28,0.3496928811073303,,,,
r1_justrl_top16_n8,r1,justrl,16,8,29,0.37180328369140625,,,,
r1_justrl_top16_n8,r1,justrl,16,8,30,0.34294483065605164,42.25066934404284,35.0,24.583333333333332,67.16867469879519
r1_justrl_top16_n8,r1,justrl,16,8,31,0.3034626543521881,,,,
r1_justrl_top16_n8,r1,justrl,16,8,32,0.3087962865829468,,,,
r1_justrl_top16_n8,r1,justrl,16,8,33,0.2710886299610138,,,,
r1_justrl_top16_n8,r1,justrl,16,8,34,0.2502216100692749,,,,
r1_justrl_top16_n8,r1,justrl,16,8,35,0.24451828002929688,,,,
r1_justrl_top16_n8,r1,justrl,16,8,36,0.23471751809120178,,,,
r1_justrl_top16_n8,r1,justrl,16,8,37,0.2367471158504486,,,,
r1_justrl_top16_n8,r1,justrl,16,8,38,0.22972527146339417,,,,
r1_justrl_top16_n8,r1,justrl,16,8,39,0.23708964884281158,,,,
r1_justrl_top16_n8,r1,justrl,16,8,40,0.2237090915441513,43.1074297188755,34.583333333333336,26.666666666666668,68.07228915662651
r1_justrl_top16_n8,r1,justrl,16,8,41,0.21745124459266663,,,,
r1_justrl_top16_n8,r1,justrl,16,8,42,0.21852129697799683,,,,
r1_justrl_top16_n8,r1,justrl,16,8,43,0.2150525599718094,,,,
r1_justrl_top16_n8,r1,justrl,16,8,44,0.2101103514432907,,,,
r1_justrl_top16_n8,r1,justrl,16,8,45,0.22877901792526245,,,,
r1_justrl_top16_n8,r1,justrl,16,8,46,0.211923286318779,,,,
r1_justrl_top16_n8,r1,justrl,16,8,47,0.19883966445922852,,,,
r1_justrl_top16_n8,r1,justrl,16,8,48,0.21784640848636627,,,,
r1_justrl_top16_n8,r1,justrl,16,8,49,0.1911720335483551,,,,
r1_justrl_top16_n8,r1,justrl,16,8,50,0.19774629175662994,42.96184738955824,28.333333333333332,29.166666666666668,71.3855421686747
r1_justrl_top16_n8,r1,justrl,16,8,51,0.18435585498809814,,,,
r1_justrl_top16_n8,r1,justrl,16,8,52,0.20105889439582825,,,,
r1_justrl_top16_n8,r1,justrl,16,8,53,0.18240047991275787,,,,
r1_justrl_top16_n8,r1,justrl,16,8,54,0.16045671701431274,,,,
r1_justrl_top16_n8,r1,justrl,16,8,55,0.16565027832984924,,,,
r1_justrl_top16_n8,r1,justrl,16,8,56,0.16376237571239471,,,,
r1_justrl_top16_n8,r1,justrl,16,8,57,0.15032640099525452,,,,
r1_justrl_top16_n8,r1,justrl,16,8,58,0.1438358575105667,,,,
r1_justrl_top16_n8,r1,justrl,16,8,59,0.14662419259548187,,,,
r1_justrl_top16_n8,r1,justrl,16,8,60,0.1278865933418274,47.31425702811245,38.75,30.0,73.19277108433735
r1_justrl_top16_n8,r1,justrl,16,8,61,0.12564213573932648,,,,
r1_justrl_top16_n8,r1,justrl,16,8,62,0.12112978845834732,,,,
r1_justrl_top16_n8,r1,justrl,16,8,63,0.11734948307275772,,,,
r1_justrl_top16_n8,r1,justrl,16,8,64,0.10792188346385956,,,,
r1_justrl_top16_n8,r1,justrl,16,8,65,0.09961775690317154,,,,
r1_justrl_top16_n8,r1,justrl,16,8,66,0.1020975187420845,,,,
r1_justrl_top16_n8,r1,justrl,16,8,67,0.1021074578166008,,,,
r1_justrl_top16_n8,r1,justrl,16,8,68,0.09366592764854431,,,,
r1_justrl_top16_n8,r1,justrl,16,8,69,0.09153474122285843,,,,
r1_justrl_top16_n8,r1,justrl,16,8,70,0.08192966133356094,47.71586345381527,37.916666666666664,30.833333333333336,74.3975903614458
r1_justrl_top16_n8,r1,justrl,16,8,71,0.08619781583547592,,,,
r1_justrl_top16_n8,r1,justrl,16,8,72,0.08287709206342697,,,,
r1_justrl_top16_n8,r1,justrl,16,8,73,0.08436986804008484,,,,
r1_justrl_top16_n8,r1,justrl,16,8,74,0.07617272436618805,,,,
r1_justrl_top16_n8,r1,justrl,16,8,75,0.08361613005399704,,,,
r1_justrl_top16_n8,r1,justrl,16,8,76,0.07656364142894745,,,,
r1_justrl_top16_n8,r1,justrl,16,8,77,0.06727299839258194,,,,
r1_justrl_top16_n8,r1,justrl,16,8,78,0.08366096019744873,,,,
r1_justrl_top16_n8,r1,justrl,16,8,79,0.07295368611812592,,,,
r1_justrl_top16_n8,r1,justrl,16,8,80,0.07400135695934296,47.88989290495315,37.083333333333336,30.833333333333336,75.75301204819277
r1_justrl_top16_n8,r1,justrl,16,8,81,0.06706587225198746,,,,
r1_justrl_top16_n8,r1,justrl,16,8,82,0.06811222434043884,,,,
r1_justrl_top16_n8,r1,justrl,16,8,83,0.07005251944065094,,,,
r1_justrl_top16_n8,r1,justrl,16,8,84,0.07702235877513885,,,,
r1_justrl_top16_n8,r1,justrl,16,8,85,0.068398118019104,,,,
r1_justrl_top16_n8,r1,justrl,16,8,86,0.0706649124622345,,,,
r1_justrl_top16_n8,r1,justrl,16,8,87,0.06914112716913223,,,,
r1_justrl_top16_n8,r1,justrl,16,8,88,0.07663851231336594,,,,
r1_justrl_top16_n8,r1,justrl,16,8,89,0.05348840355873108,,,,
r1_justrl_top16_n8,r1,justrl,16,8,90,0.06756840646266937,49.41767068273092,42.5,30.0,75.75301204819277
r1_justrl_top16_n8,r1,justrl,16,8,91,0.06172863021492958,,,,
r1_justrl_top16_n8,r1,justrl,16,8,92,0.0672193393111229,,,,
r1_justrl_top16_n8,r1,justrl,16,8,93,0.07107527554035187,,,,
r1_justrl_top16_n8,r1,justrl,16,8,94,0.06510318070650101,,,,
r1_justrl_top16_n8,r1,justrl,16,8,95,0.06423963606357574,,,,
r1_justrl_top16_n8,r1,justrl,16,8,96,0.061041589826345444,,,,
r1_justrl_top16_n8,r1,justrl,16,8,97,0.07305736839771271,,,,
r1_justrl_top16_n8,r1,justrl,16,8,98,0.06678305566310883,,,,
r1_justrl_top16_n8,r1,justrl,16,8,99,0.06409674137830734,,,,
r1_justrl_top16_n8,r1,justrl,16,8,100,0.0673673003911972,49.077978580990624,40.0,32.083333333333336,75.15060240963855
r1_justrl_top16_n8,r1,justrl,16,8,101,0.049849726259708405,,,,
r1_justrl_top16_n8,r1,justrl,16,8,102,0.05063707008957863,,,,
r1_justrl_top16_n8,r1,justrl,16,8,103,0.04451834410429001,,,,
r1_justrl_top16_n8,r1,justrl,16,8,104,0.04508677124977112,,,,
r1_justrl_top16_n8,r1,justrl,16,8,105,0.040052738040685654,,,,
r1_justrl_top16_n8,r1,justrl,16,8,106,0.04728926718235016,,,,
r1_justrl_top16_n8,r1,justrl,16,8,107,0.04122857004404068,,,,
r1_justrl_top16_n8,r1,justrl,16,8,108,0.047304462641477585,,,,
r1_justrl_top16_n8,r1,justrl,16,8,109,0.043826282024383545,,,,
r1_justrl_top16_n8,r1,justrl,16,8,110,0.04190295189619064,47.43808567603748,36.666666666666664,31.25,74.3975903614458
r1_justrl_top16_n8,r1,justrl,16,8,111,0.037434790283441544,,,,
r1_justrl_top16_n8,r1,justrl,16,8,112,0.04661903530359268,,,,
r1_justrl_top16_n8,r1,justrl,16,8,113,0.06288040429353714,,,,
r1_justrl_top16_n8,r1,justrl,16,8,114,0.05166619271039963,,,,
r1_justrl_top16_n8,r1,justrl,16,8,115,0.05450226739048958,,,,
r1_justrl_top16_n8,r1,justrl,16,8,116,0.04717870429158211,,,,
r1_justrl_top16_n8,r1,justrl,16,8,117,0.049138378351926804,,,,
r1_justrl_top16_n8,r1,justrl,16,8,118,0.0535217747092247,,,,
r1_justrl_top16_n8,r1,justrl,16,8,119,0.044151969254016876,,,,
r1_justrl_top16_n8,r1,justrl,16,8,120,0.04433051124215126,50.91867469879518,44.583333333333336,31.666666666666664,76.50602409638554
r1_justrl_top16_n8,r1,justrl,16,8,121,0.045165643095970154,,,,
r1_justrl_top16_n8,r1,justrl,16,8,122,0.05430303514003754,,,,
r1_justrl_top16_n8,r1,justrl,16,8,123,0.047599926590919495,,,,
r1_justrl_top16_n8,r1,justrl,16,8,124,0.05079515278339386,,,,
r1_justrl_top16_n8,r1,justrl,16,8,125,0.05261216312646866,,,,
r1_justrl_top16_n8,r1,justrl,16,8,126,0.037414927035570145,,,,
r1_justrl_top16_n8,r1,justrl,16,8,127,0.0451633483171463,,,,
r1_justrl_top16_n8,r1,justrl,16,8,128,0.04685594141483307,,,,
r1_justrl_top16_n8,r1,justrl,16,8,129,0.03890974074602127,,,,
r1_justrl_top16_n8,r1,justrl,16,8,130,0.038145385682582855,51.67503346720215,42.5,35.41666666666667,77.10843373493977
r1_justrl_top16_n8,r1,justrl,16,8,131,0.04270150884985924,,,,
r1_justrl_top16_n8,r1,justrl,16,8,132,0.04700135067105293,,,,
r1_justrl_top16_n8,r1,justrl,16,8,133,0.04484536126255989,,,,
r1_justrl_top16_n8,r1,justrl,16,8,134,0.045451369136571884,,,,
r1_justrl_top16_n8,r1,justrl,16,8,135,0.028702517971396446,,,,
r1_justrl_top16_n8,r1,justrl,16,8,136,0.03212738782167435,,,,
r1_justrl_top16_n8,r1,justrl,16,8,137,0.027511831372976303,,,,
r1_justrl_top16_n8,r1,justrl,16,8,138,0.02527613379061222,,,,
r1_justrl_top16_n8,r1,justrl,16,8,139,0.02810049243271351,,,,
r1_justrl_top16_n8,r1,justrl,16,8,140,0.025028815492987633,49.45281124497992,40.833333333333336,30.416666666666664,77.10843373493977
r1_justrl_top16_n8,r1,justrl,16,8,141,0.031047949567437172,,,,
r1_justrl_top16_n8,r1,justrl,16,8,142,0.03141472488641739,,,,
r1_justrl_top16_n8,r1,justrl,16,8,143,0.02639799751341343,,,,
r1_justrl_top16_n8,r1,justrl,16,8,144,0.029909620061516762,,,,
r1_justrl_top16_n8,r1,justrl,16,8,145,0.0305231511592865,,,,
r1_justrl_top16_n8,r1,justrl,16,8,146,0.03512315824627876,,,,
r1_justrl_top16_n8,r1,justrl,16,8,147,0.025124991312623024,,,,
r1_justrl_top16_n8,r1,justrl,16,8,148,0.04061516374349594,,,,
r1_justrl_top16_n8,r1,justrl,16,8,149,0.02300977148115635,,,,
r1_justrl_top16_n8,r1,justrl,16,8,150,0.02542133815586567,51.84906291834003,41.66666666666667,35.41666666666667,78.46385542168674
r1_justrl_top16_n8,r1,justrl,16,8,151,0.023666366934776306,,,,
r1_justrl_top16_n8,r1,justrl,16,8,152,0.027506327256560326,,,,
r1_justrl_top16_n8,r1,justrl,16,8,153,0.044017769396305084,,,,
r1_justrl_top16_n8,r1,justrl,16,8,154,0.02480866201221943,,,,
r1_justrl_top16_n8,r1,justrl,16,8,155,0.029419856145977974,,,,
r1_justrl_top16_n8,r1,justrl,16,8,156,0.020655320957303047,,,,
r1_justrl_top16_n8,r1,justrl,16,8,157,0.02591857872903347,,,,
r1_justrl_top16_n8,r1,justrl,16,8,158,0.022921081632375717,,,,
r1_justrl_top16_n8,r1,justrl,16,8,159,0.03800428286194801,,,,
r1_justrl_top16_n8,r1,justrl,16,8,160,0.030491484329104424,52.07663989290495,44.166666666666664,33.75,78.3132530120482
r1_justrl_top16_n8,r1,justrl,16,8,161,0.026499666273593903,,,,
r1_justrl_top16_n8,r1,justrl,16,8,162,0.02245853841304779,,,,
r1_justrl_top16_n8,r1,justrl,16,8,163,0.03610331192612648,,,,
r1_justrl_top16_n8,r1,justrl,16,8,164,0.023448022082448006,,,,
r1_justrl_top16_n8,r1,justrl,16,8,165,0.02443326823413372,,,,
r1_justrl_top16_n8,r1,justrl,16,8,166,0.02537539042532444,,,,
r1_justrl_top16_n8,r1,justrl,16,8,167,0.028068777173757553,,,,
r1_justrl_top16_n8,r1,justrl,16,8,168,0.019041767343878746,,,,
r1_justrl_top16_n8,r1,justrl,16,8,169,0.017987869679927826,,,,
r1_justrl_top16_n8,r1,justrl,16,8,170,0.031524065881967545,51.648259705488634,41.66666666666667,35.41666666666667,77.86144578313254
r1_justrl_top16_n8,r1,justrl,16,8,171,0.023131094872951508,,,,
r1_justrl_top16_n8,r1,justrl,16,8,172,0.022151203826069832,,,,
r1_justrl_top16_n8,r1,justrl,16,8,173,0.01753588579595089,,,,
r1_justrl_top16_n8,r1,justrl,16,8,174,0.029153455048799515,,,,
r1_justrl_top16_n8,r1,justrl,16,8,175,0.021074924618005753,,,,
r1_justrl_top16_n8,r1,justrl,16,8,176,0.024554718285799026,,,,
r1_justrl_top16_n8,r1,justrl,16,8,177,0.048698216676712036,,,,
r1_justrl_top16_n8,r1,justrl,16,8,178,0.052633438259363174,,,,
r1_justrl_top16_n8,r1,justrl,16,8,179,0.03267597407102585,,,,
r1_justrl_top16_n8,r1,justrl,16,8,180,0.039612624794244766,52.69745649263721,45.83333333333333,35.0,77.2590361445783
r1_justrl_top16_n8,r1,justrl,16,8,181,0.029483074322342873,,,,
r1_justrl_top16_n8,r1,justrl,16,8,182,0.04613182693719864,,,,
r1_justrl_top16_n8,r1,justrl,16,8,183,0.04393764212727547,,,,
r1_justrl_top16_n8,r1,justrl,16,8,184,0.03577573224902153,,,,
r1_justrl_top16_n8,r1,justrl,16,8,185,0.04651256278157234,,,,
r1_justrl_top16_n8,r1,justrl,16,8,186,0.05895979702472687,,,,
r1_justrl_top16_n8,r1,justrl,16,8,187,0.04297436773777008,,,,
r1_justrl_top16_n8,r1,justrl,16,8,188,0.04384702071547508,,,,
r1_justrl_top16_n8,r1,justrl,16,8,189,0.04351511225104332,,,,
r1_justrl_top16_n8,r1,justrl,16,8,190,0.043403033167123795,51.39725568942438,42.083333333333336,35.0,77.10843373493977
r1_justrl_top16_n8,r1,justrl,16,8,191,0.03733167052268982,,,,
r1_justrl_top16_n8,r1,justrl,16,8,192,0.03671414032578468,,,,
r1_justrl_top16_n8,r1,justrl,16,8,193,0.032950252294540405,,,,
r1_justrl_top16_n8,r1,justrl,16,8,194,0.04292004927992821,,,,
r1_justrl_top16_n8,r1,justrl,16,8,195,0.07724326848983765,,,,
r1_justrl_top16_n8,r1,justrl,16,8,196,0.05608893558382988,,,,
r1_justrl_top16_n8,r1,justrl,16,8,197,0.19715413451194763,,,,
r1_justrl_top16_n8,r1,justrl,16,8,198,0.39835941791534424,,,,
r1_justrl_top16_n8,r1,justrl,16,8,199,0.31536245346069336,,,,
r1_justrl_top16_n8,r1,justrl,16,8,200,0.31592413783073425,51.926037483266406,42.916666666666664,35.0,77.86144578313254
r1_7b_top16_n1,r1,r1_7b,16,1,0,,39.85441767068273,29.166666666666668,24.583333333333332,65.8132530120482
r1_7b_top16_n1,r1,r1_7b,16,1,1,0.13586676120758057,,,,
r1_7b_top16_n1,r1,r1_7b,16,1,2,0.13288651406764984,,,,
r1_7b_top16_n1,r1,r1_7b,16,1,3,0.13274848461151123,,,,
r1_7b_top16_n1,r1,r1_7b,16,1,4,0.12608160078525543,,,,
r1_7b_top16_n1,r1,r1_7b,16,1,5,0.13192550837993622,,,,
r1_7b_top16_n1,r1,r1_7b,16,1,6,0.12728694081306458,,,,
r1_7b_top16_n1,r1,r1_7b,16,1,7,0.12675358355045319,,,,
r1_7b_top16_n1,r1,r1_7b,16,1,8,0.12421814352273941,,,,
r1_7b_top16_n1,r1,r1_7b,16,1,9,0.1209564357995987,,,,
r1_7b_top16_n1,r1,r1_7b,16,1,10,0.12147201597690582,39.098058902275774,30.0,22.083333333333332,65.21084337349397
r1_7b_top16_n1,r1,r1_7b,16,1,11,0.12011846154928207,,,,
r1_7b_top16_n1,r1,r1_7b,16,1,12,0.13130436837673187,,,,
r1_7b_top16_n1,r1,r1_7b,16,1,13,0.12537959218025208,,,,
r1_7b_top16_n1,r1,r1_7b,16,1,14,0.1316843181848526,,,,
r1_7b_top16_n1,r1,r1_7b,16,1,15,0.1242872104048729,,,,
r1_7b_top16_n1,r1,r1_7b,16,1,16,0.12661591172218323,,,,
r1_7b_top16_n1,r1,r1_7b,16,1,17,0.11625390499830246,,,,
r1_7b_top16_n1,r1,r1_7b,16,1,18,0.11922935396432877,,,,
r1_7b_top16_n1,r1,r1_7b,16,1,19,0.11383741348981857,,,,
r1_7b_top16_n1,r1,r1_7b,16,1,20,0.12337805330753326,38.05555555555555,26.666666666666668,25.0,62.5
r1_7b_top16_n1,r1,r1_7b,16,1,21,0.11635182797908783,,,,
r1_7b_top16_n1,r1,r1_7b,16,1,22,0.11600066721439362,,,,
r1_7b_top16_n1,r1,r1_7b,16,1,23,0.11895773559808731,,,,
r1_7b_top16_n1,r1,r1_7b,16,1,24,0.12333139777183533,,,,
r1_7b_top16_n1,r1,r1_7b,16,1,25,0.11657369136810303,,,,
r1_7b_top16_n1,r1,r1_7b,16,1,26,0.12362676113843918,,,,
r1_7b_top16_n1,r1,r1_7b,16,1,27,0.12139393389225006,,,,
r1_7b_top16_n1,r1,r1_7b,16,1,28,0.1158580407500267,,,,
r1_7b_top16_n1,r1,r1_7b,16,1,29,0.1174951121211052,,,,
r1_7b_top16_n1,r1,r1_7b,16,1,30,0.11892787367105484,37.24564926372156,25.833333333333336,22.5,63.403614457831324
r1_7b_top16_n1,r1,r1_7b,16,1,31,0.11667173355817795,,,,
r1_7b_top16_n1,r1,r1_7b,16,1,32,0.1210479810833931,,,,
r1_7b_top16_n1,r1,r1_7b,16,1,33,0.11606069654226303,,,,
r1_7b_top16_n1,r1,r1_7b,16,1,34,0.11658462136983871,,,,
r1_7b_top16_n1,r1,r1_7b,16,1,35,0.11417071521282196,,,,
r1_7b_top16_n1,r1,r1_7b,16,1,36,0.11814829707145691,,,,
r1_7b_top16_n1,r1,r1_7b,16,1,37,0.11553799360990524,,,,
r1_7b_top16_n1,r1,r1_7b,16,1,38,0.11121482402086258,,,,
r1_7b_top16_n1,r1,r1_7b,16,1,39,0.11253731697797775,,,,
r1_7b_top16_n1,r1,r1_7b,16,1,40,0.11915938556194305,41.37048192771085,32.083333333333336,26.666666666666668,65.36144578313254
r1_7b_top16_n1,r1,r1_7b,16,1,41,0.10876213759183884,,,,
r1_7b_top16_n1,r1,r1_7b,16,1,42,0.10987009108066559,,,,
r1_7b_top16_n1,r1,r1_7b,16,1,43,0.11075221002101898,,,,
r1_7b_top16_n1,r1,r1_7b,16,1,44,0.109671950340271,,,,
r1_7b_top16_n1,r1,r1_7b,16,1,45,0.11616130918264389,,,,
r1_7b_top16_n1,r1,r1_7b,16,1,46,0.10427793115377426,,,,
r1_7b_top16_n1,r1,r1_7b,16,1,47,0.11092741042375565,,,,
r1_7b_top16_n1,r1,r1_7b,16,1,48,0.11313777416944504,,,,
r1_7b_top16_n1,r1,r1_7b,16,1,49,0.10779032856225967,,,,
r1_7b_top16_n1,r1,r1_7b,16,1,50,0.10664846748113632,40.27443105756358,30.416666666666664,26.25,64.1566265060241
r1_7b_top16_n1,r1,r1_7b,16,1,51,0.10755342245101929,,,,
r1_7b_top16_n1,r1,r1_7b,16,1,52,0.10892582684755325,,,,
r1_7b_top16_n1,r1,r1_7b,16,1,53,0.10504425317049026,,,,
r1_7b_top16_n1,r1,r1_7b,16,1,54,0.1041569709777832,,,,
r1_7b_top16_n1,r1,r1_7b,16,1,55,0.10982684791088104,,,,
r1_7b_top16_n1,r1,r1_7b,16,1,56,0.10282883048057556,,,,
r1_7b_top16_n1,r1,r1_7b,16,1,57,0.11472805589437485,,,,
r1_7b_top16_n1,r1,r1_7b,16,1,58,0.11095431447029114,,,,
r1_7b_top16_n1,r1,r1_7b,16,1,59,0.10916449874639511,,,,
r1_7b_top16_n1,r1,r1_7b,16,1,60,0.1004742905497551,41.755354752342704,34.583333333333336,28.333333333333332,62.34939759036144
r1_7b_top16_n1,r1,r1_7b,16,1,61,0.10702060908079147,,,,
r1_7b_top16_n1,r1,r1_7b,16,1,62,0.10301753133535385,,,,
r1_7b_top16_n1,r1,r1_7b,16,1,63,0.104655422270298,,,,
r1_7b_top16_n1,r1,r1_7b,16,1,64,0.1056320071220398,,,,
r1_7b_top16_n1,r1,r1_7b,16,1,65,0.10738755762577057,,,,
r1_7b_top16_n1,r1,r1_7b,16,1,66,0.10744202882051468,,,,
r1_7b_top16_n1,r1,r1_7b,16,1,67,0.10310550779104233,,,,
r1_7b_top16_n1,r1,r1_7b,16,1,68,0.10548108071088791,,,,
r1_7b_top16_n1,r1,r1_7b,16,1,69,0.10627735406160355,,,,
r1_7b_top16_n1,r1,r1_7b,16,1,70,0.09966155886650085,40.3012048192771,31.666666666666664,25.833333333333336,63.403614457831324
r1_7b_top16_n1,r1,r1_7b,16,1,71,0.10897988826036453,,,,
r1_7b_top16_n1,r1,r1_7b,16,1,72,0.1067662313580513,,,,
r1_7b_top16_n1,r1,r1_7b,16,1,73,0.10872506350278854,,,,
r1_7b_top16_n1,r1,r1_7b,16,1,74,0.10504135489463806,,,,
r1_7b_top16_n1,r1,r1_7b,16,1,75,0.1090378686785698,,,,
r1_7b_top16_n1,r1,r1_7b,16,1,76,0.10871833562850952,,,,
r1_7b_top16_n1,r1,r1_7b,16,1,77,0.10229574888944626,,,,
r1_7b_top16_n1,r1,r1_7b,16,1,78,0.10906332731246948,,,,
r1_7b_top16_n1,r1,r1_7b,16,1,79,0.10657815635204315,,,,
r1_7b_top16_n1,r1,r1_7b,16,1,80,0.10516173392534256,40.57898259705488,30.416666666666664,27.916666666666668,63.403614457831324
r1_7b_top16_n1,r1,r1_7b,16,1,81,0.10560155659914017,,,,
r1_7b_top16_n1,r1,r1_7b,16,1,82,0.11162416636943817,,,,
r1_7b_top16_n1,r1,r1_7b,16,1,83,0.10024800151586533,,,,
r1_7b_top16_n1,r1,r1_7b,16,1,84,0.10544903576374054,,,,
r1_7b_top16_n1,r1,r1_7b,16,1,85,0.10969329625368118,,,,
r1_7b_top16_n1,r1,r1_7b,16,1,86,0.11232269555330276,,,,
r1_7b_top16_n1,r1,r1_7b,16,1,87,0.11298336833715439,,,,
r1_7b_top16_n1,r1,r1_7b,16,1,88,0.1099090501666069,,,,
r1_7b_top16_n1,r1,r1_7b,16,1,89,0.10037846118211746,,,,
r1_7b_top16_n1,r1,r1_7b,16,1,90,0.10423701256513596,38.74665327978581,27.916666666666668,24.166666666666668,64.1566265060241
r1_7b_top16_n1,r1,r1_7b,16,1,91,0.10075516253709793,,,,
r1_7b_top16_n1,r1,r1_7b,16,1,92,0.10359834879636765,,,,
r1_7b_top16_n1,r1,r1_7b,16,1,93,0.10163529962301254,,,,
r1_7b_top16_n1,r1,r1_7b,16,1,94,0.1013852208852768,,,,
r1_7b_top16_n1,r1,r1_7b,16,1,95,0.09738852083683014,,,,
r1_7b_top16_n1,r1,r1_7b,16,1,96,0.09728915244340897,,,,
r1_7b_top16_n1,r1,r1_7b,16,1,97,0.10274770110845566,,,,
r1_7b_top16_n1,r1,r1_7b,16,1,98,0.10545948147773743,,,,
r1_7b_top16_n1,r1,r1_7b,16,1,99,0.09885714203119278,,,,
r1_7b_top16_n1,r1,r1_7b,16,1,100,0.10153753310441971,38.989290495314584,30.416666666666664,23.75,62.80120481927711
r1_7b_top16_n1,r1,r1_7b,16,1,101,0.0928594172000885,,,,
r1_7b_top16_n1,r1,r1_7b,16,1,102,0.09383802115917206,,,,
r1_7b_top16_n1,r1,r1_7b,16,1,103,0.09368134289979935,,,,
r1_7b_top16_n1,r1,r1_7b,16,1,104,0.09220320731401443,,,,
r1_7b_top16_n1,r1,r1_7b,16,1,105,0.0950123518705368,,,,
r1_7b_top16_n1,r1,r1_7b,16,1,106,0.09702206403017044,,,,
r1_7b_top16_n1,r1,r1_7b,16,1,107,0.09292291849851608,,,,
r1_7b_top16_n1,r1,r1_7b,16,1,108,0.09263131767511368,,,,
r1_7b_top16_n1,r1,r1_7b,16,1,109,0.08920086920261383,,,,
r1_7b_top16_n1,r1,r1_7b,16,1,110,0.09766601026058197,39.375836680053546,30.0,22.916666666666664,65.21084337349397
r1_7b_top16_n1,r1,r1_7b,16,1,111,0.09087634831666946,,,,
r1_7b_top16_n1,r1,r1_7b,16,1,112,0.09703293442726135,,,,
r1_7b_top16_n1,r1,r1_7b,16,1,113,0.11151536554098129,,,,
r1_7b_top16_n1,r1,r1_7b,16,1,114,0.10866658389568329,,,,
r1_7b_top16_n1,r1,r1_7b,16,1,115,0.10529635101556778,,,,
r1_7b_top16_n1,r1,r1_7b,16,1,116,0.105862095952034,,,,
r1_7b_top16_n1,r1,r1_7b,16,1,117,0.10879795998334885,,,,
r1_7b_top16_n1,r1,r1_7b,16,1,118,0.10986361652612686,,,,
r1_7b_top16_n1,r1,r1_7b,16,1,119,0.10101336240768433,,,,
r1_7b_top16_n1,r1,r1_7b,16,1,120,0.10168751329183578,38.005354752342704,25.416666666666664,26.25,62.34939759036144
r1_7b_top16_n1,r1,r1_7b,16,1,121,0.10451411455869675,,,,
r1_7b_top16_n1,r1,r1_7b,16,1,122,0.10848764330148697,,,,
r1_7b_top16_n1,r1,r1_7b,16,1,123,0.11278487741947174,,,,
r1_7b_top16_n1,r1,r1_7b,16,1,124,0.10724025964736938,,,,
r1_7b_top16_n1,r1,r1_7b,16,1,125,0.10171520709991455,,,,
r1_7b_top16_n1,r1,r1_7b,16,1,126,0.1008719652891159,,,,
r1_7b_top16_n1,r1,r1_7b,16,1,127,0.11464250832796097,,,,
r1_7b_top16_n1,r1,r1_7b,16,1,128,0.10707871615886688,,,,
r1_7b_top16_n1,r1,r1_7b,16,1,129,0.10084518790245056,,,,
r1_7b_top16_n1,r1,r1_7b,16,1,130,0.1039033904671669,41.76037483266399,31.666666666666664,27.500000000000004,66.1144578313253
r1_7b_top16_n1,r1,r1_7b,16,1,131,0.10172447562217712,,,,
r1_7b_top16_n1,r1,r1_7b,16,1,132,0.10170666873455048,,,,
r1_7b_top16_n1,r1,r1_7b,16,1,133,0.09266733378171921,,,,
r1_7b_top16_n1,r1,r1_7b,16,1,134,0.10114747285842896,,,,
r1_7b_top16_n1,r1,r1_7b,16,1,135,0.0982074961066246,,,,
r1_7b_top16_n1,r1,r1_7b,16,1,136,0.09811752289533615,,,,
r1_7b_top16_n1,r1,r1_7b,16,1,137,0.09299078583717346,,,,
r1_7b_top16_n1,r1,r1_7b,16,1,138,0.09194774180650711,,,,
r1_7b_top16_n1,r1,r1_7b,16,1,139,0.09722160547971725,,,,
r1_7b_top16_n1,r1,r1_7b,16,1,140,0.09436774253845215,38.820281124497996,28.749999999999996,22.5,65.21084337349397
r1_7b_top16_n1,r1,r1_7b,16,1,141,0.09584309905767441,,,,
r1_7b_top16_n1,r1,r1_7b,16,1,142,0.10288457572460175,,,,
r1_7b_top16_n1,r1,r1_7b,16,1,143,0.096232108771801,,,,
r1_7b_top16_n1,r1,r1_7b,16,1,144,0.09667312353849411,,,,
r1_7b_top16_n1,r1,r1_7b,16,1,145,0.09805180877447128,,,,
r1_7b_top16_n1,r1,r1_7b,16,1,146,0.09447769075632095,,,,
r1_7b_top16_n1,r1,r1_7b,16,1,147,0.09530948847532272,,,,
r1_7b_top16_n1,r1,r1_7b,16,1,148,0.09705979377031326,,,,
r1_7b_top16_n1,r1,r1_7b,16,1,149,0.0953231230378151,,,,
r1_7b_top16_n1,r1,r1_7b,16,1,150,0.10096751898527145,40.32463186077644,32.5,24.166666666666668,64.30722891566265
r1_7b_top16_n1,r1,r1_7b,16,1,151,0.09288574010133743,,,,
r1_7b_top16_n1,r1,r1_7b,16,1,152,0.09479091316461563,,,,
r1_7b_top16_n1,r1,r1_7b,16,1,153,0.0981997698545456,,,,
r1_7b_top16_n1,r1,r1_7b,16,1,154,0.1040336936712265,,,,
r1_7b_top16_n1,r1,r1_7b,16,1,155,0.09719427675008774,,,,
r1_7b_top16_n1,r1,r1_7b,16,1,156,0.09414513409137726,,,,
r1_7b_top16_n1,r1,r1_7b,16,1,157,0.09753043204545975,,,,
r1_7b_top16_n1,r1,r1_7b,16,1,158,0.09944073855876923,,,,
r1_7b_top16_n1,r1,r1_7b,16,1,159,0.09485866129398346,,,,
r1_7b_top16_n1,r1,r1_7b,16,1,160,0.09865692257881165,39.263721552878174,30.0,23.333333333333332,64.45783132530121
r1_7b_top16_n1,r1,r1_7b,16,1,161,0.10165949910879135,,,,
r1_7b_top16_n1,r1,r1_7b,16,1,162,0.09691824018955231,,,,
r1_7b_top16_n1,r1,r1_7b,16,1,163,0.09564121067523956,,,,
r1_7b_top16_n1,r1,r1_7b,16,1,164,0.10270531475543976,,,,
r1_7b_top16_n1,r1,r1_7b,16,1,165,0.0946386307477951,,,,
r1_7b_top16_n1,r1,r1_7b,16,1,166,0.09623362123966217,,,,
r1_7b_top16_n1,r1,r1_7b,16,1,167,0.09652479737997055,,,,
r1_7b_top16_n1,r1,r1_7b,16,1,168,0.09501463919878006,,,,
r1_7b_top16_n1,r1,r1_7b,16,1,169,0.09463247656822205,,,,
r1_7b_top16_n1,r1,r1_7b,16,1,170,0.09581758826971054,42.17704149933066,32.916666666666664,27.500000000000004,66.1144578313253
r1_7b_top16_n1,r1,r1_7b,16,1,171,0.09676840901374817,,,,
r1_7b_top16_n1,r1,r1_7b,16,1,172,0.09454428404569626,,,,
r1_7b_top16_n1,r1,r1_7b,16,1,173,0.09720736742019653,,,,
r1_7b_top16_n1,r1,r1_7b,16,1,174,0.10045384615659714,,,,
r1_7b_top16_n1,r1,r1_7b,16,1,175,0.0959114283323288,,,,
r1_7b_top16_n1,r1,r1_7b,16,1,176,0.10211177915334702,,,,
r1_7b_top16_n1,r1,r1_7b,16,1,177,0.12147143483161926,,,,
r1_7b_top16_n1,r1,r1_7b,16,1,178,0.14721554517745972,,,,
r1_7b_top16_n1,r1,r1_7b,16,1,179,0.12329015135765076,,,,
r1_7b_top16_n1,r1,r1_7b,16,1,180,0.11720169335603714,39.05120481927711,30.416666666666664,23.333333333333332,63.403614457831324
r1_7b_top16_n1,r1,r1_7b,16,1,181,0.1316421777009964,,,,
r1_7b_top16_n1,r1,r1_7b,16,1,182,0.14196404814720154,,,,
r1_7b_top16_n1,r1,r1_7b,16,1,183,0.13808608055114746,,,,
r1_7b_top16_n1,r1,r1_7b,16,1,184,0.14326605200767517,,,,
r1_7b_top16_n1,r1,r1_7b,16,1,185,0.1272152066230774,,,,
r1_7b_top16_n1,r1,r1_7b,16,1,186,0.13196496665477753,,,,
r1_7b_top16_n1,r1,r1_7b,16,1,187,0.11270906776189804,,,,
r1_7b_top16_n1,r1,r1_7b,16,1,188,0.1262594759464264,,,,
r1_7b_top16_n1,r1,r1_7b,16,1,189,0.11995720118284225,,,,
r1_7b_top16_n1,r1,r1_7b,16,1,190,0.13160941004753113,39.8309906291834,32.083333333333336,22.5,64.90963855421687
r1_7b_top16_n1,r1,r1_7b,16,1,191,0.12582829594612122,,,,
r1_7b_top16_n1,r1,r1_7b,16,1,192,0.12750937044620514,,,,
r1_7b_top16_n1,r1,r1_7b,16,1,193,0.1438891738653183,,,,
r1_7b_top16_n1,r1,r1_7b,16,1,194,0.13758514821529388,,,,
r1_7b_top16_n1,r1,r1_7b,16,1,195,0.12874984741210938,,,,
r1_7b_top16_n1,r1,r1_7b,16,1,196,0.15103593468666077,,,,
r1_7b_top16_n1,r1,r1_7b,16,1,197,0.13586343824863434,,,,
r1_7b_top16_n1,r1,r1_7b,16,1,198,0.13721351325511932,,,,
r1_7b_top16_n1,r1,r1_7b,16,1,199,0.13637606799602509,,,,
r1_7b_top16_n1,r1,r1_7b,16,1,200,0.1169317439198494,42.65562248995983,29.583333333333332,31.666666666666664,66.71686746987952
r1_7b_full_n1,r1,r1_7b,151936,1,0,,39.85441767068273,29.166666666666668,24.583333333333332,65.8132530120482
r1_7b_full_n1,r1,r1_7b,151936,1,1,0.13464617729187012,,,,
r1_7b_full_n1,r1,r1_7b,151936,1,2,0.12692195177078247,,,,
r1_7b_full_n1,r1,r1_7b,151936,1,3,0.1304299533367157,,,,
r1_7b_full_n1,r1,r1_7b,151936,1,4,0.12843124568462372,,,,
r1_7b_full_n1,r1,r1_7b,151936,1,5,0.13132433593273163,,,,
r1_7b_full_n1,r1,r1_7b,151936,1,6,0.12285492569208145,,,,
r1_7b_full_n1,r1,r1_7b,151936,1,7,0.1283288449048996,,,,
r1_7b_full_n1,r1,r1_7b,151936,1,8,0.11950359493494034,,,,
r1_7b_full_n1,r1,r1_7b,151936,1,9,0.12249083817005157,,,,
r1_7b_full_n1,r1,r1_7b,151936,1,10,0.11945787817239761,37.76606425702811,27.916666666666668,23.333333333333332,62.048192771084345
r1_7b_full_n1,r1,r1_7b,151936,1,11,0.12019576877355576,,,,
r1_7b_full_n1,r1,r1_7b,151936,1,12,0.13265301287174225,,,,
r1_7b_full_n1,r1,r1_7b,151936,1,13,0.1217840313911438,,,,
r1_7b_full_n1,r1,r1_7b,151936,1,14,0.1283113658428192,,,,
r1_7b_full_n1,r1,r1_7b,151936,1,15,0.12181457877159119,,,,
r1_7b_full_n1,r1,r1_7b,151936,1,16,0.1280229538679123,,,,
r1_7b_full_n1,r1,r1_7b,151936,1,17,0.12132354825735092,,,,
r1_7b_full_n1,r1,r1_7b,151936,1,18,0.12414583563804626,,,,
r1_7b_full_n1,r1,r1_7b,151936,1,19,0.12102919071912766,,,,
r1_7b_full_n1,r1,r1_7b,151936,1,20,0.12624819576740265,38.950803212851405,29.166666666666668,24.583333333333332,63.102409638554214
r1_7b_full_n1,r1,r1_7b,151936,1,21,0.11737077683210373,,,,
r1_7b_full_n1,r1,r1_7b,151936,1,22,0.11996611952781677,,,,
r1_7b_full_n1,r1,r1_7b,151936,1,23,0.13175715506076813,,,,
r1_7b_full_n1,r1,r1_7b,151936,1,24,0.12733624875545502,,,,
r1_7b_full_n1,r1,r1_7b,151936,1,25,0.12196053564548492,,,,
r1_7b_full_n1,r1,r1_7b,151936,1,26,0.12736254930496216,,,,
r1_7b_full_n1,r1,r1_7b,151936,1,27,0.1271812617778778,,,,
r1_7b_full_n1,r1,r1_7b,151936,1,28,0.11961553245782852,,,,
r1_7b_full_n1,r1,r1_7b,151936,1,29,0.12187017500400543,,,,
r1_7b_full_n1,r1,r1_7b,151936,1,30,0.12164030969142914,38.13253012048193,30.0,22.5,61.897590361445786
r1_7b_full_n1,r1,r1_7b,151936,1,31,0.11895975470542908,,,,
r1_7b_full_n1,r1,r1_7b,151936,1,32,0.12142304331064224,,,,
r1_7b_full_n1,r1,r1_7b,151936,1,33,0.11964908242225647,,,,
r1_7b_full_n1,r1,r1_7b,151936,1,34,0.12126059830188751,,,,
r1_7b_full_n1,r1,r1_7b,151936,1,35,0.11967753618955612,,,,
r1_7b_full_n1,r1,r1_7b,151936,1,36,0.11974460631608963,,,,
r1_7b_full_n1,r1,r1_7b,151936,1,37,0.11660914123058319,,,,
r1_7b_full_n1,r1,r1_7b,151936,1,38,0.1107017919421196,,,,
r1_7b_full_n1,r1,r1_7b,151936,1,39,0.11394592374563217,,,,
r1_7b_full_n1,r1,r1_7b,151936,1,40,0.12142713367938995,38.56091030789826,29.166666666666668,24.166666666666668,62.34939759036144
r1_7b_full_n1,r1,r1_7b,151936,1,41,0.11387668550014496,,,,
r1_7b_full_n1,r1,r1_7b,151936,1,42,0.11079108715057373,,,,
r1_7b_full_n1,r1,r1_7b,151936,1,43,0.11382174491882324,,,,
r1_7b_full_n1,r1,r1_7b,151936,1,44,0.10787887871265411,,,,
r1_7b_full_n1,r1,r1_7b,151936,1,45,0.12052847445011139,,,,
r1_7b_full_n1,r1,r1_7b,151936,1,46,0.110361248254776,,,,
r1_7b_full_n1,r1,r1_7b,151936,1,47,0.10904436558485031,,,,
r1_7b_full_n1,r1,r1_7b,151936,1,48,0.11413918435573578,,,,
r1_7b_full_n1,r1,r1_7b,151936,1,49,0.11101359874010086,,,,
r1_7b_full_n1,r1,r1_7b,151936,1,50,0.10865920037031174,40.200803212851405,35.41666666666667,22.083333333333332,63.102409638554214
r1_7b_full_n1,r1,r1_7b,151936,1,51,0.10877294093370438,,,,
r1_7b_full_n1,r1,r1_7b,151936,1,52,0.1113448217511177,,,,
r1_7b_full_n1,r1,r1_7b,151936,1,53,0.10589089244604111,,,,
r1_7b_full_n1,r1,r1_7b,151936,1,54,0.10168194025754929,,,,
r1_7b_full_n1,r1,r1_7b,151936,1,55,0.10687340050935745,,,,
r1_7b_full_n1,r1,r1_7b,151936,1,56,0.10342167317867279,,,,
r1_7b_full_n1,r1,r1_7b,151936,1,57,0.1103459969162941,,,,
r1_7b_full_n1,r1,r1_7b,151936,1,58,0.11358393728733063,,,,
r1_7b_full_n1,r1,r1_7b,151936,1,59,0.11108379065990448,,,,
r1_7b_full_n1,r1,r1_7b,151936,1,60,0.09936464577913284,39.039491298527444,30.0,24.166666666666668,62.951807228915655
r1_7b_full_n1,r1,r1_7b,151936,1,61,0.10837732255458832,,,,
r1_7b_full_n1,r1,r1_7b,151936,1,62,0.10583847016096115,,,,
r1_7b_full_n1,r1,r1_7b,151936,1,63,0.10604068636894226,,,,
r1_7b_full_n1,r1,r1_7b,151936,1,64,0.10880862921476364,,,,
r1_7b_full_n1,r1,r1_7b,151936,1,65,0.11056037247180939,,,,
r1_7b_full_n1,r1,r1_7b,151936,1,66,0.11004089564085007,,,,
r1_7b_full_n1,r1,r1_7b,151936,1,67,0.10772097855806351,,,,
r1_7b_full_n1,r1,r1_7b,151936,1,68,0.1088080182671547,,,,
r1_7b_full_n1,r1,r1_7b,151936,1,69,0.10368598252534866,,,,
r1_7b_full_n1,r1,r1_7b,151936,1,70,0.10154625028371811,40.259370816599734,29.583333333333332,25.833333333333336,65.36144578313254
r1_7b_full_n1,r1,r1_7b,151936,1,71,0.11043868213891983,,,,
r1_7b_full_n1,r1,r1_7b,151936,1,72,0.10791771858930588,,,,
r1_7b_full_n1,r1,r1_7b,151936,1,73,0.10543535649776459,,,,
r1_7b_full_n1,r1,r1_7b,151936,1,74,0.1076616644859314,,,,
r1_7b_full_n1,r1,r1_7b,151936,1,75,0.11080257594585419,,,,
r1_7b_full_n1,r1,r1_7b,151936,1,76,0.11028338968753815,,,,
r1_7b_full_n1,r1,r1_7b,151936,1,77,0.10243014246225357,,,,
r1_7b_full_n1,r1,r1_7b,151936,1,78,0.1144314631819725,,,,
r1_7b_full_n1,r1,r1_7b,151936,1,79,0.10987809300422668,,,,
r1_7b_full_n1,r1,r1_7b,151936,1,80,0.10731635242700577,39.503012048192765,30.0,23.75,64.7590361445783
r1_7b_full_n1,r1,r1_7b,151936,1,81,0.10663741827011108,,,,
r1_7b_full_n1,r1,r1_7b,151936,1,82,0.11429284512996674,,,,
r1_7b_full_n1,r1,r1_7b,151936,1,83,0.10381262004375458,,,,
r1_7b_full_n1,r1,r1_7b,151936,1,84,0.10866662859916687,,,,
r1_7b_full_n1,r1,r1_7b,151936,1,85,0.11022549867630005,,,,
r1_7b_full_n1,r1,r1_7b,151936,1,86,0.11356169730424881,,,,
r1_7b_full_n1,r1,r1_7b,151936,1,87,0.11699492484331131,,,,
r1_7b_full_n1,r1,r1_7b,151936,1,88,0.1122540682554245,,,,
r1_7b_full_n1,r1,r1_7b,151936,1,89,0.09967559576034546,,,,
r1_7b_full_n1,r1,r1_7b,151936,1,90,0.10945537686347961,39.11311914323962,30.416666666666664,22.916666666666664,64.00602409638554
r1_7b_full_n1,r1,r1_7b,151936,1,91,0.10223609209060669,,,,
r1_7b_full_n1,r1,r1_7b,151936,1,92,0.10372931510210037,,,,
r1_7b_full_n1,r1,r1_7b,151936,1,93,0.10598621517419815,,,,
r1_7b_full_n1,r1,r1_7b,151936,1,94,0.10225016623735428,,,,
r1_7b_full_n1,r1,r1_7b,151936,1,95,0.10079582035541534,,,,
r1_7b_full_n1,r1,r1_7b,151936,1,96,0.10092931985855103,,,,
r1_7b_full_n1,r1,r1_7b,151936,1,97,0.1075710654258728,,,,
r1_7b_full_n1,r1,r1_7b,151936,1,98,0.10901713371276855,,,,
r1_7b_full_n1,r1,r1_7b,151936,1,99,0.10043014585971832,,,,
r1_7b_full_n1,r1,r1_7b,151936,1,100,0.10450337827205658,40.39491298527443,29.583333333333332,24.583333333333332,67.01807228915662
r1_7b_full_n1,r1,r1_7b,151936,1,101,0.09356461465358734,,,,
r1_7b_full_n1,r1,r1_7b,151936,1,102,0.09925968945026398,,,,
r1_7b_full_n1,r1,r1_7b,151936,1,103,0.09947727620601654,,,,
r1_7b_full_n1,r1,r1_7b,151936,1,104,0.09321001172065735,,,,
r1_7b_full_n1,r1,r1_7b,151936,1,105,0.09905429184436798,,,,
r1_7b_full_n1,r1,r1_7b,151936,1,106,0.09825234860181808,,,,
r1_7b_full_n1,r1,r1_7b,151936,1,107,0.09622735530138016,,,,
r1_7b_full_n1,r1,r1_7b,151936,1,108,0.09474195539951324,,,,
r1_7b_full_n1,r1,r1_7b,151936,1,109,0.09510341286659241,,,,
r1_7b_full_n1,r1,r1_7b,151936,1,110,0.09945185482501984,39.4912985274431,30.416666666666664,23.75,64.30722891566265
r1_7b_full_n1,r1,r1_7b,151936,1,111,0.09647257626056671,,,,
r1_7b_full_n1,r1,r1_7b,151936,1,112,0.10199690610170364,,,,
r1_7b_full_n1,r1,r1_7b,151936,1,113,0.11371657997369766,,,,
r1_7b_full_n1,r1,r1_7b,151936,1,114,0.11049886792898178,,,,
r1_7b_full_n1,r1,r1_7b,151936,1,115,0.10599644482135773,,,,
r1_7b_full_n1,r1,r1_7b,151936,1,116,0.10922711342573166,,,,
r1_7b_full_n1,r1,r1_7b,151936,1,117,0.11134734749794006,,,,
r1_7b_full_n1,r1,r1_7b,151936,1,118,0.11070862412452698,,,,
r1_7b_full_n1,r1,r1_7b,151936,1,119,0.10540120303630829,,,,
r1_7b_full_n1,r1,r1_7b,151936,1,120,0.10468877106904984,39.90796519410977,29.166666666666668,26.25,64.30722891566265
r1_7b_full_n1,r1,r1_7b,151936,1,121,0.10939416289329529,,,,
r1_7b_full_n1,r1,r1_7b,151936,1,122,0.10883869230747223,,,,
r1_7b_full_n1,r1,r1_7b,151936,1,123,0.11646463721990585,,,,
r1_7b_full_n1,r1,r1_7b,151936,1,124,0.11316046863794327,,,,
r1_7b_full_n1,r1,r1_7b,151936,1,125,0.10382554680109024,,,,
r1_7b_full_n1,r1,r1_7b,151936,1,126,0.10319516807794571,,,,
r1_7b_full_n1,r1,r1_7b,151936,1,127,0.11798489838838577,,,,
r1_7b_full_n1,r1,r1_7b,151936,1,128,0.112251415848732,,,,
r1_7b_full_n1,r1,r1_7b,151936,1,129,0.1051817461848259,,,,
r1_7b_full_n1,r1,r1_7b,151936,1,130,0.10703404247760773,37.24564926372155,26.25,22.083333333333332,63.403614457831324
r1_7b_full_n1,r1,r1_7b,151936,1,131,0.10702509433031082,,,,
r1_7b_full_n1,r1,r1_7b,151936,1,132,0.10667942464351654,,,,
r1_7b_full_n1,r1,r1_7b,151936,1,133,0.09823863208293915,,,,
r1_7b_full_n1,r1,r1_7b,151936,1,134,0.1061628982424736,,,,
r1_7b_full_n1,r1,r1_7b,151936,1,135,0.0999874696135521,,,,
r1_7b_full_n1,r1,r1_7b,151936,1,136,0.10037330538034439,,,,
r1_7b_full_n1,r1,r1_7b,151936,1,137,0.09667497873306274,,,,
r1_7b_full_n1,r1,r1_7b,151936,1,138,0.09937949478626251,,,,
r1_7b_full_n1,r1,r1_7b,151936,1,139,0.10089021176099777,,,,
r1_7b_full_n1,r1,r1_7b,151936,1,140,0.09675772488117218,38.39524765729585,29.166666666666668,22.916666666666664,63.102409638554214
r1_7b_full_n1,r1,r1_7b,151936,1,141,0.10122280567884445,,,,
r1_7b_full_n1,r1,r1_7b,151936,1,142,0.10306351631879807,,,,
r1_7b_full_n1,r1,r1_7b,151936,1,143,0.0988108217716217,,,,
r1_7b_full_n1,r1,r1_7b,151936,1,144,0.09822381287813187,,,,
r1_7b_full_n1,r1,r1_7b,151936,1,145,0.10014886409044266,,,,
r1_7b_full_n1,r1,r1_7b,151936,1,146,0.09841270744800568,,,,
r1_7b_full_n1,r1,r1_7b,151936,1,147,0.0975230485200882,,,,
r1_7b_full_n1,r1,r1_7b,151936,1,148,0.10116972029209137,,,,
r1_7b_full_n1,r1,r1_7b,151936,1,149,0.09995447844266891,,,,
r1_7b_full_n1,r1,r1_7b,151936,1,150,0.10744622349739075,39.66867469879518,29.583333333333332,25.416666666666664,64.00602409638554
r1_7b_full_n1,r1,r1_7b,151936,1,151,0.09488857537508011,,,,
r1_7b_full_n1,r1,r1_7b,151936,1,152,0.09891818463802338,,,,
r1_7b_full_n1,r1,r1_7b,151936,1,153,0.1026708111166954,,,,
r1_7b_full_n1,r1,r1_7b,151936,1,154,0.1066136583685875,,,,
r1_7b_full_n1,r1,r1_7b,151936,1,155,0.10200559347867966,,,,
r1_7b_full_n1,r1,r1_7b,151936,1,156,0.09781410545110703,,,,
r1_7b_full_n1,r1,r1_7b,151936,1,157,0.10289283841848373,,,,
r1_7b_full_n1,r1,r1_7b,151936,1,158,0.0984678566455841,,,,
r1_7b_full_n1,r1,r1_7b,151936,1,159,0.10048703104257584,,,,
r1_7b_full_n1,r1,r1_7b,151936,1,160,0.10291189700365067,38.924029451137876,30.0,22.916666666666664,63.85542168674698
r1_7b_full_n1,r1,r1_7b,151936,1,161,0.10505272448062897,,,,
r1_7b_full_n1,r1,r1_7b,151936,1,162,0.10019704699516296,,,,
r1_7b_full_n1,r1,r1_7b,151936,1,163,0.09830014407634735,,,,
r1_7b_full_n1,r1,r1_7b,151936,1,164,0.10638666898012161,,,,
r1_7b_full_n1,r1,r1_7b,151936,1,165,0.0975533127784729,,,,
r1_7b_full_n1,r1,r1_7b,151936,1,166,0.09786099195480347,,,,
r1_7b_full_n1,r1,r1_7b,151936,1,167,0.09793794900178909,,,,
r1_7b_full_n1,r1,r1_7b,151936,1,168,0.09814754128456116,,,,
r1_7b_full_n1,r1,r1_7b,151936,1,169,0.10042893886566162,,,,
r1_7b_full_n1,r1,r1_7b,151936,1,170,0.10023359209299088,40.07028112449799,30.0,25.0,65.21084337349397
r1_7b_full_n1,r1,r1_7b,151936,1,171,0.10131283104419708,,,,
r1_7b_full_n1,r1,r1_7b,151936,1,172,0.10046447068452835,,,,
r1_7b_full_n1,r1,r1_7b,151936,1,173,0.09929345548152924,,,,
r1_7b_full_n1,r1,r1_7b,151936,1,174,0.10269931703805923,,,,
r1_7b_full_n1,r1,r1_7b,151936,1,175,0.10381998866796494,,,,
r1_7b_full_n1,r1,r1_7b,151936,1,176,0.1037210077047348,,,,
r1_7b_full_n1,r1,r1_7b,151936,1,177,0.12378335744142532,,,,
r1_7b_full_n1,r1,r1_7b,151936,1,178,0.16495007276535034,,,,
r1_7b_full_n1,r1,r1_7b,151936,1,179,0.13361379504203796,,,,
r1_7b_full_n1,r1,r1_7b,151936,1,180,0.12400096654891968,41.813922356091034,34.166666666666664,26.666666666666668,64.60843373493977
r1_7b_full_n1,r1,r1_7b,151936,1,181,0.1339627355337143,,,,
r1_7b_full_n1,r1,r1_7b,151936,1,182,0.15388716757297516,,,,
r1_7b_full_n1,r1,r1_7b,151936,1,183,0.1461307406425476,,,,
r1_7b_full_n1,r1,r1_7b,151936,1,184,0.14812694489955902,,,,
r1_7b_full_n1,r1,r1_7b,151936,1,185,0.13917382061481476,,,,
r1_7b_full_n1,r1,r1_7b,151936,1,186,0.1476157307624817,,,,
r1_7b_full_n1,r1,r1_7b,151936,1,187,0.12216092646121979,,,,
r1_7b_full_n1,r1,r1_7b,151936,1,188,0.14143560826778412,,,,
r1_7b_full_n1,r1,r1_7b,151936,1,189,0.13233044743537903,,,,
r1_7b_full_n1,r1,r1_7b,151936,1,190,0.15387418866157532,38.41867469879518,29.166666666666668,22.083333333333332,64.00602409638554
r1_7b_full_n1,r1,r1_7b,151936,1,191,0.14620837569236755,,,,
r1_7b_full_n1,r1,r1_7b,151936,1,192,0.1443953812122345,,,,
r1_7b_full_n1,r1,r1_7b,151936,1,193,0.17365045845508575,,,,
r1_7b_full_n1,r1,r1_7b,151936,1,194,0.16226641833782196,,,,
r1_7b_full_n1,r1,r1_7b,151936,1,195,0.1627187728881836,,,,
r1_7b_full_n1,r1,r1_7b,151936,1,196,0.18474780023097992,,,,
r1_7b_full_n1,r1,r1_7b,151936,1,197,0.287550151348114,,,,
r1_7b_full_n1,r1,r1_7b,151936,1,198,0.1675376296043396,,,,
r1_7b_full_n1,r1,r1_7b,151936,1,199,0.17132608592510223,,,,
r1_7b_full_n1,r1,r1_7b,151936,1,200,0.1441376954317093,40.321285140562246,29.166666666666668,25.833333333333336,65.96385542168674
r1_7b_top16_n8,r1,r1_7b,16,8,0,,40.38989290495314,32.916666666666664,25.0,63.25301204819277
r1_7b_top16_n8,r1,r1_7b,16,8,1,0.13666561245918274,,,,
r1_7b_top16_n8,r1,r1_7b,16,8,2,0.13237150013446808,,,,
r1_7b_top16_n8,r1,r1_7b,16,8,3,0.13048489391803741,,,,
r1_7b_top16_n8,r1,r1_7b,16,8,4,0.12662769854068756,,,,
r1_7b_top16_n8,r1,r1_7b,16,8,5,0.13033528625965118,,,,
r1_7b_top16_n8,r1,r1_7b,16,8,6,0.12446777522563934,,,,
r1_7b_top16_n8,r1,r1_7b,16,8,7,0.1267012506723404,,,,
r1_7b_top16_n8,r1,r1_7b,16,8,8,0.12433557957410812,,,,
r1_7b_top16_n8,r1,r1_7b,16,8,9,0.12286479026079178,,,,
r1_7b_top16_n8,r1,r1_7b,16,8,10,0.12075774371623993,39.618473895582326,29.166666666666668,25.833333333333336,63.85542168674698
r1_7b_top16_n8,r1,r1_7b,16,8,11,0.12174040824174881,,,,
r1_7b_top16_n8,r1,r1_7b,16,8,12,0.13286098837852478,,,,
r1_7b_top16_n8,r1,r1_7b,16,8,13,0.12437519431114197,,,,
r1_7b_top16_n8,r1,r1_7b,16,8,14,0.12917035818099976,,,,
r1_7b_top16_n8,r1,r1_7b,16,8,15,0.12347698211669922,,,,
r1_7b_top16_n8,r1,r1_7b,16,8,16,0.12973375618457794,,,,
r1_7b_top16_n8,r1,r1_7b,16,8,17,0.11557526141405106,,,,
r1_7b_top16_n8,r1,r1_7b,16,8,18,0.11868084222078323,,,,
r1_7b_top16_n8,r1,r1_7b,16,8,19,0.11473414301872253,,,,
r1_7b_top16_n8,r1,r1_7b,16,8,20,0.12196669727563858,39.51807228915663,32.083333333333336,22.916666666666664,63.55421686746988
r1_7b_top16_n8,r1,r1_7b,16,8,21,0.11724173277616501,,,,
r1_7b_top16_n8,r1,r1_7b,16,8,22,0.11670419573783875,,,,
r1_7b_top16_n8,r1,r1_7b,16,8,23,0.12125549465417862,,,,
r1_7b_top16_n8,r1,r1_7b,16,8,24,0.12227289378643036,,,,
r1_7b_top16_n8,r1,r1_7b,16,8,25,0.11731411516666412,,,,
r1_7b_top16_n8,r1,r1_7b,16,8,26,0.12221594899892807,,,,
r1_7b_top16_n8,r1,r1_7b,16,8,27,0.12108969688415527,,,,
r1_7b_top16_n8,r1,r1_7b,16,8,28,0.11685918271541595,,,,
r1_7b_top16_n8,r1,r1_7b,16,8,29,0.11743201315402985,,,,
r1_7b_top16_n8,r1,r1_7b,16,8,30,0.11768033355474472,39.74564926372155,29.583333333333332,26.25,63.403614457831324
r1_7b_top16_n8,r1,r1_7b,16,8,31,0.11572381854057312,,,,
r1_7b_top16_n8,r1,r1_7b,16,8,32,0.12137101590633392,,,,
r1_7b_top16_n8,r1,r1_7b,16,8,33,0.11578989773988724,,,,
r1_7b_top16_n8,r1,r1_7b,16,8,34,0.1149803027510643,,,,
r1_7b_top16_n8,r1,r1_7b,16,8,35,0.11176618933677673,,,,
r1_7b_top16_n8,r1,r1_7b,16,8,36,0.11681292951107025,,,,
r1_7b_top16_n8,r1,r1_7b,16,8,37,0.11256889253854752,,,,
r1_7b_top16_n8,r1,r1_7b,16,8,38,0.1076962947845459,,,,
r1_7b_top16_n8,r1,r1_7b,16,8,39,0.11092308908700943,,,,
r1_7b_top16_n8,r1,r1_7b,16,8,40,0.11784625053405762,38.24129852744311,30.0,20.416666666666668,64.30722891566265
r1_7b_top16_n8,r1,r1_7b,16,8,41,0.10892584919929504,,,,
r1_7b_top16_n8,r1,r1_7b,16,8,42,0.10750468075275421,,,,
r1_7b_top16_n8,r1,r1_7b,16,8,43,0.112180694937706,,,,
r1_7b_top16_n8,r1,r1_7b,16,8,44,0.10726694762706757,,,,
r1_7b_top16_n8,r1,r1_7b,16,8,45,0.11644671857357025,,,,
r1_7b_top16_n8,r1,r1_7b,16,8,46,0.1066647320985794,,,,
r1_7b_top16_n8,r1,r1_7b,16,8,47,0.10785716027021408,,,,
r1_7b_top16_n8,r1,r1_7b,16,8,48,0.11192965507507324,,,,
r1_7b_top16_n8,r1,r1_7b,16,8,49,0.10964030772447586,,,,
r1_7b_top16_n8,r1,r1_7b,16,8,50,0.1069352775812149,38.734939759036145,28.749999999999996,23.75,63.704819277108435
r1_7b_top16_n8,r1,r1_7b,16,8,51,0.10670603066682816,,,,
r1_7b_top16_n8,r1,r1_7b,16,8,52,0.1089908704161644,,,,
r1_7b_top16_n8,r1,r1_7b,16,8,53,0.10522875934839249,,,,
r1_7b_top16_n8,r1,r1_7b,16,8,54,0.10068131983280182,,,,
r1_7b_top16_n8,r1,r1_7b,16,8,55,0.10761502385139465,,,,
r1_7b_top16_n8,r1,r1_7b,16,8,56,0.10482803732156754,,,,
r1_7b_top16_n8,r1,r1_7b,16,8,57,0.11090521514415741,,,,
r1_7b_top16_n8,r1,r1_7b,16,8,58,0.1115383729338646,,,,
r1_7b_top16_n8,r1,r1_7b,16,8,59,0.1073538213968277,,,,
r1_7b_top16_n8,r1,r1_7b,16,8,60,0.09891519695520401,39.26372155287818,28.333333333333332,25.0,64.45783132530121
r1_7b_top16_n8,r1,r1_7b,16,8,61,0.10603677481412888,,,,
r1_7b_top16_n8,r1,r1_7b,16,8,62,0.10243772715330124,,,,
r1_7b_top16_n8,r1,r1_7b,16,8,63,0.10503211617469788,,,,
r1_7b_top16_n8,r1,r1_7b,16,8,64,0.10528259724378586,,,,
r1_7b_top16_n8,r1,r1_7b,16,8,65,0.10694271326065063,,,,
r1_7b_top16_n8,r1,r1_7b,16,8,66,0.10642172396183014,,,,
r1_7b_top16_n8,r1,r1_7b,16,8,67,0.10324433445930481,,,,
r1_7b_top16_n8,r1,r1_7b,16,8,68,0.10746760666370392,,,,
r1_7b_top16_n8,r1,r1_7b,16,8,69,0.10464456677436829,,,,
r1_7b_top16_n8,r1,r1_7b,16,8,70,0.10005103796720505,39.36746987951807,27.916666666666668,27.083333333333332,63.102409638554214
r1_7b_top16_n8,r1,r1_7b,16,8,71,0.10701440274715424,,,,
r1_7b_top16_n8,r1,r1_7b,16,8,72,0.10435260832309723,,,,
r1_7b_top16_n8,r1,r1_7b,16,8,73,0.10579761862754822,,,,
r1_7b_top16_n8,r1,r1_7b,16,8,74,0.10437174886465073,,,,
r1_7b_top16_n8,r1,r1_7b,16,8,75,0.108824722468853,,,,
r1_7b_top16_n8,r1,r1_7b,16,8,76,0.10642364621162415,,,,
r1_7b_top16_n8,r1,r1_7b,16,8,77,0.10044078528881073,,,,
r1_7b_top16_n8,r1,r1_7b,16,8,78,0.10918676853179932,,,,
r1_7b_top16_n8,r1,r1_7b,16,8,79,0.1054711863398552,,,,
r1_7b_top16_n8,r1,r1_7b,16,8,80,0.10512343794107437,39.40595716198126,31.25,24.166666666666668,62.80120481927711
r1_7b_top16_n8,r1,r1_7b,16,8,81,0.10208199918270111,,,,
r1_7b_top16_n8,r1,r1_7b,16,8,82,0.11042849719524384,,,,
r1_7b_top16_n8,r1,r1_7b,16,8,83,0.10010841488838196,,,,
r1_7b_top16_n8,r1,r1_7b,16,8,84,0.10505698621273041,,,,
r1_7b_top16_n8,r1,r1_7b,16,8,85,0.1091478243470192,,,,
r1_7b_top16_n8,r1,r1_7b,16,8,86,0.10753130167722702,,,,
r1_7b_top16_n8,r1,r1_7b,16,8,87,0.11245161294937134,,,,
r1_7b_top16_n8,r1,r1_7b,16,8,88,0.10828465968370438,,,,
r1_7b_top16_n8,r1,r1_7b,16,8,89,0.0985761508345604,,,,
r1_7b_top16_n8,r1,r1_7b,16,8,90,0.1028512716293335,40.312918340026776,31.25,25.833333333333336,63.85542168674698
r1_7b_top16_n8,r1,r1_7b,16,8,91,0.09901481866836548,,,,
r1_7b_top16_n8,r1,r1_7b,16,8,92,0.09871158003807068,,,,
r1_7b_top16_n8,r1,r1_7b,16,8,93,0.10214515030384064,,,,
r1_7b_top16_n8,r1,r1_7b,16,8,94,0.0998007133603096,,,,
r1_7b_top16_n8,r1,r1_7b,16,8,95,0.09725876152515411,,,,
r1_7b_top16_n8,r1,r1_7b,16,8,96,0.0962720438838005,,,,
r1_7b_top16_n8,r1,r1_7b,16,8,97,0.1020551398396492,,,,
r1_7b_top16_n8,r1,r1_7b,16,8,98,0.10420755296945572,,,,
r1_7b_top16_n8,r1,r1_7b,16,8,99,0.09759034216403961,,,,
r1_7b_top16_n8,r1,r1_7b,16,8,100,0.10048414021730423,40.868473895582326,32.083333333333336,26.666666666666668,63.85542168674698
r1_7b_top16_n8,r1,r1_7b,16,8,101,0.08922725915908813,,,,
r1_7b_top16_n8,r1,r1_7b,16,8,102,0.0950194001197815,,,,
r1_7b_top16_n8,r1,r1_7b,16,8,103,0.09384037554264069,,,,
r1_7b_top16_n8,r1,r1_7b,16,8,104,0.09232068061828613,,,,
r1_7b_top16_n8,r1,r1_7b,16,8,105,0.09439005702733994,,,,
r1_7b_top16_n8,r1,r1_7b,16,8,106,0.09474315494298935,,,,
r1_7b_top16_n8,r1,r1_7b,16,8,107,0.09184779226779938,,,,
r1_7b_top16_n8,r1,r1_7b,16,8,108,0.09064756333827972,,,,
r1_7b_top16_n8,r1,r1_7b,16,8,109,0.08879289031028748,,,,
r1_7b_top16_n8,r1,r1_7b,16,8,110,0.09504304081201553,38.66131191432396,30.0,23.333333333333332,62.65060240963856
r1_7b_top16_n8,r1,r1_7b,16,8,111,0.09026983380317688,,,,
r1_7b_top16_n8,r1,r1_7b,16,8,112,0.09917714446783066,,,,
r1_7b_top16_n8,r1,r1_7b,16,8,113,0.10982220619916916,,,,
r1_7b_top16_n8,r1,r1_7b,16,8,114,0.10977540165185928,,,,
r1_7b_top16_n8,r1,r1_7b,16,8,115,0.10349059849977493,,,,
r1_7b_top16_n8,r1,r1_7b,16,8,116,0.1061062291264534,,,,
r1_7b_top16_n8,r1,r1_7b,16,8,117,0.10821027308702469,,,,
r1_7b_top16_n8,r1,r1_7b,16,8,118,0.10886190831661224,,,,
r1_7b_top16_n8,r1,r1_7b,16,8,119,0.10118231177330017,,,,
r1_7b_top16_n8,r1,r1_7b,16,8,120,0.10148567706346512,38.91231593038822,30.833333333333336,22.5,63.403614457831324
r1_7b_top16_n8,r1,r1_7b,16,8,121,0.10427054017782211,,,,
r1_7b_top16_n8,r1,r1_7b,16,8,122,0.10549221932888031,,,,
r1_7b_top16_n8,r1,r1_7b,16,8,123,0.1121552437543869,,,,
r1_7b_top16_n8,r1,r1_7b,16,8,124,0.10680454969406128,,,,
r1_7b_top16_n8,r1,r1_7b,16,8,125,0.09909264743328094,,,,
r1_7b_top16_n8,r1,r1_7b,16,8,126,0.10147614032030106,,,,
r1_7b_top16_n8,r1,r1_7b,16,8,127,0.11266082525253296,,,,
r1_7b_top16_n8,r1,r1_7b,16,8,128,0.10491212457418442,,,,
r1_7b_top16_n8,r1,r1_7b,16,8,129,0.10070979595184326,,,,
r1_7b_top16_n8,r1,r1_7b,16,8,130,0.10287904739379883,38.48393574297189,29.583333333333332,22.916666666666664,62.951807228915655
r1_7b_top16_n8,r1,r1_7b,16,8,131,0.10029037296772003,,,,
r1_7b_top16_n8,r1,r1_7b,16,8,132,0.10036974400281906,,,,
r1_7b_top16_n8,r1,r1_7b,16,8,133,0.09375399351119995,,,,
r1_7b_top16_n8,r1,r1_7b,16,8,134,0.10057425498962402,,,,
r1_7b_top16_n8,r1,r1_7b,16,8,135,0.09694642573595047,,,,
r1_7b_top16_n8,r1,r1_7b,16,8,136,0.0971808061003685,,,,
r1_7b_top16_n8,r1,r1_7b,16,8,137,0.09162458032369614,,,,
r1_7b_top16_n8,r1,r1_7b,16,8,138,0.09403456747531891,,,,
r1_7b_top16_n8,r1,r1_7b,16,8,139,0.09578918665647507,,,,
r1_7b_top16_n8,r1,r1_7b,16,8,140,0.09318998456001282,41.15796519410977,32.5,26.666666666666668,64.30722891566265
r1_7b_top16_n8,r1,r1_7b,16,8,141,0.0964207574725151,,,,
r1_7b_top16_n8,r1,r1_7b,16,8,142,0.10002443939447403,,,,
r1_7b_top16_n8,r1,r1_7b,16,8,143,0.09539549797773361,,,,
r1_7b_top16_n8,r1,r1_7b,16,8,144,0.09622645378112793,,,,
r1_7b_top16_n8,r1,r1_7b,16,8,145,0.09850335121154785,,,,
r1_7b_top16_n8,r1,r1_7b,16,8,146,0.0938689336180687,,,,
r1_7b_top16_n8,r1,r1_7b,16,8,147,0.0930914357304573,,,,
r1_7b_top16_n8,r1,r1_7b,16,8,148,0.0962057113647461,,,,
r1_7b_top16_n8,r1,r1_7b,16,8,149,0.09376446157693863,,,,
r1_7b_top16_n8,r1,r1_7b,16,8,150,0.10292737931013107,39.707161981258366,29.583333333333332,25.833333333333336,63.704819277108435
r1_7b_top16_n8,r1,r1_7b,16,8,151,0.09214018285274506,,,,
r1_7b_top16_n8,r1,r1_7b,16,8,152,0.0942758247256279,,,,
r1_7b_top16_n8,r1,r1_7b,16,8,153,0.09698515385389328,,,,
r1_7b_top16_n8,r1,r1_7b,16,8,154,0.10177203267812729,,,,
r1_7b_top16_n8,r1,r1_7b,16,8,155,0.09723810851573944,,,,
r1_7b_top16_n8,r1,r1_7b,16,8,156,0.09323901683092117,,,,
r1_7b_top16_n8,r1,r1_7b,16,8,157,0.0958360806107521,,,,
r1_7b_top16_n8,r1,r1_7b,16,8,158,0.09680962562561035,,,,
r1_7b_top16_n8,r1,r1_7b,16,8,159,0.0943233072757721,,,,
r1_7b_top16_n8,r1,r1_7b,16,8,160,0.09480109065771103,39.795850066934406,31.25,24.583333333333332,63.55421686746988
r1_7b_top16_n8,r1,r1_7b,16,8,161,0.09673203527927399,,,,
r1_7b_top16_n8,r1,r1_7b,16,8,162,0.09471040964126587,,,,
r1_7b_top16_n8,r1,r1_7b,16,8,163,0.0943000391125679,,,,
r1_7b_top16_n8,r1,r1_7b,16,8,164,0.10114341974258423,,,,
r1_7b_top16_n8,r1,r1_7b,16,8,165,0.09008391946554184,,,,
r1_7b_top16_n8,r1,r1_7b,16,8,166,0.09413909167051315,,,,
r1_7b_top16_n8,r1,r1_7b,16,8,167,0.09426894038915634,,,,
r1_7b_top16_n8,r1,r1_7b,16,8,168,0.09217438846826553,,,,
r1_7b_top16_n8,r1,r1_7b,16,8,169,0.09465479850769043,,,,
r1_7b_top16_n8,r1,r1_7b,16,8,170,0.09560763835906982,41.04250334672022,31.666666666666664,26.25,65.21084337349397
r1_7b_top16_n8,r1,r1_7b,16,8,171,0.09562619775533676,,,,
r1_7b_top16_n8,r1,r1_7b,16,8,172,0.09558862447738647,,,,
r1_7b_top16_n8,r1,r1_7b,16,8,173,0.09565392136573792,,,,
r1_7b_top16_n8,r1,r1_7b,16,8,174,0.0983043760061264,,,,
r1_7b_top16_n8,r1,r1_7b,16,8,175,0.0940057709813118,,,,
r1_7b_top16_n8,r1,r1_7b,16,8,176,0.10027063637971878,,,,
r1_7b_top16_n8,r1,r1_7b,16,8,177,0.11848134547472,,,,
r1_7b_top16_n8,r1,r1_7b,16,8,178,0.14986440539360046,,,,
r1_7b_top16_n8,r1,r1_7b,16,8,179,0.12495305389165878,,,,
r1_7b_top16_n8,r1,r1_7b,16,8,180,0.11745820194482803,40.45180722891566,32.083333333333336,25.416666666666664,63.85542168674698
r1_7b_top16_n8,r1,r1_7b,16,8,181,0.12589673697948456,,,,
r1_7b_top16_n8,r1,r1_7b,16,8,182,0.1401396244764328,,,,
r1_7b_top16_n8,r1,r1_7b,16,8,183,0.13476020097732544,,,,
r1_7b_top16_n8,r1,r1_7b,16,8,184,0.13916558027267456,,,,
r1_7b_top16_n8,r1,r1_7b,16,8,185,0.12424340099096298,,,,
r1_7b_top16_n8,r1,r1_7b,16,8,186,0.12631267309188843,,,,
r1_7b_top16_n8,r1,r1_7b,16,8,187,0.11164455860853195,,,,
r1_7b_top16_n8,r1,r1_7b,16,8,188,0.12244228273630142,,,,
r1_7b_top16_n8,r1,r1_7b,16,8,189,0.11777539551258087,,,,
r1_7b_top16_n8,r1,r1_7b,16,8,190,0.12997248768806458,40.324631860776435,29.583333333333332,27.083333333333332,64.30722891566265
r1_7b_top16_n8,r1,r1_7b,16,8,191,0.12128602713346481,,,,
r1_7b_top16_n8,r1,r1_7b,16,8,192,0.12404168397188187,,,,
r1_7b_top16_n8,r1,r1_7b,16,8,193,0.13859355449676514,,,,
r1_7b_top16_n8,r1,r1_7b,16,8,194,0.12990976870059967,,,,
r1_7b_top16_n8,r1,r1_7b,16,8,195,0.12699578702449799,,,,
r1_7b_top16_n8,r1,r1_7b,16,8,196,0.142544686794281,,,,
r1_7b_top16_n8,r1,r1_7b,16,8,197,0.12996813654899597,,,,
r1_7b_top16_n8,r1,r1_7b,16,8,198,0.13216401636600494,,,,
r1_7b_top16_n8,r1,r1_7b,16,8,199,0.13013985753059387,,,,
r1_7b_top16_n8,r1,r1_7b,16,8,200,0.11166805773973465,38.87382864792503,28.333333333333332,24.583333333333332,63.704819277108435
