run,step,forward_kl,forward_kl_raw,forward_ce,teacher_entropy,student_support_mass,teacher_support_mass,reverse_topk_surrogate,reverse_conditional_kl,reverse_log_mass_correction,actor_pg_loss,kl_identity_error,reverse_identity_error,HumanEval+,MBPP+,LiveCodeBench,Macro,forward_kl_ema5,AIME 2024,AIME 2025,AMC 2023
code14_true_loss,1,0.16768617928028107,0.16768617928028107,0.3177548944950104,0.15006867051124573,0.9999570846557617,0.9981652498245239,0.0827222391963005,0.08067604899406433,0.0020461799576878548,-0.5,4.470348358154297e-08,1.0244548320770264e-08,,,,,0.16768617928028107,,,
code14_true_loss,2,0.23778976500034332,0.23778976500034332,0.45841458439826965,0.22062483429908752,0.999933123588562,0.9974722862243652,0.1219286173582077,0.11860790848731995,0.003320698393508792,-0.5,1.4901161193847656e-08,1.0477378964424133e-08,,,,,0.1910540411869685,,,
code14_true_loss,3,0.13786259293556213,0.13786259293556213,0.29368695616722107,0.15582434833049774,0.999902069568634,0.998117208480835,0.0771937295794487,0.07502906024456024,0.002164672128856182,-0.5,1.4901161193847656e-08,2.7939677238464355e-09,,,,,0.17332355843649974,,,
code14_true_loss,4,0.13599295914173126,0.13599295914173126,0.2761940658092499,0.14020110666751862,0.9999269247055054,0.998349666595459,0.07631313055753708,0.07433632016181946,0.001976808300241828,-0.5,0.0,2.0954757928848267e-09,,,,,0.16088002533824358,,,
code14_true_loss,5,0.12901002168655396,0.12901002168655396,0.3047717213630676,0.17576171457767487,0.9997843503952026,0.998148500919342,0.08671430498361588,0.08480994403362274,0.0019043328939005733,-0.5,1.4901161193847656e-08,2.805609256029129e-08,,,,,0.1502566907876804,,,
code14_true_loss,6,0.10261420160531998,0.10261420160531998,0.25615841150283813,0.15354421734809875,0.9997667670249939,0.9981580972671509,0.07336803525686264,0.07129441946744919,0.0020736076403409243,-0.5,7.450580596923828e-09,8.149072527885437e-09,,,,,0.13437586106022692,,,
code14_true_loss,7,0.0931534543633461,0.0931534543633461,0.22945061326026917,0.13629715144634247,0.9997711777687073,0.9985536932945251,0.06899745762348175,0.06753411889076233,0.0014633204555138946,-1.0,7.450580596923828e-09,1.8277205526828766e-08,,,,,0.12063505882793332,,,
code14_true_loss,8,0.19440646469593048,0.19440646469593048,0.5304310917854309,0.3360247015953064,0.9994027614593506,0.9964286684989929,0.14897115528583527,0.1455937922000885,0.003377373330295086,-1.0,7.450580596923828e-08,1.0244548320770264e-08,,,,,0.14522552745059905,,,
code14_true_loss,9,0.028425071388483047,0.028425071388483047,0.101088747382164,0.07266367971897125,0.9993646144866943,0.9990379810333252,0.033618271350860596,0.03321172669529915,0.00040653382893651724,-0.3333333333333333,3.725290298461914e-09,1.0826624929904938e-08,,,,,0.10629204209656039,,,
code14_true_loss,10,0.03657573089003563,0.03657573089003563,0.14411282539367676,0.10753709822893143,0.9991021752357483,0.9987671375274658,0.04368576034903526,0.043262459337711334,0.000423292483901605,-0.5,3.725290298461914e-09,8.527422323822975e-09,77.59146341463415,64.35185185185185,14.694656488549619,52.212657251678536,0.08305327169438548,,,
code14_true_loss,11,0.030700501054525375,0.030700501054525375,0.12773893773555756,0.09703844040632248,0.9990335702896118,0.9987953305244446,0.03746281564235687,0.03715227171778679,0.00031053918064571917,-0.5,3.725290298461914e-09,4.743924364447594e-09,,,,,0.06560234814776544,,,
code14_true_loss,12,0.04996583238244057,0.04996583238244057,0.17700780928134918,0.1270419806241989,0.9987858533859253,0.9986352920532227,0.06456762552261353,0.06426814198493958,0.0002994814421981573,-0.5,3.725290298461914e-09,2.0954757928848267e-09,,,,,0.06039017622599049,,,
code14_true_loss,13,0.02607765980064869,0.02607765980064869,0.09679009765386581,0.07071242481470108,0.999216616153717,0.999282956123352,0.03640810027718544,0.036426544189453125,-1.8455570170772262e-05,-0.5,1.30385160446167e-08,1.1657903087325394e-08,,,,,0.04895267075087656,,,
code14_true_loss,14,0.049468573182821274,0.049468573182821274,0.17690986394882202,0.12744131684303284,0.9985172748565674,0.9987357258796692,0.06900456547737122,0.06915296614170074,-0.00014841773372609168,-0.5,2.60770320892334e-08,1.7069396562874317e-08,,,,,0.04912463822819147,,,
code14_true_loss,15,0.023368829861283302,0.023368829861283302,0.08658288419246674,0.06321404129266739,0.9992337226867676,0.9992836713790894,0.03210998699069023,0.032083116471767426,2.686569860088639e-05,-0.3333333333333333,1.30385160446167e-08,4.82032191939652e-09,,,,,0.04053936877255542,,,
code14_true_loss,16,0.01943514496088028,0.01943514496088028,0.07629839330911636,0.056863244622945786,0.9993582367897034,0.9994199872016907,0.02539561316370964,0.02542790025472641,-3.229279172956012e-05,-0.3333333333333333,3.725290298461914e-09,5.700712790712714e-09,,,,,0.03350462750199704,,,
code14_true_loss,17,0.011652568355202675,0.011652568355202675,0.04586462676525116,0.03421206399798393,0.9996088147163391,0.999688982963562,0.016773894429206848,0.01683139242231846,-5.7505483709974214e-05,-0.3333333333333333,5.587935447692871e-09,7.490598363801837e-09,,,,,0.02622060778639892,,,
code14_true_loss,18,0.00998053327202797,0.00998053327202797,0.04197289049625397,0.0319923534989357,0.9996092915534973,0.9996569156646729,0.013243056833744049,0.013275053352117538,-3.200210994691588e-05,-0.25,3.725290298461914e-09,5.591573426499963e-09,,,,,0.02080724961494194,,,
code14_true_loss,19,0.009542199783027172,0.009542199783027172,0.040164556354284286,0.03062235563993454,0.9996355772018433,0.9996762275695801,0.012961705215275288,0.012961032800376415,6.646197903137363e-07,-0.25,9.313225746154785e-10,7.795108558639186e-09,,,,,0.017052233004303686,,,
code14_true_loss,20,0.009378892369568348,0.009378892369568348,0.041684817522764206,0.032305922359228134,0.9996525049209595,0.9996837377548218,0.012379230931401253,0.012387074530124664,-7.850004294596147e-06,-0.25,2.7939677238464355e-09,6.4055711845867336e-09,77.59146341463415,61.838624338624335,12.595419847328243,50.67516920019557,0.014494452792725241,,,
code14_true_loss,21,0.006556988228112459,0.006556988228112459,0.031507108360528946,0.024950118735432625,0.9997256398200989,0.9997397661209106,0.008428079076111317,0.008423720486462116,4.349383289081743e-06,-0.16666666666666666,1.3969838619232178e-09,9.206360118696466e-09,,,,,0.011848631271187649,,,
code14_true_loss,22,0.009142098017036915,0.009142098017036915,0.04141011834144592,0.03226802498102188,0.9996368885040283,0.9996423125267029,0.012256420217454433,0.01222855132073164,2.7860918635269627e-05,-0.2,4.6566128730773926e-09,7.978087523952127e-09,,,,,0.010946453519804071,,,
code14_true_loss,23,0.007650831248611212,0.007650831248611212,0.03413901478052139,0.026488183066248894,0.9997158050537109,0.9997225999832153,0.010428554378449917,0.010403460822999477,2.508611578377895e-05,-0.2,4.656612873077393e-10,7.439666660502553e-09,,,,,0.009847912762739785,,,
code14_true_loss,24,0.007265990599989891,0.007265990599989891,0.034209247678518295,0.026943260803818703,0.99973064661026,0.9997155070304871,0.009499214589595795,0.009462342597544193,3.686315903905779e-05,-0.2,3.725290298461914e-09,8.833012543618679e-09,,,,,0.008987272041823154,,,
code14_true_loss,25,0.01481540035456419,0.01481540035456419,0.06700518727302551,0.052189793437719345,0.9995114803314209,0.9995160698890686,0.020432475954294205,0.02038567140698433,4.6799046685919166e-05,-0.3333333333333333,6.51925802230835e-09,5.50062395632267e-09,,,,,0.0109299814794035,,,
code14_true_loss,26,0.010571100749075413,0.010571100749075413,0.046739328652620316,0.03616822883486748,0.9996710419654846,0.9996773600578308,0.014289057813584805,0.014269893057644367,1.915802204166539e-05,-0.25,9.313225746154785e-10,6.733898771926761e-09,,,,,0.010810354569294137,,,
code14_true_loss,27,0.011142185889184475,0.011142185889184475,0.05060041695833206,0.039458226412534714,0.9996634125709534,0.9996484518051147,0.01537032425403595,0.015333089977502823,3.722895053215325e-05,-0.25,4.6566128730773926e-09,5.326000973582268e-09,,,,,0.010920965009257584,,,
code14_true_loss,28,0.019878584891557693,0.019878584891557693,0.08612418919801712,0.06624560803174973,0.9993943572044373,0.99932861328125,0.02766001597046852,0.027542201802134514,0.00011780485510826111,-0.3333333333333333,3.725290298461914e-09,9.313225746154785e-09,,,,,0.01390683830335762,,,
code14_true_loss,29,0.016267603263258934,0.016267603263258934,0.07272306084632874,0.05645545572042465,0.9995197057723999,0.9994854927062988,0.022521570324897766,0.02239491045475006,0.0001266482431674376,-0.3333333333333333,1.862645149230957e-09,1.1626980267465115e-08,,,,,0.014693759956658059,,,
code14_true_loss,30,0.02231166698038578,0.02231166698038578,0.09564496576786041,0.07333330065011978,0.9993548393249512,0.9992864727973938,0.030402034521102905,0.030296599492430687,0.00010542517702560872,-0.3333333333333333,1.862645149230957e-09,9.851646609604359e-09,75.15243902439023,61.904761904761905,12.786259541984732,49.94782015704563,0.01723306229790063,,,
code14_true_loss,31,0.022578151896595955,0.022578151896595955,0.09564051032066345,0.07306236773729324,0.999365508556366,0.9993399977684021,0.0318918451666832,0.03181793540716171,7.390153041342273e-05,-0.3333333333333333,9.313225746154785e-09,8.229108061641455e-09,,,,,0.019014758830799075,,,
code14_true_loss,32,0.02615583874285221,0.02615583874285221,0.1103813499212265,0.08422549813985825,0.9993326663970947,0.9993164539337158,0.03730149567127228,0.037231262773275375,7.022729550953954e-05,-0.5,1.30385160446167e-08,5.602487362921238e-09,,,,,0.021395118801483454,,,
code14_true_loss,33,0.021016886457800865,0.021016886457800865,0.09056050330400467,0.06954362243413925,0.999405562877655,0.9994105100631714,0.02966284193098545,0.02963959611952305,2.3240507289301604e-05,-0.3333333333333333,5.587935447692871e-09,5.3041731007397175e-09,,,,,0.021269041353589258,,,
code14_true_loss,34,0.02915331721305847,0.02915331721305847,0.114054836332798,0.08490151911973953,0.9992309808731079,0.9992187023162842,0.04353271797299385,0.04343535751104355,9.735098865348846e-05,-0.5,0.0,9.47329681366682e-09,,,,,0.023897133306745665,,,
code14_true_loss,35,0.014874954707920551,0.014874954707920551,0.06396283209323883,0.049087878316640854,0.9995648264884949,0.99957275390625,0.02090652845799923,0.02088771015405655,1.881383650470525e-05,-0.3333333333333333,9.313225746154785e-10,4.4674379751086235e-09,,,,,0.02088974044047063,,,
code14_true_loss,36,0.022553948685526848,0.022553948685526848,0.10324607044458389,0.0806921198964119,0.9993221759796143,0.9992485642433167,0.03133830055594444,0.031203173100948334,0.0001351263199467212,-0.3333333333333333,1.862645149230957e-09,1.1350493878126144e-09,,,,,0.021444476522156038,,,
code14_true_loss,37,0.025350172072649002,0.025350172072649002,0.10877815634012222,0.08342798799276352,0.9992915391921997,0.9992687702178955,0.03542853146791458,0.035352449864149094,7.607288716826588e-05,-0.5,3.725290298461914e-09,8.716597221791744e-09,,,,,0.022746375038987028,,,
code14_true_loss,38,0.01876426301896572,0.01876426301896572,0.08084913343191147,0.062084879726171494,0.9994629621505737,0.999402642250061,0.026255019009113312,0.02612506039440632,0.0001299497380387038,-0.3333333333333333,9.313225746154785e-09,8.87666828930378e-09,,,,,0.021419004365646595,,,
code14_true_loss,39,0.02171231433749199,0.02171231433749199,0.09436492621898651,0.07265261560678482,0.9994316101074219,0.9993510246276855,0.029940351843833923,0.02978227660059929,0.00015806911687832326,-0.3333333333333333,3.725290298461914e-09,6.126356311142445e-09,,,,,0.021516774356261727,,,
code14_true_loss,40,0.017462991178035736,0.017462991178035736,0.07565734535455704,0.0581943579018116,0.9995343685150146,0.9994702339172363,0.024528922513127327,0.024425983428955078,0.00010293361265212297,-0.3333333333333333,3.725290298461914e-09,5.471520125865936e-09,76.21951219512195,61.838624338624335,13.549618320610687,50.53591828478565,0.020165513296853066,,,
code14_true_loss,41,0.018397629261016846,0.018397629261016846,0.08100402355194092,0.06260639429092407,0.9994978904724121,0.9994712471961975,0.0258505716919899,0.025807403028011322,4.3159714550711215e-05,-0.3333333333333333,0.0,8.949427865445614e-09,,,,,0.019576218618240993,,,
code14_true_loss,42,0.020607713609933853,0.020607713609933853,0.08864379674196243,0.06803608685731888,0.9994449615478516,0.999375581741333,0.028937162831425667,0.02881389670073986,0.00012326128489803523,-0.3333333333333333,3.725290298461914e-09,4.845787771046162e-09,,,,,0.019920050282138613,,,
code14_true_loss,43,0.018118392676115036,0.018118392676115036,0.07827350497245789,0.06015511602163315,0.999538004398346,0.9994708895683289,0.025067245587706566,0.024964822456240654,0.00010241320705972612,-0.3333333333333333,3.725290298461914e-09,9.924406185746193e-09,,,,,0.01931949774679742,,,
code14_true_loss,44,0.013452178798615932,0.013452178798615932,0.0603182315826416,0.046866048127412796,0.9996362924575806,0.9995989799499512,0.018535003066062927,0.018478142097592354,5.685812720912509e-05,-0.3333333333333333,4.6566128730773926e-09,2.841261448338628e-09,,,,,0.01736372476407026,,,
code14_true_loss,45,0.015590491704642773,0.015590491704642773,0.06974886357784271,0.054158370941877365,0.9996282458305359,0.9995397329330444,0.02157810516655445,0.02145303040742874,0.00012506882194429636,-0.3333333333333333,9.313225746154785e-10,5.9371814131736755e-09,,,,,0.016772647077594433,,,
code14_true_loss,46,0.021786481142044067,0.021786481142044067,0.09755030274391174,0.07576381415128708,0.9994733333587646,0.9994239807128906,0.029979504644870758,0.029904039576649666,7.546260894741863e-05,-0.3333333333333333,7.450580596923828e-09,2.459273673593998e-09,,,,,0.018443925099077645,,,
code14_true_loss,47,0.020510870963335037,0.020510870963335037,0.09175515174865723,0.07124427706003189,0.999454140663147,0.9993129968643188,0.028400542214512825,0.0281987302005291,0.00020180357387289405,-0.5,3.725290298461914e-09,8.440110832452774e-09,,,,,0.01913290705383011,,,
code14_true_loss,48,0.01913987472653389,0.01913987472653389,0.08754059672355652,0.06840073317289352,0.9995244145393372,0.999436616897583,0.024763338267803192,0.02462923154234886,0.00013410304381977767,-0.3333333333333333,1.1175870895385742e-08,3.6816345527768135e-09,,,,,0.01913522961139804,,,
code14_true_loss,49,0.017205391079187393,0.017205391079187393,0.07013117522001266,0.05292578041553497,0.9996328949928284,0.9995814561843872,0.024859143421053886,0.024769918993115425,8.921630796976388e-05,-0.5,3.725290298461914e-09,8.119968697428703e-09,,,,,0.01849195010066116,,,
code14_true_loss,50,0.010324166156351566,0.010324166156351566,0.047017261385917664,0.03669309988617897,0.9997377991676331,0.9996904730796814,0.013786044903099537,0.013714813627302647,7.122373062884435e-05,-0.25,4.6566128730773926e-09,7.545168045908213e-09,76.0670731707317,64.41798941798942,14.122137404580155,51.535733331100424,0.015769355452557962,,,
code14_true_loss,51,0.014421164058148861,0.014421164058148861,0.06477093696594238,0.05034976825118065,0.9996328949928284,0.9995816349983215,0.019594471901655197,0.01952805183827877,6.640997889917344e-05,-0.3333333333333333,4.6566128730773926e-09,1.0084477253258228e-08,,,,,0.015319958321088262,,,
code14_true_loss,52,0.025248387828469276,0.025248387828469276,0.1123843714594841,0.08713598549365997,0.9993417263031006,0.999286949634552,0.034352704882621765,0.03426406532526016,8.863196853781119e-05,-0.5,1.862645149230957e-09,7.588823791593313e-09,,,,,0.0186294348235486,,,
code14_true_loss,53,0.019810514524579048,0.019810514524579048,0.09234321862459183,0.07253269851207733,0.9994425773620605,0.9992855787277222,0.026687465608119965,0.02642018534243107,0.0002672765403985977,-0.3333333333333333,5.587935447692871e-09,3.725290298461914e-09,,,,,0.01902312805722542,,,
code14_true_loss,54,0.018074139952659607,0.018074139952659607,0.08072381466627121,0.062649667263031,0.9995286464691162,0.9994681477546692,0.026253027841448784,0.02615935727953911,9.366343874717131e-05,-0.5,7.450580596923828e-09,7.123162504285574e-09,,,,,0.018706798689036817,,,
code14_true_loss,55,0.01820409670472145,0.01820409670472145,0.0849650502204895,0.06676094979047775,0.9994155764579773,0.9993321895599365,0.02440917119383812,0.02427072450518608,0.00013844389468431473,-0.3333333333333333,3.725290298461914e-09,2.7939677238464355e-09,,,,,0.018539231360931697,,,
code14_true_loss,56,0.024354154244065285,0.024354154244065285,0.10545334964990616,0.08109918981790543,0.9993408918380737,0.9992245435714722,0.034165386110544205,0.03394182771444321,0.00022354943212121725,-0.5,5.587935447692871e-09,8.96397978067398e-09,,,,,0.020477538988642893,,,
code14_true_loss,57,0.015569429844617844,0.015569429844617844,0.06908334046602249,0.05351390689611435,0.9995154142379761,0.9994606375694275,0.022239232435822487,0.022152360528707504,8.685878856340423e-05,-0.3333333333333333,3.725290298461914e-09,1.3118551578372717e-08,,,,,0.018841502607301212,,,
code14_true_loss,58,0.02161562256515026,0.02161562256515026,0.09866210073232651,0.0770464763045311,0.9992837905883789,0.9992261528968811,0.031358327716588974,0.031229151412844658,0.00012916946434415877,-0.5,1.862645149230957e-09,6.83940015733242e-09,,,,,0.019766209259917563,,,
code14_true_loss,59,0.01435594167560339,0.01435594167560339,0.07090648263692856,0.056550532579422,0.9995537400245667,0.9995279908180237,0.020034370943903923,0.019988225772976875,4.614331555785611e-05,-0.3333333333333333,8.381903171539307e-09,1.8553691916167736e-09,,,,,0.01796278673181284,,,
code14_true_loss,60,0.013299300335347652,0.013299300335347652,0.06325358152389526,0.049954287707805634,0.999580442905426,0.9995434880256653,0.01937413215637207,0.019308039918541908,6.608285912079737e-05,-0.3333333333333333,6.51925802230835e-09,9.378709364682436e-09,77.4390243902439,63.42592592592593,14.50381679389313,51.78958903668765,0.016408291266324447,,,
code14_true_loss,61,0.020176175981760025,0.020176175981760025,0.09283021092414856,0.07265403866767883,0.9994313716888428,0.9993624091148376,0.02862083725631237,0.028516430407762527,0.00010439584002597257,-0.3333333333333333,3.725290298461914e-09,1.1008523870259523e-08,,,,,0.01766425283813631,,,
code14_true_loss,62,0.018445784226059914,0.018445784226059914,0.08389256149530411,0.06544677913188934,0.9994496703147888,0.9994028210639954,0.025232752785086632,0.02516082301735878,7.192323391791433e-05,-0.3333333333333333,1.862645149230957e-09,6.5338099375367165e-09,,,,,0.01792476330077751,,,
code14_true_loss,63,0.015964744612574577,0.015964744612574577,0.07556578516960144,0.059601038694381714,0.9995632171630859,0.9995312690734863,0.022263452410697937,0.022211404517292976,5.2038081776117906e-05,-0.3333333333333333,1.862645149230957e-09,9.81162884272635e-09,,,,,0.0172714237380432,,,
code14_true_loss,64,0.023644499480724335,0.023644499480724335,0.1093364804983139,0.08569198101758957,0.9993892312049866,0.9993294477462769,0.033358730375766754,0.033224936574697495,0.0001337868598056957,-0.5,0.0,6.941263563930988e-09,,,,,0.019395782318936912,,,
code14_true_loss,65,0.017076894640922546,0.017076894640922546,0.07808913290500641,0.06101224571466446,0.9995215535163879,0.9994838833808899,0.02374911680817604,0.023677149787545204,7.196249498520046e-05,-0.3333333333333333,7.450580596923828e-09,4.525645636022091e-09,,,,,0.018622819759598792,,,
code14_true_loss,66,0.016600921750068665,0.016600921750068665,0.07639827579259872,0.05979735776782036,0.9995529651641846,0.9994789958000183,0.0226503387093544,0.022552035748958588,9.829731425270438e-05,-0.3333333333333333,3.725290298461914e-09,5.6461431086063385e-09,,,,,0.017948853756422085,,,
code14_true_loss,67,0.023421118035912514,0.023421118035912514,0.1001075878739357,0.07668647170066833,0.9994713664054871,0.999426007270813,0.03379429876804352,0.033697474747896194,9.681469236966223e-05,-0.5,1.862645149230957e-09,9.327777661383152e-09,,,,,0.019772941849585564,,,
code14_true_loss,68,0.014589957892894745,0.014589957892894745,0.06929559260606766,0.05470563843846321,0.9995704889297485,0.9995119571685791,0.019780233502388,0.019695697352290154,8.453188638668507e-05,-0.3333333333333333,3.725290298461914e-09,4.2637111619114876e-09,,,,,0.018045280530688625,,,
code14_true_loss,69,0.019283277913928032,0.019283277913928032,0.08768462389707565,0.06840135157108307,0.999538242816925,0.999477744102478,0.027338601648807526,0.02725287340581417,8.572053775424138e-05,-0.5,5.587935447692871e-09,7.705239113420248e-09,,,,,0.01845794632510176,,,
code14_true_loss,70,0.018599972128868103,0.018599972128868103,0.0872669368982315,0.0686669573187828,0.9995408058166504,0.9994734525680542,0.026325838640332222,0.026235269382596016,9.056313137989491e-05,-0.3333333333333333,7.450580596923828e-09,6.126356311142445e-09,76.21951219512195,63.75661375661375,11.450381679389313,50.47550254370835,0.01850528825969054,,,
code14_true_loss,71,0.011583183892071247,0.011583183892071247,0.054887864738702774,0.0433046855032444,0.9996839165687561,0.9996533989906311,0.01568894274532795,0.015649141743779182,3.979232133133337e-05,-0.3333333333333333,4.6566128730773926e-09,8.680217433720827e-09,,,,,0.016197920137150778,,,
code14_true_loss,72,0.018403304740786552,0.018403302878141403,0.08091112971305847,0.06250783801078796,0.999477744102478,0.9994277358055115,0.025912228971719742,0.025832755491137505,7.946342520881444e-05,-0.3333333333333333,1.1175870895385742e-08,1.0055373422801495e-08,,,,,0.016933048338362705,,,
code14_true_loss,73,0.01972191408276558,0.01972191408276558,0.0889577865600586,0.06923587620258331,0.9995140433311462,0.9994314908981323,0.028533298522233963,0.02841266617178917,0.00012062589667038992,-0.5,3.725290298461914e-09,6.453774403780699e-09,,,,,0.017862670253163664,,,
code14_true_loss,74,0.01652630977332592,0.01652630977332592,0.07264474779367447,0.0561184361577034,0.9996095895767212,0.9995275139808655,0.023049084469676018,0.022939521819353104,0.0001095556071959436,-0.3333333333333333,1.862645149230957e-09,7.043126970529556e-09,,,,,0.01741721675988442,,,
code14_true_loss,75,0.01335421483963728,0.01335421483963728,0.06305833160877228,0.049704112112522125,0.9995977282524109,0.9995553493499756,0.01908019743859768,0.019017109647393227,6.308119918685406e-05,-0.3333333333333333,4.6566128730773926e-09,6.592017598450184e-09,,,,,0.016062882786468707,,,
code14_true_loss,76,0.018685681745409966,0.018685681745409966,0.08735228329896927,0.06866659224033356,0.9994606971740723,0.9993794560432434,0.02578696422278881,0.025660328567028046,0.00012663108645938337,-0.3333333333333333,9.313225746154785e-09,4.5693013817071915e-09,,,,,0.016937149106115795,,,
code14_true_loss,77,0.01282493770122528,0.01282493770122528,0.061110638082027435,0.04828570410609245,0.999611496925354,0.9995402097702026,0.01733270287513733,0.017231889069080353,0.00010080610809382051,-0.3333333333333333,3.725290298461914e-09,7.697963155806065e-09,,,,,0.015566411971152291,,,
code14_true_loss,78,0.014431701973080635,0.014431701973080635,0.06470093131065369,0.050269223749637604,0.9996676445007324,0.9996136426925659,0.02045409195125103,0.02037886343896389,7.522355736000463e-05,-0.3333333333333333,5.587935447692871e-09,4.954927135258913e-09,,,,,0.015188175305128407,,,
code14_true_loss,79,0.013099814765155315,0.013099814765155315,0.06167183443903923,0.04857202619314194,0.999609112739563,0.9995869994163513,0.018297411501407623,0.0182647742331028,3.2629457564326e-05,-0.3333333333333333,6.51925802230835e-09,7.810740498825908e-09,,,,,0.014492055125137376,,,
code14_true_loss,80,0.017865648493170738,0.017865648493170738,0.08006387948989868,0.06219823658466339,0.9995137453079224,0.9994482398033142,0.025608515366911888,0.025510640814900398,9.78674870566465e-05,-0.3333333333333333,5.587935447692871e-09,7.0649548433721066e-09,76.52439024390245,60.912698412698404,12.977099236641221,50.13806263108069,0.015616586247815164,,,
code14_true_loss,81,0.01903492398560047,0.01903492398560047,0.08776021003723145,0.06872528046369553,0.999488890171051,0.999399721622467,0.02691887877881527,0.026796936988830566,0.00012193273869343102,-0.3333333333333333,5.587935447692871e-09,9.051291272044182e-09,,,,,0.016756032160410265,,,
code14_true_loss,82,0.013938079588115215,0.013938079588115215,0.06653859466314316,0.05260051041841507,0.9995954036712646,0.9995362758636475,0.01994253695011139,0.019856369122862816,8.61624357639812e-05,-0.3333333333333333,4.6566128730773926e-09,5.391484592109919e-09,,,,,0.015816714636311915,,,
code14_true_loss,83,0.02438817359507084,0.02438817359507084,0.10944127291440964,0.08505309373140335,0.9993902444839478,0.9992949962615967,0.03520840406417847,0.035072583705186844,0.00013581190432887524,-0.5,5.587935447692871e-09,8.454662747681141e-09,,,,,0.01867386762256489,,,
code14_true_loss,84,0.025704460218548775,0.025704460218548775,0.11857236921787262,0.09286791831254959,0.9993305206298828,0.9992294311523438,0.03750579059123993,0.03734194487333298,0.00016383823822252452,-0.5,9.313225746154785e-09,7.479684427380562e-09,,,,,0.02101739848789285,,,
code14_true_loss,85,0.015932198613882065,0.015932198613882065,0.07423719763755798,0.05830499529838562,0.9995855689048767,0.9995198845863342,0.022462448105216026,0.022369375452399254,9.306233550887555e-05,-0.3333333333333333,3.725290298461914e-09,1.0317307896912098e-08,,,,,0.01932233186322259,,,
code14_true_loss,86,0.028139661997556686,0.028139661997556686,0.12884368002414703,0.10070402175188065,0.9993247985839844,0.9991786479949951,0.04031563922762871,0.04010966047644615,0.00020597186812665313,-0.5,3.725290298461914e-09,6.883055903017521e-09,,,,,0.022261441908000622,,,
code14_true_loss,87,0.018316268920898438,0.018316268920898438,0.08697080612182617,0.06865455210208893,0.9995077252388,0.9994271397590637,0.02543679252266884,0.02532905712723732,0.00010772681707749143,-0.3333333333333333,1.4901161193847656e-08,8.578354027122259e-09,,,,,0.020946384245633227,,,
code14_true_loss,88,0.014902500435709953,0.014902500435709953,0.06745541840791702,0.05255291610956192,0.9996309876441956,0.999546229839325,0.02143009565770626,0.02129920944571495,0.00013087854313198477,-0.3333333333333333,1.862645149230957e-09,7.668859325349331e-09,,,,,0.01893175630899214,,,
code14_true_loss,89,0.013342097401618958,0.013342097401618958,0.06372318416833878,0.050381094217300415,0.9995388984680176,0.9994857311248779,0.018709326162934303,0.018631363287568092,7.795981946401298e-05,-0.3333333333333333,7.450580596923828e-09,3.055902197957039e-09,,,,,0.01706853667320108,,,
code14_true_loss,90,0.020131535828113556,0.020131535828113556,0.09042927622795105,0.0702977254986763,0.9994397759437561,0.9993687868118286,0.029087822884321213,0.0289832204580307,0.00010459544137120247,-0.5,1.4901161193847656e-08,6.984919309616089e-09,76.21951219512195,62.43386243386243,13.549618320610687,50.734330983198355,0.01808953639150524,,,
code14_true_loss,91,0.02186877280473709,0.021868770942091942,0.10284062474966049,0.0809718519449234,0.9994080662727356,0.9992989897727966,0.03114279918372631,0.030944466590881348,0.00019832784892059863,-0.5,1.862645149230957e-09,4.743924364447594e-09,,,,,0.019349281862582526,,,
code14_true_loss,92,0.023581745103001595,0.023581745103001595,0.11481595784425735,0.09123421460390091,0.999383270740509,0.9992615580558777,0.033916741609573364,0.033751681447029114,0.00016505428357049823,-0.5,1.862645149230957e-09,5.878973752260208e-09,,,,,0.020760102942722215,,,
code14_true_loss,93,0.022995823994278908,0.022995823994278908,0.10450462251901627,0.08150880038738251,0.9993939995765686,0.9992574453353882,0.033186640590429306,0.03300530090928078,0.00018132645345758647,-0.5,1.862645149230957e-09,1.3227690942585468e-08,,,,,0.021505343293241115,,,
code14_true_loss,94,0.014281307347118855,0.014281307347118855,0.06753724813461304,0.053255945444107056,0.9996061325073242,0.9995593428611755,0.020070135593414307,0.020000280812382698,6.985023355809972e-05,-0.3333333333333333,4.6566128730773926e-09,4.547473508864641e-09,,,,,0.019097331311200363,,,
code14_true_loss,95,0.021671608090400696,0.021671608090400696,0.09767753630876541,0.07600592076778412,0.9994558095932007,0.9993804097175598,0.03162597119808197,0.03152202442288399,0.00010394335549790412,-0.5,7.450580596923828e-09,3.41970007866621e-09,,,,,0.019955423570933807,,,
code14_true_loss,96,0.015516167506575584,0.015516167506575584,0.07315941154956818,0.05764324590563774,0.9996048808097839,0.9995402097702026,0.021606476977467537,0.021474236622452736,0.0001322372118011117,-0.3333333333333333,1.862645149230957e-09,3.14321368932724e-09,,,,,0.018475671549481067,,,
code14_true_loss,97,0.019701169803738594,0.019701169803738594,0.08806047588586807,0.06835930049419403,0.9995256662368774,0.9994658827781677,0.028611069545149803,0.028523525223135948,8.753867587074637e-05,-0.5,5.587935447692871e-09,5.6461431086063385e-09,,,,,0.01888417096756691,,,
code14_true_loss,98,0.011568230576813221,0.011568230576813221,0.05625082179903984,0.04468259587883949,0.9996522665023804,0.9995848536491394,0.016347477212548256,0.016253851354122162,9.361907723359764e-05,-0.3333333333333333,4.6566128730773926e-09,6.781192496418953e-09,,,,,0.016445524170649015,,,
code14_true_loss,99,0.02482849359512329,0.02482849359512329,0.11500110477209091,0.09017261117696762,0.9993752837181091,0.9992678165435791,0.03601031377911568,0.035873863846063614,0.00013645074795931578,-0.5,0.0,8.149072527885437e-10,,,,,0.019239847312140443,,,
code14_true_loss,100,0.018629975616931915,0.018629971891641617,0.08850228786468506,0.06987231969833374,0.9994401335716248,0.9993505477905273,0.026319870725274086,0.026202604174613953,0.00011726089724106714,-0.3333333333333333,3.725290298461914e-09,5.653419066220522e-09,75.91463414634147,61.17724867724868,14.31297709923664,50.46828664094226,0.019036556747070936,,,
code14_true_loss,101,0.02027360536158085,0.02027360536158085,0.09194938838481903,0.07167577743530273,0.9995133876800537,0.9994568228721619,0.02880861796438694,0.028729546815156937,7.906535756774247e-05,-0.3333333333333333,5.587935447692871e-09,5.791662260890007e-09,,,,,0.01944890628524091,,,
code14_true_loss,102,0.013120478019118309,0.013120478019118309,0.061909615993499756,0.048789139837026596,0.9996371865272522,0.9995972514152527,0.018220625817775726,0.018144670873880386,7.594833004986867e-05,-0.3333333333333333,1.862645149230957e-09,6.613845471292734e-09,,,,,0.017339430196533376,,,
code14_true_loss,103,0.014510823413729668,0.014510823413729668,0.0719352439045906,0.05742442235350609,0.9995972514152527,0.9995120167732239,0.019920917227864265,0.019796598702669144,0.0001243133592652157,-0.3333333333333333,1.862645149230957e-09,5.165929906070232e-09,,,,,0.01639656126893214,,,
code14_true_loss,104,0.015561060048639774,0.015561060048639774,0.07216482609510422,0.05660375952720642,0.9996264576911926,0.9995505809783936,0.02180888131260872,0.021671002730727196,0.00013787203351967037,-0.3333333333333333,6.51925802230835e-09,6.548361852765083e-09,,,,,0.01611806086216802,,,
code14_true_loss,105,0.012731638737022877,0.012731638737022877,0.06166209653019905,0.04893045872449875,0.9996509552001953,0.9995839595794678,0.017915181815624237,0.017810992896556854,0.00010418263264000416,-0.3333333333333333,9.313225746154785e-10,6.28642737865448e-09,,,,,0.01498925348711964,,,
code14_true_loss,106,0.020557673647999763,0.020557673647999763,0.0959310457110405,0.07537337392568588,0.9994453191757202,0.9993427395820618,0.028999999165534973,0.02886132523417473,0.00013866685912944376,-0.5,1.862645149230957e-09,7.07223080098629e-09,,,,,0.01684539354074635,,,
code14_true_loss,107,0.01353970542550087,0.01353970542550087,0.06658182293176651,0.05304211005568504,0.9996569752693176,0.9996035099029541,0.019311953336000443,0.019237466156482697,7.448362157447264e-05,-0.3333333333333333,7.450580596923828e-09,3.5579432733356953e-09,,,,,0.015743497502331193,,,
code14_true_loss,108,0.017788253724575043,0.017788251861929893,0.08265047520399094,0.0648622140288353,0.9995339512825012,0.9994362592697144,0.02549121156334877,0.025354737415909767,0.00013646700244862586,-0.5,9.313225746154785e-09,7.144990377128124e-09,,,,,0.01642508290974581,,,
code14_true_loss,109,0.014385944232344627,0.014385943301022053,0.07040601968765259,0.05602007359266281,0.999618649482727,0.9995383024215698,0.020069025456905365,0.019967010244727135,0.00010200885299127549,-0.3333333333333333,2.7939677238464355e-09,6.359186954796314e-09,,,,,0.01574537001727875,,,
code14_true_loss,110,0.02150844782590866,0.02150844782590866,0.09575144201517105,0.07424300163984299,0.99948650598526,0.9994055032730103,0.031270913779735565,0.031162163242697716,0.0001087419586838223,-0.5,7.450580596923828e-09,8.578354027122259e-09,75.60975609756098,62.56613756613757,14.122137404580155,50.76601035609289,0.01766639595348872,,,
code14_true_loss,111,0.029392167925834656,0.029392167925834656,0.13349810242652893,0.10410592705011368,0.9993281960487366,0.9992061257362366,0.043289925903081894,0.043105363845825195,0.00018455622193869203,-0.5,7.450580596923828e-09,5.8353180065751076e-09,,,,,0.021574986610937368,,,
code14_true_loss,112,0.017020996659994125,0.017020996659994125,0.08717071264982224,0.07014971226453781,0.9995247721672058,0.9994508624076843,0.023808900266885757,0.023711975663900375,9.69172251643613e-05,-0.3333333333333333,3.725290298461914e-09,7.377821020781994e-09,,,,,0.020056989960622953,,,
code14_true_loss,113,0.022553713992238045,0.022553713992238045,0.10590790957212448,0.08335419744253159,0.9994180798530579,0.9992900490760803,0.032329365611076355,0.03215948864817619,0.00016987121489364654,-0.5,1.862645149230957e-09,5.7480065152049065e-09,,,,,0.020889231304494653,,,
code14_true_loss,114,0.021018600091338158,0.021018600091338158,0.0969562903046608,0.07593768835067749,0.99945068359375,0.9993219375610352,0.03031107597053051,0.030077241361141205,0.00023382935614790767,-0.5,1.862645149230957e-09,5.2532413974404335e-09,,,,,0.020932354233442488,,,
code14_true_loss,115,0.016224950551986694,0.016224950551986694,0.07474571466445923,0.05852076783776283,0.9995908737182617,0.9995531439781189,0.024362072348594666,0.024298807606101036,6.326227594399825e-05,-0.5,3.725290298461914e-09,2.4665496312081814e-09,,,,,0.019363219672957226,,,
code14_true_loss,116,0.01622922159731388,0.01622922159731388,0.07618008553981781,0.05995085462927818,0.9995335340499878,0.999458372592926,0.023402923718094826,0.023291543126106262,0.00011137470573885366,-0.5,9.313225746154785e-09,5.8862497098743916e-09,,,,,0.018318553647742777,,,
code14_true_loss,117,0.018021242693066597,0.018021242693066597,0.08269301056861877,0.06467177718877792,0.9995142817497253,0.9994224309921265,0.02698962576687336,0.026857050135731697,0.000132571323774755,-0.3333333333333333,9.313225746154785e-09,4.307366907596588e-09,,,,,0.01821944999618405,,,
code14_true_loss,118,0.01995263248682022,0.01995263248682022,0.09413504600524902,0.0741824209690094,0.999500572681427,0.9994231462478638,0.029461810365319252,0.02935647778213024,0.00010532608575886115,-0.5,7.450580596923828e-09,6.497430149465799e-09,,,,,0.018797177493062776,,,
code14_true_loss,119,0.02777879126369953,0.02777879126369953,0.131160169839859,0.10338137298822403,0.9992236495018005,0.9990842342376709,0.03899705037474632,0.03881579264998436,0.00018125103088095784,-0.5,5.587935447692871e-09,6.693881005048752e-09,,,,,0.021791048749941696,,,
code14_true_loss,120,0.017372066155076027,0.017372066155076027,0.08065403252840042,0.06328197568655014,0.9995636940002441,0.9994652271270752,0.024445105344057083,0.024297956377267838,0.00014714743883814663,-0.3333333333333333,9.313225746154785e-09,1.5279510989785194e-09,74.6951219512195,63.955026455026456,13.740458015267176,50.79686880717105,0.020318054551653142,,,
code14_true_loss,121,0.017356308177113533,0.017356308177113533,0.081214040517807,0.06385773420333862,0.9995479583740234,0.9994417428970337,0.025131039321422577,0.02492358162999153,0.00020745319488923997,-0.3333333333333333,1.862645149230957e-09,4.496541805565357e-09,,,,,0.01933080576013994,,,
code14_true_loss,122,0.0221847090870142,0.0221847090870142,0.10723754018545151,0.08505281805992126,0.9993542432785034,0.9992069005966187,0.031784363090991974,0.03158213943243027,0.00020221972954459488,-0.5,1.30385160446167e-08,3.92901711165905e-09,,,,,0.020282106869098027,,,
code14_true_loss,123,0.01971971057355404,0.01971970871090889,0.09573710709810257,0.07601738721132278,0.9994772672653198,0.9993709325790405,0.02802877314388752,0.027865808457136154,0.00016296053945552558,-0.3333333333333333,1.1175870895385742e-08,4.147295840084553e-09,,,,,0.02009464143725003,,,
code14_true_loss,124,0.014467836357653141,0.014467836357653141,0.07057353109121323,0.05610569193959236,0.9995320439338684,0.9994482398033142,0.02004295028746128,0.01992710679769516,0.00011583757441258058,-0.3333333333333333,2.7939677238464355e-09,5.915353540331125e-09,,,,,0.01821903974405107,,,
code14_true_loss,125,0.02600378543138504,0.02600378543138504,0.13095822930335999,0.10495443642139435,0.9992748498916626,0.9991434812545776,0.03657236322760582,0.03640279173851013,0.00016956590116024017,-0.5,7.450580596923828e-09,5.587935447692871e-09,,,,,0.020813954973162394,,,
code14_true_loss,126,0.013065946288406849,0.013065945357084274,0.06379669159650803,0.05073074251413345,0.9996728897094727,0.999610424041748,0.018863320350646973,0.018765226006507874,9.80885888566263e-05,-0.3333333333333333,3.725290298461914e-09,5.75528247281909e-09,,,,,0.018231285411577213,,,
code14_true_loss,127,0.018244778737425804,0.018244778737425804,0.0899447351694107,0.07169994711875916,0.9994572401046753,0.9993532299995422,0.02510710433125496,0.024981684982776642,0.00012541445903480053,-0.3333333333333333,9.313225746154785e-09,4.889443516731262e-09,,,,,0.018235783186860078,,,
code14_true_loss,128,0.014893494546413422,0.014893494546413422,0.07194914668798447,0.057055652141571045,0.9996271133422852,0.999559760093689,0.02149360626935959,0.021410392597317696,8.320794586325064e-05,-0.3333333333333333,0.0,5.726178642362356e-09,,,,,0.01712168697337786,,,
code14_true_loss,129,0.028078587725758553,0.028078587725758553,0.12986809015274048,0.10178950428962708,0.9993463754653931,0.9992350339889526,0.041467681527137756,0.04128322750329971,0.00018444593297317624,-0.5,1.862645149230957e-09,8.09086486697197e-09,,,,,0.020773987224171425,,,
code14_true_loss,130,0.021237025037407875,0.021237025037407875,0.09659811109304428,0.07536108791828156,0.9995424747467041,0.9994350671768188,0.030755819752812386,0.030590767040848732,0.00016504514496773481,-0.5,1.862645149230957e-09,7.566995918750763e-09,75.60975609756098,62.5,14.50381679389313,50.87119096381803,0.02092833316191691,,,
code14_true_loss,131,0.027819454669952393,0.027819454669952393,0.13800117373466492,0.11018171161413193,0.9992825388908386,0.9991186261177063,0.039456646889448166,0.03925558552145958,0.00020105697331018746,-0.5,7.450580596923828e-09,4.394678398966789e-09,,,,,0.023225373664595407,,,
code14_true_loss,132,0.02095848135650158,0.02095848135650158,0.09702041000127792,0.07606193423271179,0.9994927048683167,0.9993980526924133,0.029955625534057617,0.02983914501965046,0.00011647593782981858,-0.5,5.587935447692871e-09,4.576577339321375e-09,,,,,0.0224697428952308,,,
code14_true_loss,133,0.014105459675192833,0.014105459675192833,0.06493936479091644,0.05083390325307846,0.9996163249015808,0.9995547533035278,0.020413540303707123,0.02033831737935543,7.521900261053815e-05,-0.3333333333333333,1.862645149230957e-09,3.9217411540448666e-09,,,,,0.01968164848855148,,,
code14_true_loss,134,0.028789907693862915,0.028789907693862915,0.1360437273979187,0.10725383460521698,0.9993374943733215,0.9992127418518066,0.04100189357995987,0.0408216267824173,0.00018025892495643348,-0.5,1.4901161193847656e-08,7.872586138546467e-09,,,,,0.02271773489032196,,,
code14_true_loss,135,0.02626079134643078,0.02626079134643078,0.12484582513570786,0.09858503937721252,0.9992131590843201,0.9990670084953308,0.0373719185590744,0.03717632219195366,0.00019558660278562456,-0.5,5.587935447692871e-09,9.764335118234158e-09,,,,,0.0238987537090249,,,
code14_true_loss,136,0.019555682316422462,0.019555682316422462,0.09177097678184509,0.07221529632806778,0.9995173811912537,0.9994462132453918,0.028262926265597343,0.028164954856038094,9.796435188036412e-05,-0.5,1.862645149230957e-09,7.057678885757923e-09,,,,,0.02245106324482409,,,
code14_true_loss,137,0.02518985979259014,0.02518985979259014,0.11557716876268387,0.09038729965686798,0.9993991851806641,0.999315619468689,0.036486491560935974,0.03635580465197563,0.00013067784311715513,-0.5,9.313225746154785e-09,9.065843187272549e-09,,,,,0.023363995427412774,,,
code14_true_loss,138,0.05001114308834076,0.05001114308834076,0.22976016998291016,0.1797490268945694,0.998620867729187,0.9984199404716492,0.07246673852205276,0.07216259837150574,0.0003041286545339972,-0.5,0.0,1.1496013030409813e-08,,,,,0.03224637798105544,,,
code14_true_loss,139,0.024215873330831528,0.024215873330831528,0.11140259355306625,0.08718672394752502,0.9994518756866455,0.9993104934692383,0.03581598028540611,0.03562344238162041,0.00019253295613452792,-0.5,3.725290298461914e-09,4.94765117764473e-09,,,,,0.02956954309764747,,,
code14_true_loss,140,0.02031310833990574,0.02031310833990574,0.09873664379119873,0.07842354476451874,0.9994472861289978,0.9993230104446411,0.02876082807779312,0.028597168624401093,0.00016365517512895167,-0.3333333333333333,9.313225746154785e-09,4.2782630771398544e-09,76.82926829268293,63.02910052910053,13.358778625954198,51.07238248257922,0.026484064845066893,,,
code14_true_loss,141,0.013904305174946785,0.013904305174946785,0.07097502797842026,0.057070717215538025,0.9996201395988464,0.9995356202125549,0.019661735743284225,0.019550390541553497,0.0001113385587814264,-0.3333333333333333,5.587935447692871e-09,6.642949301749468e-09,,,,,0.022290811621693524,,,
code14_true_loss,142,0.018569905310869217,0.018569905310869217,0.08930668234825134,0.07073678076267242,0.9995485544204712,0.9994440674781799,0.026658065617084503,0.02652566507458687,0.00013239379040896893,-0.5,3.725290298461914e-09,6.752088665962219e-09,,,,,0.021050509518085424,,,
code14_true_loss,143,0.012547817081212997,0.012547817081212997,0.06243693456053734,0.04988911747932434,0.9996635913848877,0.9995605945587158,0.017740769311785698,0.01754833571612835,0.00019243017595726997,-0.3333333333333333,0.0,3.41970007866621e-09,,,,,0.018216278705794616,,,
code14_true_loss,144,0.017630096524953842,0.017630096524953842,0.08212842792272568,0.06449832767248154,0.9995389580726624,0.999448299407959,0.025596661493182182,0.025473689660429955,0.0001229669724125415,-0.5,3.725290298461914e-09,4.8603396862745285e-09,,,,,0.018020884645514358,,,
code14_true_loss,145,0.013513918034732342,0.013513918034732342,0.06693440675735474,0.05342049524188042,0.9996663928031921,0.9995957016944885,0.01915597729384899,0.019070345908403397,8.562584116589278e-05,-0.3333333333333333,6.51925802230835e-09,5.5442797020077705e-09,,,,,0.016518562441920355,,,
code14_true_loss,146,0.01631993241608143,0.01631993241608143,0.08067664504051208,0.06435669958591461,0.9995495676994324,0.9994404911994934,0.023197727277874947,0.023050298914313316,0.00014742312487214804,-0.3333333333333333,1.30385160446167e-08,5.238689482212067e-09,,,,,0.01645235243330738,,,
code14_true_loss,147,0.014475393109023571,0.014475391246378422,0.06714480370283127,0.05266940966248512,0.9996472597122192,0.9995430707931519,0.020895954221487045,0.020758694037795067,0.0001372568221995607,-0.3333333333333333,2.7939677238464355e-09,3.3614924177527428e-09,,,,,0.015793365991879443,,,
code14_true_loss,148,0.020000921562314034,0.020000921562314034,0.09697026014328003,0.07696934044361115,0.9994750022888184,0.9993653893470764,0.028878189623355865,0.028747795149683952,0.00013038417091593146,-0.5,1.862645149230957e-09,1.0302755981683731e-08,,,,,0.01719588451535764,,,
code14_true_loss,149,0.014472783543169498,0.014472783543169498,0.07149724662303925,0.05702447146177292,0.9996085166931152,0.9995149970054626,0.020587850362062454,0.020468978211283684,0.00011887014989042655,-0.3333333333333333,8.381903171539307e-09,2.000888343900442e-09,,,,,0.01628818419129493,,,
code14_true_loss,150,0.016815777868032455,0.016815777868032455,0.0838940367102623,0.06707825511693954,0.9995483756065369,0.9994801878929138,0.024063684046268463,0.023968610912561417,9.506373316980898e-05,-0.3333333333333333,3.725290298461914e-09,9.400537237524986e-09,76.21951219512195,61.838624338624335,14.31297709923664,50.7903712109943,0.01646404875020744,,,
code14_true_loss,151,0.016381775960326195,0.016381775960326195,0.07714183628559113,0.06076006218791008,0.9995808601379395,0.9994964003562927,0.024421218782663345,0.0243065245449543,0.00011468363663880154,-0.5,1.862645149230957e-09,1.0601070243865252e-08,,,,,0.016436624486913694,,,
code14_true_loss,152,0.016276970505714417,0.016276970505714417,0.07705319672822952,0.060776229947805405,0.9996168613433838,0.9995394349098206,0.02358214184641838,0.023460498079657555,0.00012163779319962487,-0.3333333333333333,3.725290298461914e-09,5.973561201244593e-09,,,,,0.016383406493180604,,,
code14_true_loss,153,0.013911518268287182,0.013911518268287182,0.06762892007827759,0.05371740087866783,0.9996525049209595,0.9995505213737488,0.02023209258913994,0.020089328289031982,0.0001427589450031519,-0.3333333333333333,9.313225746154785e-10,5.3551048040390015e-09,,,,,0.015559443751549464,,,
code14_true_loss,154,0.019284332171082497,0.019284332171082497,0.09315134584903717,0.07386701554059982,0.9994868040084839,0.9993652105331421,0.026971064507961273,0.02682218886911869,0.0001488691195845604,-0.3333333333333333,1.862645149230957e-09,6.51925802230835e-09,,,,,0.016801073224727143,,,
code14_true_loss,155,0.012546099722385406,0.012546099722385406,0.062190186232328415,0.04964409023523331,0.9996974468231201,0.9996188879013062,0.01782447099685669,0.01771158166229725,0.00011288926907582209,-0.3333333333333333,3.725290298461914e-09,6.548361852765083e-11,,,,,0.015382748723946566,,,
code14_true_loss,156,0.020254485309123993,0.020254485309123993,0.09492943435907364,0.07467494904994965,0.9995009303092957,0.9994222521781921,0.028913289308547974,0.028812434524297714,0.00010084800305776298,-0.3333333333333333,0.0,6.781192496418953e-09,,,,,0.017006660919005708,,,
code14_true_loss,157,0.018172774463891983,0.018172774463891983,0.09068835526704788,0.072515569627285,0.9995490908622742,0.9994230270385742,0.025981269776821136,0.025831682607531548,0.00014957762323319912,-0.3333333333333333,1.1175870895385742e-08,9.546056389808655e-09,,,,,0.017395365433967802,,,
code14_true_loss,158,0.020016765221953392,0.020016765221953392,0.09367092698812485,0.0736541673541069,0.9995599389076233,0.9994650483131409,0.02986696921288967,0.029738325625658035,0.0001286392071051523,-0.5,5.587935447692871e-09,4.380126483738422e-09,,,,,0.018269165363296334,,,
code14_true_loss,159,0.0206009391695261,0.0206009391695261,0.09585258364677429,0.07525164633989334,0.9994940161705017,0.9994145035743713,0.030751220881938934,0.03064960055053234,0.00010161639511352405,-0.5,1.862645149230957e-09,3.9362930692732334e-09,,,,,0.019046423298706257,,,
code14_true_loss,160,0.019355347380042076,0.019355347380042076,0.09519332647323608,0.07583797723054886,0.9995094537734985,0.9993923306465149,0.027930770069360733,0.027777651324868202,0.0001531133457319811,-0.5,1.862645149230957e-09,5.398760549724102e-09,77.4390243902439,62.698412698412696,14.50381679389313,51.547084627516575,0.019149397992484864,,,
code14_true_loss,161,0.0161695946007967,0.0161695946007967,0.08066530525684357,0.06449571251869202,0.9996036887168884,0.9995332360267639,0.0230703167617321,0.022975828498601913,9.448180935578421e-05,-0.3333333333333333,1.862645149230957e-09,6.453774403780699e-09,,,,,0.018156130195255478,,,
code14_true_loss,162,0.03877817839384079,0.03877817839384079,0.18706029653549194,0.14828212559223175,0.9990454316139221,0.9987933039665222,0.05603424459695816,0.05569539964199066,0.00033884693402796984,-0.5,7.450580596923828e-09,1.979060471057892e-09,,,,,0.025030146261450583,,,
code14_true_loss,163,0.014940735884010792,0.014940735884010792,0.07284823060035706,0.05790749937295914,0.9996346831321716,0.9995681643486023,0.02244052104651928,0.022353816777467728,8.670079114381224e-05,-0.3333333333333333,4.6566128730773926e-09,3.4779077395796776e-09,,,,,0.021667009468970655,,,
code14_true_loss,164,0.02132720686495304,0.02132720686495304,0.10720545798540115,0.08587824553251266,0.9994227886199951,0.9992696642875671,0.03008689358830452,0.02989768236875534,0.00018919870490208268,-0.5,5.587935447692871e-09,1.2514647096395493e-08,,,,,0.02155374193429812,,,
code14_true_loss,165,0.018591750413179398,0.01859174855053425,0.09381923079490662,0.07522748410701752,0.9995287656784058,0.9993977546691895,0.02545829862356186,0.025273533537983894,0.00018476102559361607,-0.5,1.862645149230957e-09,4.059984348714352e-09,,,,,0.020566411427258548,,,
code14_true_loss,166,0.017270289361476898,0.017270289361476898,0.08329663425683975,0.06602634489536285,0.9996224641799927,0.9995511770248413,0.02511211298406124,0.025024648755788803,8.745618833927438e-05,-0.3333333333333333,0.0,8.039933163672686e-09,,,,,0.019467704071998,,,
code14_true_loss,167,0.026095956563949585,0.026095956563949585,0.12620465457439423,0.10010869055986404,0.999330997467041,0.9991414546966553,0.038004182279109955,0.037742067128419876,0.00026210176292806864,-0.5,7.450580596923828e-09,1.3387762010097504e-08,,,,,0.021677121569315196,,,
code14_true_loss,168,0.01811259612441063,0.01811259612441063,0.08415680378675461,0.06604421138763428,0.9995686411857605,0.9994608759880066,0.026841826736927032,0.026698919013142586,0.0001429056137567386,-0.3333333333333333,3.725290298461914e-09,2.1100277081131935e-09,,,,,0.020488946421013676,,,
code14_true_loss,169,0.01683265157043934,0.01683265157043934,0.07704567164182663,0.06021302193403244,0.9996415972709656,0.9995905160903931,0.025201208889484406,0.025137649849057198,6.355246296152472e-05,-0.5,1.862645149230957e-09,6.577465683221817e-09,,,,,0.019270181470822233,,,
code14_true_loss,170,0.027969950810074806,0.027969950810074806,0.12433954328298569,0.09636957943439484,0.9994203448295593,0.9992474913597107,0.04125501960515976,0.04100853577256203,0.0002464726858306676,-0.5,1.30385160446167e-08,1.1146767064929008e-08,75.91463414634147,63.82275132275132,13.358778625954198,51.03205469834899,0.022170104583906423,,,
code14_true_loss,171,0.0273292176425457,0.0273292176425457,0.11255193501710892,0.08522272109985352,0.9994233846664429,0.9992961287498474,0.0379820242524147,0.037830062210559845,0.0001519554207334295,-0.5,3.725290298461914e-09,6.6211214289069176e-09,,,,,0.023889808936786182,,,
code14_true_loss,172,0.019982513040304184,0.019982513040304184,0.09288468956947327,0.07290218025445938,0.9995098114013672,0.9994131326675415,0.02846379578113556,0.028344418853521347,0.00011936630471609533,-0.5,3.725290298461914e-09,1.0622898116707802e-08,,,,,0.022587376971292185,,,
code14_true_loss,173,0.015241462737321854,0.015241462737321854,0.07346358895301819,0.05822211876511574,0.9996210932731628,0.9995098114013672,0.022059833630919456,0.02192235179245472,0.00013747447519563138,-0.5,7.450580596923828e-09,7.363269105553627e-09,,,,,0.020138738893302074,,,
code14_true_loss,174,0.01685352995991707,0.01685352995991707,0.08153827488422394,0.06468474119901657,0.9995848536491394,0.9994898438453674,0.02484581619501114,0.024729078635573387,0.00011672992695821449,-0.5,3.725290298461914e-09,7.632479537278414e-09,,,,,0.019043669248840406,,,
code14_true_loss,175,0.013197149150073528,0.013197149150073528,0.06862007081508636,0.05542291700839996,0.9996289014816284,0.9995175004005432,0.017933223396539688,0.017798922955989838,0.00013429495447780937,-0.3333333333333333,4.6566128730773926e-09,5.486072041094303e-09,,,,,0.017094829215918116,,,
code14_true_loss,176,0.021824972704052925,0.021824972704052925,0.10526885837316513,0.08344389498233795,0.9995215535163879,0.9993815422058105,0.03106335550546646,0.030890628695487976,0.0001727198250591755,-0.5,9.313225746154785e-09,6.984919309616089e-09,,,,,0.018671543711963053,,,
code14_true_loss,177,0.026085009798407555,0.026085009798407555,0.12877607345581055,0.10269106179475784,0.9993487000465393,0.9992058277130127,0.03567054122686386,0.03549541160464287,0.00017512368503957987,-0.5,1.862645149230957e-09,5.9371814131736755e-09,,,,,0.02114269907411122,,,
code14_true_loss,178,0.03174161911010742,0.03174161911010742,0.15334102511405945,0.12159940600395203,0.9992913007736206,0.9990808367729187,0.04496290907263756,0.04470805823802948,0.00025484009529463947,-0.5,0.0,1.0739313438534737e-08,,,,,0.02467567241944329,,,
code14_true_loss,179,0.016145452857017517,0.016145452857017517,0.07774172723293304,0.06159627065062523,0.9996340870857239,0.9995057582855225,0.023177791386842728,0.023030105978250504,0.00014768161054234952,-0.3333333333333333,3.725290298461914e-09,3.798049874603748e-09,,,,,0.021832265898634698,,,
code14_true_loss,180,0.020883213728666306,0.020883213728666306,0.09778708964586258,0.07690387219190598,0.9995134472846985,0.999403715133667,0.03098652884364128,0.03084671124815941,0.00013981030497234315,-0.5,3.725290298461914e-09,7.290509529411793e-09,76.82926829268293,61.838624338624335,13.549618320610687,50.739170317305984,0.0215159151753119,,,
code14_true_loss,181,0.019063515588641167,0.019063515588641167,0.09510954469442368,0.07604603469371796,0.999526858329773,0.9994086027145386,0.027208322659134865,0.027055175974965096,0.00015313620679080486,-0.3333333333333333,5.587935447692871e-09,1.0477378964424133e-08,,,,,0.020698448646421657,,,
code14_true_loss,182,0.018590224906802177,0.018590224906802177,0.08869882673025131,0.07010859251022339,0.9995283484458923,0.9994427561759949,0.02702419087290764,0.026914164423942566,0.00011002197425113991,-0.3333333333333333,9.313225746154785e-09,4.474713932722807e-09,,,,,0.01999570739988183,,,
code14_true_loss,183,0.02091631107032299,0.02091631107032299,0.10686546564102173,0.08594916015863419,0.9994580745697021,0.9993193745613098,0.029419396072626114,0.029256625100970268,0.00016276205133181065,-0.5,5.587935447692871e-09,8.92032403498888e-09,,,,,0.020302575290028886,,,
code14_true_loss,184,0.014420153573155403,0.014420153573155403,0.07207634299993515,0.0576561838388443,0.9995883107185364,0.9994818568229675,0.020711533725261688,0.020570458844304085,0.00014107323659118265,-0.3333333333333333,5.587935447692871e-09,1.6443664208054543e-09,,,,,0.01834176805107106,,,
code14_true_loss,185,0.017319580540060997,0.017319580540060997,0.0826922357082367,0.06537265330553055,0.9996044039726257,0.9994966983795166,0.026180552318692207,0.0260561965405941,0.0001243519363924861,-0.5,1.862645149230957e-09,3.841705620288849e-09,,,,,0.01800103888073437,,,
code14_true_loss,186,0.019795531406998634,0.019795531406998634,0.08949125558137894,0.06969571858644485,0.9995601773262024,0.999447762966156,0.029565628618001938,0.029369695112109184,0.00019592854368966073,-0.5,5.587935447692871e-09,4.9622030928730965e-09,,,,,0.018599203056155793,,,
code14_true_loss,187,0.026310112327337265,0.026310112327337265,0.12091720104217529,0.09460708498954773,0.9993882775306702,0.9991650581359863,0.03797633945941925,0.03768450394272804,0.00029182908474467695,-0.5,3.725290298461914e-09,6.4319465309381485e-09,,,,,0.021169506146549617,,,
code14_true_loss,188,0.02235489711165428,0.02235489711165428,0.10670223832130432,0.08434735983610153,0.9994341731071472,0.9993298053741455,0.03317580744624138,0.03304411098361015,0.00013168972509447485,-0.5,1.862645149230957e-08,6.737536750733852e-09,,,,,0.021564636468251172,,,
code14_true_loss,189,0.02147078700363636,0.02147078700363636,0.10411600023508072,0.08264521509408951,0.9994343519210815,0.9992575645446777,0.030979307368397713,0.030742283910512924,0.00023701666214037687,-0.5,1.862645149230957e-09,6.79574441164732e-09,,,,,0.02153335331337957,,,
code14_true_loss,190,0.015486449934542179,0.015486449934542179,0.07655562460422516,0.06106918305158615,0.9996426701545715,0.9995322227478027,0.02216576226055622,0.022035259753465652,0.00013049683184362948,-0.5,8.381903171539307e-09,5.675246939063072e-09,78.35365853658537,61.772486772486765,13.740458015267176,51.28886777477977,0.01951771885376711,,,
code14_true_loss,191,0.019432038068771362,0.019432038068771362,0.1025887057185173,0.08315666019916534,0.9993818402290344,0.9992005825042725,0.026761289685964584,0.026538046076893806,0.00022323793382383883,-0.3333333333333333,7.450580596923828e-09,5.675246939063072e-09,,,,,0.01948915859210186,,,
code14_true_loss,192,0.037680305540561676,0.037680305540561676,0.1879993975162506,0.15031908452510834,0.9991563558578491,0.9990001916885376,0.05462299659848213,0.054357197135686874,0.0002657918957993388,-0.5,7.450580596923828e-09,7.566995918750763e-09,,,,,0.025552874241588468,,,
code14_true_loss,193,0.0212564580142498,0.0212564580142498,0.10788203030824661,0.08662556111812592,0.9994199872016907,0.999262809753418,0.031081007793545723,0.03087327629327774,0.00020772639254573733,-0.5,1.1175870895385742e-08,5.107722245156765e-09,,,,,0.024120735499142246,,,
code14_true_loss,194,0.020886223763227463,0.020886223763227463,0.09920470416545868,0.07831847667694092,0.99949711561203,0.9993824362754822,0.030059928074479103,0.02977326326072216,0.00028666050639003515,-0.5,3.725290298461914e-09,4.307366907596588e-09,,,,,0.023042564920503987,,,
code14_true_loss,195,0.013694115914404392,0.013694115914404392,0.0720183327794075,0.05832420662045479,0.9996029138565063,0.9994981288909912,0.01870812475681305,0.01857907325029373,0.00012904607865493745,-0.3333333333333333,1.0244548320770264e-08,5.427864380180836e-09,,,,,0.019926415251804122,,,
code14_true_loss,196,0.01284334808588028,0.01284334808588028,0.0621909461915493,0.04934759438037872,0.9996706247329712,0.9995970726013184,0.018558518961071968,0.01846531592309475,9.319790842710063e-05,-0.5,3.725290298461914e-09,5.129550117999315e-09,,,,,0.017565392863162842,,,
code14_true_loss,197,0.03231839835643768,0.03231839835643768,0.15150411427021027,0.11918570101261139,0.9992508888244629,0.9990289807319641,0.04772769659757614,0.04741425812244415,0.000313425378408283,-0.5,1.4901161193847656e-08,1.3096723705530167e-08,,,,,0.02248306136092112,,,
code14_true_loss,198,0.01803957298398018,0.01803957298398018,0.09001076966524124,0.07197119295597076,0.9994633793830872,0.9993100166320801,0.025195233523845673,0.025009170174598694,0.00018605949298944324,-0.5,3.725290298461914e-09,3.856257535517216e-09,,,,,0.021001898568607475,,,
code14_true_loss,199,0.030377380549907684,0.030377380549907684,0.14363162219524384,0.11325423419475555,0.9992948174476624,0.9991247653961182,0.045100994408130646,0.04489833116531372,0.00020264947670511901,-0.5,7.450580596923828e-09,1.3766111806035042e-08,,,,,0.02412705922904088,,,
code14_true_loss,200,0.01795489527285099,0.01795489527285099,0.0895630270242691,0.07160813361406326,0.9995133280754089,0.9993536472320557,0.025000188499689102,0.02479848824441433,0.00020169642812106758,-0.3333333333333333,1.862645149230957e-09,3.827153705060482e-09,76.67682926829268,63.49206349206349,12.595419847328243,50.921437535894796,0.02206967124364425,,,
r1_7b_true_loss,1,0.14778777956962585,0.14778777956962585,0.8320793509483337,0.6842916011810303,0.992918848991394,0.9818145632743835,0.13939842581748962,0.127038836479187,0.01235959492623806,-0.16666666666666666,2.9802322387695312e-08,5.587935447692871e-09,,,,,0.14778777956962585,,,
r1_7b_true_loss,2,0.1382945030927658,0.1382945030927658,0.7766867280006409,0.6383922100067139,0.9942026734352112,0.984592616558075,0.12859399616718292,0.11795715987682343,0.010636815801262856,-0.2,1.4901161193847656e-08,2.0489096641540527e-08,,,,,0.14462335407733917,,,
r1_7b_true_loss,3,0.139947772026062,0.139947772026062,0.7972372174263,0.657289445400238,0.993929922580719,0.9839765429496765,0.13137207925319672,0.12039002031087875,0.010982050560414791,-0.2,0.0,8.381903171539307e-09,,,,,0.14306482672691345,,,
r1_7b_true_loss,4,0.1341150403022766,0.1341150403022766,0.7825002670288086,0.6483853459358215,0.9940170645713806,0.9845837354660034,0.1256152093410492,0.1152864620089531,0.010328729636967182,-0.2,1.1920928955078125e-07,1.7695128917694092e-08,,,,,0.14008156458536786,,,
r1_7b_true_loss,5,0.13963912427425385,0.13963912427425385,0.8112200498580933,0.6715809106826782,0.9934554100036621,0.9832373261451721,0.13244596123695374,0.12118161469697952,0.011264343746006489,-0.2,1.4901161193847656e-08,2.7939677238464355e-09,,,,,0.1399340844816632,,,
r1_7b_true_loss,6,0.1317463368177414,0.1317463368177414,0.7742270231246948,0.642480731010437,0.9932883381843567,0.983658492565155,0.12476594001054764,0.11414282023906708,0.010623099282383919,-0.16666666666666666,4.470348358154297e-08,2.0489096641540527e-08,,,,,0.13720483526035593,,,
r1_7b_true_loss,7,0.137335866689682,0.137335866689682,0.8168042898178101,0.6794684529304504,0.9926700592041016,0.9821196794509888,0.13065309822559357,0.11893399804830551,0.01171908713877201,-0.2,2.9802322387695312e-08,1.30385160446167e-08,,,,,0.13724851240346464,,,
r1_7b_true_loss,8,0.1322576254606247,0.1322576254606247,0.7835046648979187,0.6512470841407776,0.9934800267219543,0.9839223623275757,0.1254989504814148,0.11492829769849777,0.010570650920271873,-0.2,4.470348358154297e-08,1.862645149230957e-09,,,,,0.135584883422518,,,
r1_7b_true_loss,9,0.125688374042511,0.125688374042511,0.7961156964302063,0.6704272627830505,0.9910621643066406,0.9811548590660095,0.12238319963216782,0.11132589727640152,0.011057298630475998,-0.16666666666666666,5.960464477539063e-08,3.725290298461914e-09,,,,,0.13228604696251567,,,
r1_7b_true_loss,10,0.12449712306261063,0.12449712306261063,0.805652916431427,0.681155800819397,0.9912410378456116,0.9813896417617798,0.12083570659160614,0.10986882448196411,0.010966884903609753,-0.16666666666666666,7.450580596923828e-09,2.7939677238464355e-09,,,,38.182730923694784,0.12968973899588065,30.416666666666664,22.083333333333332,62.048192771084345
r1_7b_true_loss,11,0.12436702847480774,0.12436702847480774,0.8001004457473755,0.6757333874702454,0.9906487464904785,0.9810864925384521,0.12150860577821732,0.11077038198709488,0.01073822658509016,-0.2,2.9802322387695312e-08,2.7939677238464355e-09,,,,,0.12791550215552303,,,
r1_7b_true_loss,12,0.13634589314460754,0.13634589314460754,0.8393883109092712,0.7030425071716309,0.9908737540245056,0.9803529381752014,0.13393087685108185,0.1221124455332756,0.011818432249128819,-0.2,8.940696716308594e-08,9.313225746154785e-10,,,,,0.13072563248521787,,,
r1_7b_true_loss,13,0.12742534279823303,0.12742534279823303,0.8220651745796204,0.6946397423744202,0.9908322691917419,0.9808303117752075,0.12502974271774292,0.11386294662952423,0.011166809126734734,-0.16666666666666666,8.940696716308594e-08,1.30385160446167e-08,,,,,0.1296255359228896,,,
r1_7b_true_loss,14,0.13413751125335693,0.13413751125335693,0.8501995205879211,0.716062068939209,0.9896509051322937,0.9788327813148499,0.1321413815021515,0.11999861896038055,0.012142750434577465,-0.2,5.960464477539063e-08,1.210719347000122e-08,,,,,0.13112952769971206,,,
r1_7b_true_loss,15,0.130973681807518,0.130973681807518,0.8369082808494568,0.7059345245361328,0.988282322883606,0.9781573414802551,0.12781479954719543,0.11630360782146454,0.011511188000440598,-0.2,7.450580596923828e-08,3.725290298461914e-09,,,,,0.1310775790689807,,,
r1_7b_true_loss,16,0.13134345412254333,0.13134345412254333,0.8467431664466858,0.7153997421264648,0.9885813593864441,0.9779888987541199,0.12918366491794586,0.11721434444189072,0.011969323270022869,-0.16666666666666666,2.9802322387695312e-08,2.7939677238464355e-09,,,,,0.13116620408683494,,,
r1_7b_true_loss,17,0.13461416959762573,0.13461416959762573,0.9738959074020386,0.8392816781997681,0.9703250527381897,0.9640815854072571,0.11966529488563538,0.11182966828346252,0.007835643365979195,-0.2,5.960464477539063e-08,1.6763806343078613e-08,,,,,0.13231552592376522,,,
r1_7b_true_loss,18,0.13367627561092377,0.13367627561092377,0.9563241600990295,0.8226478695869446,0.9718824028968811,0.9661337733268738,0.1201142892241478,0.11285831779241562,0.007255970500409603,-0.2,1.4901161193847656e-08,9.313225746154785e-10,,,,,0.1327691091528181,,,
r1_7b_true_loss,19,0.13293953239917755,0.13293953239917755,0.9616349935531616,0.8286954164505005,0.9710824489593506,0.9650139212608337,0.11851094663143158,0.11087744683027267,0.007633490953594446,-0.16666666666666666,4.470348358154297e-08,8.847564458847046e-09,,,,,0.13282591690160458,,,
r1_7b_true_loss,20,0.14222097396850586,0.14222097396850586,0.9992666244506836,0.857045590877533,0.9673565626144409,0.9606696963310242,0.12563510239124298,0.11705603450536728,0.008579055778682232,-0.16666666666666666,5.960464477539063e-08,1.210719347000122e-08,,,,39.25200803212851,0.13595760259057169,29.583333333333332,24.166666666666668,64.00602409638554
r1_7b_true_loss,21,0.13279370963573456,0.13279370963573456,0.966712236404419,0.8339186310768127,0.9717283248901367,0.9659848213195801,0.11962594091892242,0.11239452660083771,0.007231386844068766,-0.2,1.043081283569336e-07,2.7474015951156616e-08,,,,,0.13490297160562598,,,
r1_7b_true_loss,22,0.13153153657913208,0.13153153657913208,0.9523440599441528,0.8208125829696655,0.9720380902290344,0.9658032655715942,0.11884797364473343,0.11104495823383331,0.007803017273545265,-0.2,5.960464477539063e-08,1.862645149230957e-09,,,,,0.133779159930128,,,
r1_7b_true_loss,23,0.1380632370710373,0.1380632370710373,0.9700334072113037,0.8319700956344604,0.9708895087242126,0.9645166397094727,0.1248164102435112,0.11673790961503983,0.008078488521277905,-0.2,7.450580596923828e-08,1.210719347000122e-08,,,,,0.13520718564376444,,,
r1_7b_true_loss,24,0.1393824815750122,0.1393824815750122,1.0045886039733887,0.8652060627937317,0.9703308343887329,0.9631451964378357,0.12617270648479462,0.11724931001663208,0.008923389948904514,-0.2,5.960464477539063e-08,6.51925802230835e-09,,,,,0.13659895095418037,,,
r1_7b_true_loss,25,0.1346452683210373,0.1346452683210373,0.9595248103141785,0.8248794674873352,0.9715409874916077,0.9649530053138733,0.12227000296115875,0.11387534439563751,0.008394643664360046,-0.2,7.450580596923828e-08,1.4901161193847656e-08,,,,,0.13594772340979935,,,
r1_7b_true_loss,26,0.13904830813407898,0.13904830813407898,0.9871533513069153,0.8481050133705139,0.9706031084060669,0.9633615016937256,0.1265217512845993,0.1174483373761177,0.009073411114513874,-0.2,2.9802322387695312e-08,2.7939677238464355e-09,,,,,0.1369812516512259,,,
r1_7b_true_loss,27,0.14139828085899353,0.14139828085899353,1.0010738372802734,0.8596756458282471,0.9700332283973694,0.9626089930534363,0.1290152221918106,0.11967875808477402,0.009336456656455994,-0.2,8.940696716308594e-08,7.450580596923828e-09,,,,,0.1384535947204818,,,
r1_7b_true_loss,28,0.13158786296844482,0.13158786296844482,0.9595313668251038,0.8279435634613037,0.9727756381034851,0.9657025933265686,0.12045346945524216,0.11163788288831711,0.00881558284163475,-0.2,5.960464477539063e-08,3.725290298461914e-09,,,,,0.1361650174698028,,,
r1_7b_true_loss,29,0.1345687359571457,0.1345687359571457,0.9685822129249573,0.8340135216712952,0.9723758697509766,0.965242862701416,0.12349697947502136,0.1145610511302948,0.008935928344726562,-0.16666666666666666,4.470348358154297e-08,0.0,,,,,0.13563292363225044,,,
r1_7b_true_loss,30,0.13156969845294952,0.13156969845294952,0.959617018699646,0.8280472159385681,0.9733524918556213,0.966153621673584,0.12104827165603638,0.1121736690402031,0.008874594233930111,-0.2,1.043081283569336e-07,8.381903171539307e-09,,,,38.93574297188756,0.13427851523915013,27.916666666666668,24.583333333333332,64.30722891566265
r1_7b_true_loss,31,0.1331368386745453,0.1331368386745453,0.9861603379249573,0.8530235290527344,0.9728306531906128,0.9645832180976868,0.12329865247011185,0.11314211785793304,0.0101565420627594,-0.16666666666666666,2.9802322387695312e-08,7.450580596923828e-09,,,,,0.13389795638428187,,,
r1_7b_true_loss,32,0.14029043912887573,0.14029043912887573,1.0093809366226196,0.8690905570983887,0.9721437692642212,0.9629486799240112,0.13060438632965088,0.1193237379193306,0.011280639097094536,-0.2,5.960464477539063e-08,9.313225746154785e-09,,,,,0.13602878396581317,,,
r1_7b_true_loss,33,0.13090740144252777,0.13090740144252777,0.96388840675354,0.8329811096191406,0.9750540852546692,0.9660664796829224,0.12373863160610199,0.11276104301214218,0.010977586731314659,-0.16666666666666666,1.043081283569336e-07,1.862645149230957e-09,,,,,0.13432165645805139,,,
r1_7b_true_loss,34,0.13120806217193604,0.13120806217193604,0.9789625406265259,0.8477545380592346,0.9761193990707397,0.9665535688400269,0.125227689743042,0.1138201504945755,0.01140753272920847,-0.16666666666666666,5.960464477539063e-08,6.51925802230835e-09,,,,,0.13328379169601295,,,
r1_7b_true_loss,35,0.12867039442062378,0.12867039442062378,0.9560707807540894,0.8274005055427551,0.9767079949378967,0.967142641544342,0.1236119419336319,0.11210250854492188,0.011509434320032597,-0.16666666666666666,1.1920928955078125e-07,9.313225746154785e-10,,,,,0.13174599260421657,,,
r1_7b_true_loss,36,0.132438525557518,0.132438525557518,0.9721322059631348,0.8396936058998108,0.976982831954956,0.9673527479171753,0.1282845288515091,0.11674828827381134,0.011536226607859135,-0.2,7.450580596923828e-08,1.3969838619232178e-08,,,,,0.13197683692198373,,,
r1_7b_true_loss,37,0.12816165387630463,0.12816165387630463,0.958505392074585,0.8303438425064087,0.9778568148612976,0.9675136208534241,0.12460219860076904,0.11231374740600586,0.012288438156247139,-0.2,1.043081283569336e-07,1.30385160446167e-08,,,,,0.1307051092400907,,,
r1_7b_true_loss,38,0.1220710426568985,0.1220710426568985,0.9248046875,0.8027336597442627,0.97906893491745,0.9688288569450378,0.11956501007080078,0.10743653029203415,0.012128478847444057,-0.16666666666666666,1.4901161193847656e-08,9.313225746154785e-10,,,,,0.12782708704569332,,,
r1_7b_true_loss,39,0.12764646112918854,0.12764646112918854,0.9708763957023621,0.8432298898696899,0.9776816964149475,0.9666337370872498,0.1244746744632721,0.11140640825033188,0.013068269938230515,-0.16666666666666666,4.470348358154297e-08,3.725290298461914e-09,,,,,0.1277668784068584,,,
r1_7b_true_loss,40,0.1327371448278427,0.1327371448278427,0.9892180562019348,0.8564808964729309,0.9784817695617676,0.9667707085609436,0.13156959414482117,0.11780132353305817,0.013768271543085575,-0.16666666666666666,1.4901161193847656e-08,9.313225746154785e-10,,,,39.074631860776435,0.12942363388051986,30.0,22.916666666666664,64.30722891566265
r1_7b_true_loss,41,0.12355797737836838,0.12355797737836838,0.9243131279945374,0.8007550835609436,0.9808343052864075,0.970662534236908,0.12325800210237503,0.11123669892549515,0.012021302245557308,-0.2,6.705522537231445e-08,9.313225746154785e-10,,,,,0.12746841504646939,,,
r1_7b_true_loss,42,0.11931613087654114,0.11931613087654114,0.9301056265830994,0.8107894062995911,0.9813181161880493,0.9708473086357117,0.11922859400510788,0.10702911019325256,0.012199481949210167,-0.16666666666666666,8.940696716308594e-08,1.862645149230957e-09,,,,,0.12475098698982665,,,
r1_7b_true_loss,43,0.12537090480327606,0.12537090480327606,0.9545060992240906,0.8291351795196533,0.9803882837295532,0.9687056541442871,0.12547749280929565,0.11184126138687134,0.013636221177875996,-0.16666666666666666,1.4901161193847656e-08,1.0244548320770264e-08,,,,,0.12495762626097645,,,
r1_7b_true_loss,44,0.11965127289295197,0.11965127289295197,0.9342993497848511,0.8146479725837708,0.982109785079956,0.971537709236145,0.11989624053239822,0.10765060037374496,0.012245641089975834,-0.16666666666666666,1.043081283569336e-07,9.313225746154785e-10,,,,,0.1231888418049683,,,
r1_7b_true_loss,45,0.13015294075012207,0.13015294075012207,0.9798581600189209,0.8497052192687988,0.9804127812385559,0.9681217074394226,0.13074594736099243,0.11643058061599731,0.014315353706479073,-0.14285714285714285,0.0,1.30385160446167e-08,,,,,0.12551020812001956,,,
r1_7b_true_loss,46,0.11811403930187225,0.11811403930187225,0.9022811651229858,0.7841672301292419,0.9834772348403931,0.97296541929245,0.11958087235689163,0.10739823430776596,0.012182628735899925,-0.2,1.043081283569336e-07,9.313225746154785e-09,,,,,0.12304481851397046,,,
r1_7b_true_loss,47,0.12161292135715485,0.12161292135715485,0.9404576420783997,0.8188446760177612,0.9824888706207275,0.9711591601371765,0.12331720441579819,0.11021985858678818,0.013097339309751987,-0.16666666666666666,4.470348358154297e-08,6.51925802230835e-09,,,,,0.1225675194616986,,,
r1_7b_true_loss,48,0.12203565984964371,0.12203565984964371,0.9400787949562073,0.8180431127548218,0.9824315309524536,0.9709634184837341,0.12386828660964966,0.11061780154705048,0.013250483199954033,-0.2,2.2351741790771484e-08,1.862645149230957e-09,,,,,0.12239023292434698,,,
r1_7b_true_loss,49,0.12074816972017288,0.12074816972017288,0.9183816909790039,0.7976335287094116,0.9829987287521362,0.9718407988548279,0.12276733666658401,0.10983958840370178,0.012927734293043613,-0.2,7.450580596923828e-09,1.3969838619232178e-08,,,,,0.12184287852295561,,,
r1_7b_true_loss,50,0.11881362646818161,0.11881362646818161,0.9137387275695801,0.7949251532554626,0.9830639362335205,0.9721024632453918,0.12074470520019531,0.10804369300603867,0.012701009400188923,-0.16666666666666666,5.21540641784668e-08,2.7939677238464355e-09,,,,39.90796519410977,0.12083312783803095,30.833333333333336,24.583333333333332,64.30722891566265
r1_7b_true_loss,51,0.11721114069223404,0.11721114069223404,0.9034410715103149,0.7862299084663391,0.9840960502624512,0.9732421040534973,0.11998608708381653,0.10751854628324509,0.012467545457184315,-0.16666666666666666,2.2351741790771484e-08,4.6566128730773926e-09,,,,,0.11962579878943198,,,
r1_7b_true_loss,52,0.11997001618146896,0.11997001618146896,0.9281989336013794,0.8082289695739746,0.9832103848457336,0.9718600511550903,0.12164612859487534,0.10860312730073929,0.013042989186942577,-0.16666666666666666,5.21540641784668e-08,1.210719347000122e-08,,,,,0.11974053792011098,,,
r1_7b_true_loss,53,0.11619167029857635,0.11619167029857635,0.9071596264839172,0.7909679412841797,0.9837886095046997,0.9725940823554993,0.11876260489225388,0.10592912137508392,0.01283349096775055,-0.14285714285714285,1.4901161193847656e-08,7.450580596923828e-09,,,,,0.11855758204626611,,,
r1_7b_true_loss,54,0.11052016168832779,0.11052016168832779,0.8575383424758911,0.7470182180404663,0.9852939248085022,0.9753444790840149,0.11322220414876938,0.10173249989748001,0.011489689350128174,-0.16666666666666666,3.725290298461914e-08,1.4901161193847656e-08,,,,,0.11587844192695335,,,
r1_7b_true_loss,55,0.11784043163061142,0.11784043163061142,0.924639880657196,0.8067994713783264,0.9837258458137512,0.9725316166877747,0.12017164379358292,0.1073400229215622,0.012831609696149826,-0.16666666666666666,2.2351741790771484e-08,1.1175870895385742e-08,,,,,0.11653243849483938,,,
r1_7b_true_loss,56,0.11562986671924591,0.11562986671924591,0.894219160079956,0.7785894274711609,0.9849600195884705,0.9744217991828918,0.11903546750545502,0.10694006830453873,0.012095392681658268,-0.16666666666666666,1.341104507446289e-07,6.51925802230835e-09,,,,,0.11623158123630822,,,
r1_7b_true_loss,57,0.1193113774061203,0.1193113774061203,0.9181755185127258,0.7988641858100891,0.9835677146911621,0.9721834063529968,0.1223510205745697,0.1092609390616417,0.013090083375573158,-0.16666666666666666,4.470348358154297e-08,1.862645149230957e-09,,,,,0.11725817995957892,,,
r1_7b_true_loss,58,0.12151413410902023,0.12151413410902023,0.9301028847694397,0.8085888028144836,0.983677089214325,0.9722378253936768,0.12523862719535828,0.11205529421567917,0.013183319941163063,-0.16666666666666666,5.21540641784668e-08,1.30385160446167e-08,,,,,0.11867683134272602,,,
r1_7b_true_loss,59,0.11855177581310272,0.11855177581310272,0.9155110716819763,0.7969593405723572,0.9837762117385864,0.9720785617828369,0.12181740254163742,0.10838058590888977,0.013436801731586456,-0.16666666666666666,4.470348358154297e-08,1.4901161193847656e-08,,,,,0.11863514616618492,,,
r1_7b_true_loss,60,0.11195439845323563,0.11195439845323563,0.8763940930366516,0.7644397020339966,0.9845194816589355,0.9732251763343811,0.11549603939056396,0.1024535596370697,0.013042469508945942,-0.16666666666666666,7.450580596923828e-09,1.0244548320770264e-08,,,,40.27777777777778,0.1164082302618685,34.583333333333336,23.75,62.5
r1_7b_true_loss,61,0.1128191351890564,0.1128191351890564,0.8920495510101318,0.7792304158210754,0.9847421646118164,0.9740092158317566,0.11622699350118637,0.10391515493392944,0.012311828322708607,-0.2,0.0,1.0244548320770264e-08,,,,,0.1152118652375978,,,
r1_7b_true_loss,62,0.114213727414608,0.114213727414608,0.911982536315918,0.7977686524391174,0.9842544794082642,0.973284900188446,0.1170249879360199,0.10446770489215851,0.012557263486087322,-0.16666666666666666,1.564621925354004e-07,1.955777406692505e-08,,,,,0.11487915262993453,,,
r1_7b_true_loss,63,0.1149100586771965,0.1149100586771965,0.8906915187835693,0.775781512260437,0.9852328300476074,0.9745181798934937,0.11958646029233932,0.10729110240936279,0.012295331805944443,-0.16666666666666666,5.21540641784668e-08,2.60770320892334e-08,,,,,0.11488945464568853,,,
r1_7b_true_loss,64,0.11564750224351883,0.11564750224351883,0.903314471244812,0.7876669764518738,0.984358549118042,0.9731071591377258,0.11952879279851913,0.1065976694226265,0.012931118719279766,-0.16666666666666666,7.450580596923828e-09,4.6566128730773926e-09,,,,,0.11514213717829863,,,
r1_7b_true_loss,65,0.11596798151731491,0.11596798151731491,0.8924567103385925,0.7764886617660522,0.9846664071083069,0.9738399982452393,0.12104710191488266,0.10855530202388763,0.012491798028349876,-0.2,6.705522537231445e-08,1.862645149230957e-09,,,,,0.11541741862463739,,,
r1_7b_true_loss,66,0.11575044691562653,0.11575044691562653,0.9116986393928528,0.795948326587677,0.9842383861541748,0.9728237986564636,0.11961642652750015,0.10651898384094238,0.013097439892590046,-0.16666666666666666,1.341104507446289e-07,2.7939677238464355e-09,,,,,0.1155284280549671,,,
r1_7b_true_loss,67,0.1140492781996727,0.1140492781996727,0.8999406099319458,0.7858914136886597,0.9844868779182434,0.9729048609733582,0.11920323967933655,0.10584652423858643,0.013356712646782398,-0.14285714285714285,8.195638656616211e-08,2.7939677238464355e-09,,,,,0.1150353781032023,,,
r1_7b_true_loss,68,0.11543972045183182,0.11543972045183182,0.9211007356643677,0.8056610226631165,0.9844831824302673,0.9731040596961975,0.11980392038822174,0.10678726434707642,0.01301664486527443,-0.16666666666666666,7.450580596923828e-09,1.1175870895385742e-08,,,,,0.11517015888607882,,,
r1_7b_true_loss,69,0.11387466639280319,0.11387466639280319,0.9121205806732178,0.7982458472251892,0.9848579168319702,0.9736647605895996,0.11878371983766556,0.10598404705524445,0.012799680233001709,-0.16666666666666666,6.705522537231445e-08,7.450580596923828e-09,,,,,0.11473832805498695,,,
r1_7b_true_loss,70,0.1102837398648262,0.1102837398648262,0.8703780174255371,0.7600942850112915,0.9856213331222534,0.9751609563827515,0.11556809395551682,0.1035068929195404,0.012061191722750664,-0.2,7.450580596923828e-09,9.313225746154785e-09,,,,38.959170013386874,0.11325346532493337,28.749999999999996,22.916666666666664,65.21084337349397
r1_7b_true_loss,71,0.11895713955163956,0.11895713955163956,0.9288890361785889,0.8099319338798523,0.9844879508018494,0.9727633595466614,0.12471755594015121,0.11127346754074097,0.013444080017507076,-0.16666666666666666,3.725290298461914e-08,8.381903171539307e-09,,,,,0.11515469006716877,,,
r1_7b_true_loss,72,0.11579982936382294,0.11579982936382294,0.9043362140655518,0.7885364294052124,0.9845444560050964,0.9731035232543945,0.12090563029050827,0.1077902540564537,0.013115392997860909,-0.16666666666666666,4.470348358154297e-08,1.6763806343078613e-08,,,,,0.11536973649938684,,,
r1_7b_true_loss,73,0.11378899961709976,0.11378899961709976,0.8947065472602844,0.7809175252914429,0.984984815120697,0.973795473575592,0.1193147748708725,0.1064336821436882,0.01288110576570034,-0.16666666666666666,2.2351741790771484e-08,1.30385160446167e-08,,,,,0.11484282420529116,,,
r1_7b_true_loss,74,0.11546783149242401,0.11546783149242401,0.9167763590812683,0.8013085722923279,0.9845877885818481,0.9729328751564026,0.12116251140832901,0.10783170908689499,0.013330795802175999,-0.16666666666666666,4.470348358154297e-08,6.51925802230835e-09,,,,,0.11505115996766878,,,
r1_7b_true_loss,75,0.12212961912155151,0.12212961912155151,0.9543353319168091,0.8322056531906128,0.9836215972900391,0.9712386727333069,0.1281554400920868,0.11395321786403656,0.014202219434082508,-0.2,5.960464477539063e-08,2.7939677238464355e-09,,,,,0.11741064635229637,,,
r1_7b_true_loss,76,0.11645473539829254,0.11645473539829254,0.9288758635520935,0.8124210238456726,0.9845280051231384,0.9724981188774109,0.12262867391109467,0.10891976952552795,0.01370889414101839,-0.16666666666666666,1.043081283569336e-07,1.0244548320770264e-08,,,,,0.11709200936762842,,,
r1_7b_true_loss,77,0.10942279547452927,0.10942279547452927,0.8884371519088745,0.7790144085884094,0.9863755106925964,0.9759067893028259,0.11571431905031204,0.10387268662452698,0.01184161752462387,-0.2,5.21540641784668e-08,1.4901161193847656e-08,,,,,0.11453560473659538,,,
r1_7b_true_loss,78,0.11880481988191605,0.11880481988191605,0.9298192858695984,0.8110143542289734,0.984709620475769,0.9727756381034851,0.12572383880615234,0.11207884550094604,0.013645005412399769,-0.16666666666666666,1.1175870895385742e-07,1.210719347000122e-08,,,,,0.11595867645170227,,,
r1_7b_true_loss,79,0.11598730087280273,0.11598730087280273,0.9258890151977539,0.8099015355110168,0.9848034977912903,0.972678005695343,0.12249666452407837,0.10864400863647461,0.013852659612894058,-0.16666666666666666,1.7881393432617188e-07,3.725290298461914e-09,,,,,0.11596821792540243,,,
r1_7b_true_loss,80,0.11443270742893219,0.11443270742893219,0.9120610356330872,0.7976282835006714,0.9851481914520264,0.9731138944625854,0.12214358150959015,0.10838381201028824,0.01375975739210844,-0.16666666666666666,4.470348358154297e-08,1.210719347000122e-08,,,,40.57563587684069,0.11545638109324569,31.666666666666664,25.0,65.06024096385542
r1_7b_true_loss,81,0.11328583210706711,0.11328583210706711,0.8988372683525085,0.7855513691902161,0.9853855967521667,0.973854124546051,0.12082688510417938,0.10762659460306168,0.013200284913182259,-0.2,6.705522537231445e-08,5.587935447692871e-09,,,,,0.1147328647645195,,,
r1_7b_true_loss,82,0.12129942327737808,0.12129942327737808,0.9381941556930542,0.8168947696685791,0.9842115044593811,0.9714142084121704,0.12914183735847473,0.11445387452840805,0.014687962830066681,-0.16666666666666666,3.725290298461914e-08,0.0,,,,,0.11692171760213903,,,
r1_7b_true_loss,83,0.11103808879852295,0.11103808879852295,0.8887912631034851,0.7777531743049622,0.9860002994537354,0.9744565486907959,0.11919400095939636,0.10605018585920334,0.013143816962838173,-0.16666666666666666,0.0,1.862645149230957e-09,,,,,0.11496050800093367,,,
r1_7b_true_loss,84,0.11617666482925415,0.11617666482925415,0.9297713041305542,0.8135946393013,0.9847277402877808,0.9723150134086609,0.12403227388858795,0.10981772094964981,0.014214562252163887,-0.16666666666666666,0.0,9.313225746154785e-09,,,,,0.11536589361037385,,,
r1_7b_true_loss,85,0.11908208578824997,0.11908208578824997,0.9324358105659485,0.8133537173271179,0.9847904443740845,0.9720043540000916,0.12710367143154144,0.11246060580015182,0.0146430479362607,-0.16666666666666666,7.450580596923828e-09,1.7695128917694092e-08,,,,,0.11660462433633256,,,
r1_7b_true_loss,86,0.12018252164125443,0.12018252164125443,0.9335553050041199,0.813372790813446,0.9846011400222778,0.9715535640716553,0.12889926135540009,0.11394727975130081,0.014951975084841251,-0.16666666666666666,7.450580596923828e-09,6.51925802230835e-09,,,,,0.11779725677130652,,,
r1_7b_true_loss,87,0.1201922819018364,0.1201922819018364,0.9400423169136047,0.819849967956543,0.9840320348739624,0.972076952457428,0.12755735218524933,0.11387338489294052,0.013683950528502464,-0.16666666666666666,6.705522537231445e-08,1.6763806343078613e-08,,,,,0.11859559848148316,,,
r1_7b_true_loss,88,0.11965832859277725,0.11965832859277725,0.9081459045410156,0.7884874939918518,0.9810207486152649,0.9700478315353394,0.12305941432714462,0.11018306761980057,0.012876339256763458,-0.16666666666666666,8.195638656616211e-08,7.450580596923828e-09,,,,,0.11894984185191453,,,
r1_7b_true_loss,89,0.10895463079214096,0.10895463079214096,0.8709739446640015,0.7620192170143127,0.9863735437393188,0.9747862815856934,0.1177837923169136,0.10455269366502762,0.013231099583208561,-0.16666666666666666,9.685754776000977e-08,9.313225746154785e-10,,,,,0.11561810483199,,,
r1_7b_true_loss,90,0.11343107372522354,0.11343107372522354,0.9035062193870544,0.7900751233100891,0.9858496189117432,0.9731729030609131,0.12255392968654633,0.10808607935905457,0.014467844739556313,-0.14285714285714285,2.2351741790771484e-08,5.587935447692871e-09,,,,38.66131191432397,0.11488909446306786,29.583333333333332,23.75,62.65060240963856
r1_7b_true_loss,91,0.10807331651449203,0.10807331651449203,0.869383692741394,0.761310338973999,0.9872487187385559,0.9760618805885315,0.1174001395702362,0.10467353463172913,0.012726614251732826,-0.16666666666666666,3.725290298461914e-08,9.313225746154785e-09,,,,,0.11261716848020925,,,
r1_7b_true_loss,92,0.11090267449617386,0.11090267449617386,0.8821879029273987,0.7712851166725159,0.9863508939743042,0.9738780856132507,0.12038682401180267,0.10616285353899002,0.01422396581619978,-0.14285714285714285,1.1175870895385742e-07,4.6566128730773926e-09,,,,,0.1120456704855308,,,
r1_7b_true_loss,93,0.11300667375326157,0.11300667375326157,0.8951905369758606,0.7821838855743408,0.98610919713974,0.9735910296440125,0.1227152869105339,0.10842527449131012,0.01429000310599804,-0.16666666666666666,2.2351741790771484e-08,9.313225746154785e-09,,,,,0.11236600490810773,,,
r1_7b_true_loss,94,0.11171620339155197,0.11171620339155197,0.8981420397758484,0.786425769329071,0.9862308502197266,0.9737120866775513,0.12096942961215973,0.10669957846403122,0.014269836246967316,-0.14285714285714285,6.705522537231445e-08,1.4901161193847656e-08,,,,,0.11214940440258915,,,
r1_7b_true_loss,95,0.10996638238430023,0.10996638238430023,0.8825376629829407,0.7725712060928345,0.9866371750831604,0.9743044972419739,0.11937298625707626,0.10530193150043488,0.014071053825318813,-0.16666666666666666,7.450580596923828e-08,9.313225746154785e-10,,,,,0.11142173039649285,,,
r1_7b_true_loss,96,0.11041099578142166,0.11041099578142166,0.879073977470398,0.7686628699302673,0.985991895198822,0.9735697507858276,0.12004087120294571,0.10571781545877457,0.014323043636977673,-0.14285714285714285,1.1175870895385742e-07,1.210719347000122e-08,,,,,0.11108481885813579,,,
r1_7b_true_loss,97,0.11430449038743973,0.11430449038743973,0.9206604957580566,0.8063559532165527,0.9859396815299988,0.972808301448822,0.12394078075885773,0.1090184673666954,0.0149223105981946,-0.14285714285714285,5.21540641784668e-08,2.7939677238464355e-09,,,,,0.11215804270123711,,,
r1_7b_true_loss,98,0.1148504763841629,0.1148504763841629,0.9085375666618347,0.793687105178833,0.9859689474105835,0.9729474782943726,0.1248466819524765,0.1100122481584549,0.014834417030215263,-0.14285714285714285,1.4901161193847656e-08,1.6763806343078613e-08,,,,,0.11305552059554572,,,
r1_7b_true_loss,99,0.10923834145069122,0.10923834145069122,0.8807857632637024,0.7715474367141724,0.987113893032074,0.9748823642730713,0.12010325491428375,0.10617654025554657,0.013926714658737183,-0.14285714285714285,1.4901161193847656e-08,0.0,,,,,0.11178312754726089,,,
r1_7b_true_loss,100,0.11283323168754578,0.11283323168754578,0.9105833768844604,0.7977501749992371,0.9862054586410522,0.9734743237495422,0.12322116643190384,0.10870733112096786,0.014513823203742504,-0.14285714285714285,2.9802322387695312e-08,1.210719347000122e-08,,,,39.101405622489956,0.11213316226068919,31.666666666666664,22.083333333333332,63.55421686746988
r1_7b_true_loss,101,0.09931223839521408,0.09931223839521408,0.8112746477127075,0.7119624614715576,0.9884929060935974,0.9793695211410522,0.10862155258655548,0.09826035052537918,0.01036119181662798,-0.2,5.21540641784668e-08,1.0244548320770264e-08,,,,,0.10785952097219749,,,
r1_7b_true_loss,102,0.10641618818044662,0.10641618818044662,0.8495170474052429,0.7431008815765381,0.9870655536651611,0.9766845107078552,0.116063192486763,0.10407973825931549,0.011983446776866913,-0.2,2.2351741790771484e-08,7.450580596923828e-09,,,,,0.10737841004161387,,,
r1_7b_true_loss,103,0.10368934273719788,0.10368934273719788,0.833157479763031,0.7294682264328003,0.9881051778793335,0.9782421588897705,0.11352205276489258,0.10228486359119415,0.01123719196766615,-0.25,8.940696716308594e-08,2.7939677238464355e-09,,,,,0.10614872094014188,,,
r1_7b_true_loss,104,0.10152760148048401,0.10152760148048401,0.831532895565033,0.7300052642822266,0.9881001114845276,0.9781544208526611,0.11167234182357788,0.10036123543977737,0.011311103589832783,-0.25,2.9802322387695312e-08,2.7939677238464355e-09,,,,,0.1046083477869226,,,
r1_7b_true_loss,105,0.10248047113418579,0.10248047113418579,0.8196017146110535,0.7171211838722229,0.9882578253746033,0.9787547588348389,0.11218692362308502,0.10136080533266068,0.01082611083984375,-0.2,5.960464477539063e-08,7.450580596923828e-09,,,,,0.10389905556934367,,,
r1_7b_true_loss,106,0.10627228766679764,0.10627228766679764,0.8464256525039673,0.740153431892395,0.9875712990760803,0.9769200086593628,0.11627920717000961,0.1040920689702034,0.012187141925096512,-0.2,6.705522537231445e-08,3.725290298461914e-09,,,,,0.10469013293516166,,,
r1_7b_true_loss,107,0.10049440711736679,0.10049440711736679,0.8154435753822327,0.7149490714073181,0.9888327121734619,0.9795650839805603,0.11053551733493805,0.09997224062681198,0.01056327112019062,-0.2,9.685754776000977e-08,5.587935447692871e-09,,,,,0.10329155766256337,,,
r1_7b_true_loss,108,0.10360664129257202,0.10360664129257202,0.8333486914634705,0.7297419309616089,0.9884912371635437,0.9782798290252686,0.11387141048908234,0.10227888822555542,0.011592516675591469,-0.2,1.1920928955078125e-07,5.587935447692871e-09,,,,,0.10339658553923292,,,
r1_7b_true_loss,109,0.10102670639753342,0.10102670639753342,0.8320069909095764,0.7309803366661072,0.9881314635276794,0.9775089025497437,0.11119413375854492,0.09910109639167786,0.012093034572899342,-0.2,5.21540641784668e-08,2.7939677238464355e-09,,,,,0.10260662582533309,,,
r1_7b_true_loss,110,0.10630622506141663,0.10630622506141663,0.8572885394096375,0.7509823441505432,0.9878284931182861,0.9766175746917725,0.11728018522262573,0.10453245788812637,0.012747702188789845,-0.2,2.9802322387695312e-08,2.514570951461792e-08,,,,41.37048192771085,0.10383982557069428,34.166666666666664,24.583333333333332,65.36144578313254
r1_7b_true_loss,111,0.10305742174386978,0.10305742174386978,0.8320713043212891,0.729013979434967,0.9883672595024109,0.9776674509048462,0.1133233904838562,0.10117330402135849,0.012150093913078308,-0.2,9.685754776000977e-08,7.450580596923828e-09,,,,,0.10357902429508613,,,
r1_7b_true_loss,112,0.11162083595991135,0.11162083595991135,0.8975446224212646,0.7859237194061279,0.9873715043067932,0.9750196933746338,0.12306366860866547,0.10907986760139465,0.013983801007270813,-0.2,6.705522537231445e-08,0.0,,,,,0.10625962818336121,,,
r1_7b_true_loss,113,0.11529219895601273,0.11529219895601273,0.9134040474891663,0.7981118559837341,0.9870242476463318,0.9740471839904785,0.12684063613414764,0.11217506229877472,0.0146655747666955,-0.2,7.450580596923828e-09,9.313225746154785e-10,,,,,0.10927048510757839,,,
r1_7b_true_loss,114,0.11629920452833176,0.11629920452833176,0.9243803024291992,0.8080811500549316,0.98708176612854,0.9734043478965759,0.12835729122161865,0.1128859594464302,0.015471349470317364,-0.16666666666666666,5.21540641784668e-08,1.7695128917694092e-08,,,,,0.11161339158116285,,,
r1_7b_true_loss,115,0.11174331605434418,0.11174331605434418,0.9076990485191345,0.7959557175636292,0.9877501726150513,0.9746496081352234,0.12360821664333344,0.10884304344654083,0.014765162020921707,-0.16666666666666666,1.4901161193847656e-08,1.1175870895385742e-08,,,,,0.11165669973888996,,,
r1_7b_true_loss,116,0.11639426648616791,0.11639426648616791,0.9399808645248413,0.8235867619514465,0.9870361089706421,0.9726364612579346,0.12813828885555267,0.11193883419036865,0.01619945652782917,-0.14285714285714285,1.6391277313232422e-07,1.862645149230957e-09,,,,,0.11323588865464929,,,
r1_7b_true_loss,117,0.1176321879029274,0.1176321879029274,0.9430156350135803,0.8253834247589111,0.9868866205215454,0.9725742936134338,0.12993140518665314,0.11383070796728134,0.016100697219371796,-0.14285714285714285,2.2351741790771484e-08,0.0,,,,,0.11470132173740867,,,
r1_7b_true_loss,118,0.11736077815294266,0.11736077815294266,0.9469292759895325,0.8295685648918152,0.9868471622467041,0.9726365804672241,0.12903712689876556,0.11299747228622437,0.016039645299315453,-0.14285714285714285,6.705522537231445e-08,9.313225746154785e-09,,,,,0.11558780720925334,,,
r1_7b_true_loss,119,0.11041755974292755,0.11041755974292755,0.8923216462135315,0.7819041013717651,0.9880774021148682,0.975543200969696,0.12235735356807709,0.10820985585451126,0.014147482812404633,-0.16666666666666666,1.4901161193847656e-08,1.4901161193847656e-08,,,,,0.11386439138714476,,,
r1_7b_true_loss,120,0.11111120134592056,0.11111120134592056,0.9019231796264648,0.7908119559288025,0.9877457618713379,0.9746437668800354,0.12256456911563873,0.10781318694353104,0.014751370064914227,-0.14285714285714285,2.2351741790771484e-08,1.210719347000122e-08,,,,40.18908969210174,0.11294666137340337,34.583333333333336,23.333333333333332,62.65060240963856
r1_7b_true_loss,121,0.11485794931650162,0.11485794931650162,0.9320331811904907,0.8171752095222473,0.9871777296066284,0.9738094210624695,0.12689848244190216,0.11184249073266983,0.015055973082780838,-0.16666666666666666,2.2351741790771484e-08,1.862645149230957e-08,,,,,0.11358375735443613,,,
r1_7b_true_loss,122,0.11633303016424179,0.11633303016424179,0.9377795457839966,0.821446418762207,0.986531674861908,0.9723294973373413,0.12873096764087677,0.11269219219684601,0.01603875495493412,-0.14285714285714285,9.685754776000977e-08,2.0489096641540527e-08,,,,,0.11450018162437135,,,
r1_7b_true_loss,123,0.12233666330575943,0.12233666330575943,0.9738990664482117,0.8515625,0.9856778383255005,0.9707849025726318,0.13496334850788116,0.11805211007595062,0.01691124215722084,-0.14285714285714285,9.685754776000977e-08,3.725290298461914e-09,,,,,0.11711234218483405,,,
r1_7b_true_loss,124,0.11837480962276459,0.11837480962276459,0.9449164271354675,0.8265416622161865,0.9860017895698547,0.9714000225067139,0.13102343678474426,0.11441824585199356,0.016605187207460403,-0.14285714285714285,4.470348358154297e-08,3.725290298461914e-09,,,,,0.11753316466414424,,,
r1_7b_true_loss,125,0.10964986681938171,0.10964986681938171,0.8893592953681946,0.7797094583511353,0.9873366951942444,0.9740214347839355,0.12218036502599716,0.10707131028175354,0.0151090482249856,-0.125,2.9802322387695312e-08,6.51925802230835e-09,,,,,0.11490539871589008,,,
r1_7b_true_loss,126,0.10683181136846542,0.10683181136846542,0.8474962711334229,0.7406644225120544,0.9881029725074768,0.9763719439506531,0.11962030827999115,0.10626973956823349,0.013350559398531914,-0.2,3.725290298461914e-08,9.313225746154785e-09,,,,,0.11221420293341519,,,
r1_7b_true_loss,127,0.12317194789648056,0.12317194789648056,0.9318979978561401,0.8087260723114014,0.9852922558784485,0.9707286357879639,0.13723482191562653,0.12056839466094971,0.01666642166674137,-0.2,2.2351741790771484e-08,5.587935447692871e-09,,,,,0.11586678458777032,,,
r1_7b_true_loss,128,0.11672209948301315,0.11672209948301315,0.9010515213012695,0.784329354763031,0.9870172142982483,0.9741766452789307,0.12997190654277802,0.11534547060728073,0.014626412652432919,-0.2,6.705522537231445e-08,2.3283064365386963e-08,,,,,0.11615188955285127,,,
r1_7b_true_loss,129,0.11046037822961807,0.11046037822961807,0.8963196277618408,0.7858594059944153,0.9878007769584656,0.9755744338035583,0.12351279705762863,0.10975579172372818,0.013757013715803623,-0.2,1.564621925354004e-07,8.381903171539307e-09,,,,,0.11425471911177354,,,
r1_7b_true_loss,130,0.11498379707336426,0.11498379707336426,0.8990089893341064,0.7840251326560974,0.9867709875106812,0.9737226366996765,0.12818658351898193,0.11328265070915222,0.01490393653512001,-0.16666666666666666,5.960464477539063e-08,3.725290298461914e-09,,,,38.30655957161981,0.11449774509897045,28.749999999999996,22.916666666666664,63.25301204819277
r1_7b_true_loss,131,0.11061321943998337,0.11061321943998337,0.8846819400787354,0.7740687131881714,0.9869973063468933,0.9741824269294739,0.12336472421884537,0.10878630727529526,0.014578409492969513,-0.16666666666666666,7.450580596923828e-09,7.450580596923828e-09,,,,,0.11320290321264143,,,
r1_7b_true_loss,132,0.11016581207513809,0.11016581207513809,0.8964062929153442,0.7862404584884644,0.9868481159210205,0.9740355610847473,0.12264079600572586,0.10805308818817139,0.014587702229619026,-0.16666666666666666,2.2351741790771484e-08,5.587935447692871e-09,,,,,0.11219053950014032,,,
r1_7b_true_loss,133,0.10758092254400253,0.10758092254400253,0.8905718922615051,0.7829910516738892,0.9870012998580933,0.9737525582313538,0.12049494683742523,0.1054510772228241,0.015043849125504494,-0.16666666666666666,8.195638656616211e-08,2.0489096641540527e-08,,,,,0.11065400051476107,,,
r1_7b_true_loss,134,0.1138659119606018,0.1138659119606018,0.9151438474655151,0.8012779951095581,0.9868097305297852,0.9731740355491638,0.12741133570671082,0.11200534552335739,0.015405979938805103,-0.16666666666666666,5.960464477539063e-08,1.0244548320770264e-08,,,,,0.11172463766337465,,,
r1_7b_true_loss,135,0.10709257423877716,0.10709257423877716,0.8636038899421692,0.7565113306045532,0.9883773922920227,0.9770424962043762,0.11982416361570358,0.10699264705181122,0.012831511907279491,-0.25,1.4901161193847656e-08,4.6566128730773926e-09,,,,,0.11018061652184216,,,
r1_7b_true_loss,136,0.1075143814086914,0.1075143814086914,0.8633989691734314,0.7558845281600952,0.9883389472961426,0.9767687916755676,0.12065709382295609,0.10761579871177673,0.013041275553405285,-0.25,5.960464477539063e-08,1.955777406692505e-08,,,,,0.10929187148412525,,,
r1_7b_true_loss,137,0.10478663444519043,0.10478663444519043,0.8520368933677673,0.7472503185272217,0.9887820482254028,0.9771688580513,0.11779891699552536,0.10468677431344986,0.013112125918269157,-0.2,5.960464477539063e-08,1.6763806343078613e-08,,,,,0.10779012580448032,,,
r1_7b_true_loss,138,0.10457035899162292,0.10457035899162292,0.8527466654777527,0.7481763362884521,0.9887409210205078,0.9774449467658997,0.11736173927783966,0.10464148223400116,0.012720243073999882,-0.25,2.9802322387695312e-08,1.3969838619232178e-08,,,,,0.10671687020019452,,,
r1_7b_true_loss,139,0.10772229731082916,0.10772229731082916,0.8599465489387512,0.7522242665290833,0.9883966445922852,0.9770134687423706,0.12109777331352234,0.10818621516227722,0.012911555357277393,-0.25,1.4901161193847656e-08,2.7939677238464355e-09,,,,,0.10705201257040607,,,
r1_7b_true_loss,140,0.10285883396863937,0.10285883396863937,0.8252036571502686,0.7223448157310486,0.9892740845680237,0.9784685969352722,0.1160375252366066,0.10384107381105423,0.012196444906294346,-0.25,7.450580596923828e-09,6.51925802230835e-09,,,,39.27543507362784,0.10565428636981718,30.416666666666664,22.5,64.90963855421687
r1_7b_true_loss,141,0.10775671899318695,0.10775671899318695,0.8730269074440002,0.7652702331542969,0.9882734417915344,0.9756488800048828,0.12085642665624619,0.10663162916898727,0.014224800281226635,-0.2,4.470348358154297e-08,2.7939677238464355e-09,,,,,0.10635509724427378,,,
r1_7b_true_loss,142,0.10878390818834305,0.10878390818834305,0.8604034781455994,0.7516195774078369,0.9885058999061584,0.976900041103363,0.12253018468618393,0.10942468047142029,0.013105498626828194,-0.25,7.450580596923828e-09,5.587935447692871e-09,,,,,0.10716470089229688,,,
r1_7b_true_loss,143,0.10419423133134842,0.10419423133134842,0.8490119576454163,0.7448176741600037,0.9897846579551697,0.979269802570343,0.11706364154815674,0.10533065348863602,0.011732983402907848,-0.25,5.21540641784668e-08,4.6566128730773926e-09,,,,,0.10617454437198073,,,
r1_7b_true_loss,144,0.10559474676847458,0.10559474676847458,0.8810036182403564,0.7754088640213013,0.9883002638816833,0.9755527377128601,0.11841443181037903,0.10410258919000626,0.014311821199953556,-0.2,7.450580596923828e-09,2.1420419216156006e-08,,,,,0.10598127850414536,,,
r1_7b_true_loss,145,0.10929456353187561,0.10929456353187561,0.8714203834533691,0.7621257901191711,0.988548219203949,0.9765952229499817,0.12266397476196289,0.10919266939163208,0.013471300713717937,-0.25,2.9802322387695312e-08,4.6566128730773926e-09,,,,,0.10708570684672213,,,
r1_7b_true_loss,146,0.10329004377126694,0.10329004377126694,0.8257389664649963,0.7224489450454712,0.9889816641807556,0.9775116443634033,0.11658750474452972,0.103631392121315,0.012956107035279274,-0.25,2.2351741790771484e-08,5.587935447692871e-09,,,,,0.1058204858215704,,,
r1_7b_true_loss,147,0.10299623012542725,0.10299623012542725,0.8264262080192566,0.7234300971031189,0.9898379445075989,0.9792024493217468,0.11668042838573456,0.10472872108221054,0.011951709166169167,-0.25,1.1920928955078125e-07,1.862645149230957e-09,,,,,0.10487906725618935,,,
r1_7b_true_loss,148,0.10772067308425903,0.10772067308425903,0.865827739238739,0.75810706615448,0.9888874888420105,0.9768754839897156,0.12179376929998398,0.10817502439022064,0.013618732802569866,-0.25,0.0,1.210719347000122e-08,,,,,0.10582626919887925,,,
r1_7b_true_loss,149,0.10644663870334625,0.10644663870334625,0.8587937355041504,0.7523471117019653,0.9887549877166748,0.9766140580177307,0.12001834064722061,0.10632631927728653,0.01369201298803091,-0.25,1.4901161193847656e-08,8.381903171539307e-09,,,,,0.1060330590337016,,,
r1_7b_true_loss,150,0.11273229122161865,0.11273229122161865,0.8971283435821533,0.7843960523605347,0.988410472869873,0.9754613637924194,0.12686634063720703,0.11230356246232986,0.014562760479748249,-0.2,0.0,1.7695128917694092e-08,,,,38.16767068273092,0.10826613642967395,28.749999999999996,22.5,63.25301204819277
r1_7b_true_loss,151,0.10246840119361877,0.10246840119361877,0.8356117606163025,0.7331433296203613,0.9898294806480408,0.9787692427635193,0.11599279940128326,0.10362976789474487,0.012363012880086899,-0.2,2.9802322387695312e-08,1.862645149230957e-08,,,,,0.10633355801765557,,,
r1_7b_true_loss,152,0.10601209104061127,0.10601209104061127,0.8411592841148376,0.7351471781730652,0.9888134002685547,0.9771753549575806,0.12000689655542374,0.10684084892272949,0.0131660345941782,-0.25,1.4901161193847656e-08,1.30385160446167e-08,,,,,0.10622640235864081,,,
r1_7b_true_loss,153,0.10694669932126999,0.10694669932126999,0.8522213697433472,0.7452747225761414,0.9889709949493408,0.9770380854606628,0.12085267156362534,0.10734640806913376,0.013506253249943256,-0.25,5.21540641784668e-08,1.0244548320770264e-08,,,,,0.10646650134618388,,,
r1_7b_true_loss,154,0.1132914200425148,0.1132914200425148,0.9211865067481995,0.8078951239585876,0.9880704879760742,0.9746882915496826,0.12742489576339722,0.11239549517631531,0.015029402449727058,-0.25,3.725290298461914e-08,1.862645149230957e-09,,,,,0.10874147424496086,,,
r1_7b_true_loss,155,0.10716854780912399,0.10716854780912399,0.8652991056442261,0.7581304311752319,0.9888764023780823,0.97616046667099,0.12132122367620468,0.10703016817569733,0.014291064813733101,-0.2,1.2665987014770508e-07,9.313225746154785e-09,,,,,0.10821716543301524,,,
r1_7b_true_loss,156,0.10368681699037552,0.10368681699037552,0.8368663787841797,0.73317950963974,0.989670991897583,0.9783356785774231,0.1177288219332695,0.10495386272668839,0.012774948962032795,-0.25,5.21540641784668e-08,1.0244548320770264e-08,,,,,0.10670704928546867,,,
r1_7b_true_loss,157,0.10805568099021912,0.10805568099021912,0.8696027994155884,0.7615470290184021,0.9887810349464417,0.9763448238372803,0.12255149334669113,0.10854896157979965,0.01400250755250454,-0.25,8.940696716308594e-08,2.421438694000244e-08,,,,,0.10715659318705216,,,
r1_7b_true_loss,158,0.10661426931619644,0.10661426931619644,0.8779628872871399,0.7713485360145569,0.9887469410896301,0.9763836860656738,0.12042342871427536,0.10656262189149857,0.013860796578228474,-0.25,8.195638656616211e-08,1.0244548320770264e-08,,,,,0.10697581856343359,,,
r1_7b_true_loss,159,0.10748076438903809,0.10748076438903809,0.878550112247467,0.7710692286491394,0.9885557889938354,0.9762184619903564,0.1219092309474945,0.10796236246824265,0.013946844264864922,-0.2,1.1920928955078125e-07,2.421438694000244e-08,,,,,0.1071441338386351,,,
r1_7b_true_loss,160,0.10629179328680038,0.10629179328680038,0.8612395524978638,0.7549477219581604,0.9887184500694275,0.9762953519821167,0.12054982036352158,0.10651712864637375,0.014032695442438126,-0.2,3.725290298461914e-08,3.725290298461914e-09,,,,38.770080321285135,0.10686002032135686,28.749999999999996,22.5,65.06024096385542
r1_7b_true_loss,161,0.11086715757846832,0.11086715757846832,0.9111324548721313,0.8002652525901794,0.9879266023635864,0.9743630886077881,0.12483154982328415,0.10955606400966644,0.015275483019649982,-0.2,4.470348358154297e-08,2.7939677238464355e-09,,,,,0.10819573274039401,,,
r1_7b_true_loss,162,0.10630301386117935,0.10630301386117935,0.8647027015686035,0.7583997249603271,0.989081084728241,0.9771841764450073,0.12076963484287262,0.10741420090198517,0.01335542555898428,-0.2,3.725290298461914e-08,8.381903171539307e-09,,,,,0.10756482644732246,,,
r1_7b_true_loss,163,0.10761488974094391,0.10761488974094391,0.8721248507499695,0.7645099759101868,0.988743245601654,0.9762414693832397,0.12153945863246918,0.10748005658388138,0.014059397391974926,-0.2,1.4901161193847656e-08,4.6566128730773926e-09,,,,,0.10758151421186295,,,
r1_7b_true_loss,164,0.11157447099685669,0.11157447099685669,0.8989715576171875,0.787397027015686,0.9881907105445862,0.9750906825065613,0.12626318633556366,0.11149817705154419,0.014764996245503426,-0.2,5.960464477539063e-08,1.30385160446167e-08,,,,,0.10891249980686087,,,
r1_7b_true_loss,165,0.10304275155067444,0.10304275155067444,0.8438977003097534,0.7408549189567566,0.9893922805786133,0.9775559902191162,0.11733461916446686,0.10403578728437424,0.013298814184963703,-0.25,2.9802322387695312e-08,1.7695128917694092e-08,,,,,0.10695591705479873,,,
r1_7b_true_loss,166,0.10751964896917343,0.10751964896917343,0.8610317707061768,0.7535122632980347,0.9892680048942566,0.9775665998458862,0.12193889915943146,0.10876600444316864,0.013172888197004795,-0.25,1.4156103134155273e-07,6.51925802230835e-09,,,,,0.10714382769292363,,,
r1_7b_true_loss,167,0.10770385712385178,0.10770385712385178,0.8620585203170776,0.7543545961380005,0.9898731708526611,0.97862309217453,0.12219002842903137,0.1096290871500969,0.01256093941628933,-0.25,6.705522537231445e-08,1.862645149230957e-09,,,,,0.10733050416989968,,,
r1_7b_true_loss,168,0.10498727858066559,0.10498727858066559,0.8554472327232361,0.7504600286483765,0.9892011880874634,0.9768851399421692,0.11955118924379349,0.10565416514873505,0.013897012919187546,-0.2,7.450580596923828e-08,1.1175870895385742e-08,,,,,0.10654942897348832,,,
r1_7b_true_loss,169,0.10485368967056274,0.10485368967056274,0.8532823324203491,0.7484286427497864,0.9890930652618408,0.977157473564148,0.11955086141824722,0.10610248893499374,0.013448369689285755,-0.2,0.0,2.7939677238464355e-09,,,,,0.1059841825391798,,,
r1_7b_true_loss,170,0.10950523614883423,0.10950523614883423,0.8950287699699402,0.785523533821106,0.9888035655021667,0.9760451316833496,0.12386979907751083,0.10956709086894989,0.014302695170044899,-0.2,0.0,1.30385160446167e-08,,,,36.844042838018744,0.10715786707573127,28.333333333333332,20.0,62.19879518072289
r1_7b_true_loss,171,0.10823167115449905,0.10823167115449905,0.8642448782920837,0.7560131549835205,0.989383339881897,0.977429211139679,0.12295527756214142,0.10955829918384552,0.013396985828876495,-0.25,5.21540641784668e-08,7.450580596923828e-09,,,,,0.10751580176865387,,,
r1_7b_true_loss,172,0.10694901645183563,0.10694901645183563,0.8655295372009277,0.7585805654525757,0.9895979166030884,0.9775955677032471,0.12193988263607025,0.10850074887275696,0.013439117930829525,-0.2,4.470348358154297e-08,1.5832483768463135e-08,,,,,0.10732687332971447,,,
r1_7b_true_loss,173,0.10633908212184906,0.10633908212184906,0.8647021055221558,0.7583630084991455,0.9891321063041687,0.9769152998924255,0.12152503430843353,0.10778558254241943,0.013739453628659248,-0.2,1.4901161193847656e-08,1.862645149230957e-09,,,,,0.10699760959375934,,,
r1_7b_true_loss,174,0.10838675498962402,0.10838675498962402,0.8668003082275391,0.7584134340286255,0.9891729950904846,0.9771047234535217,0.1239374577999115,0.11036430299282074,0.013573147356510162,-0.25,1.1920928955078125e-07,7.450580596923828e-09,,,,,0.10746065805904757,,,
r1_7b_true_loss,175,0.10598922520875931,0.10598922520875931,0.853739857673645,0.7477506399154663,0.9893146753311157,0.9773776531219482,0.12074010074138641,0.10733816027641296,0.013401946984231472,-0.25,7.450580596923828e-09,6.51925802230835e-09,,,,,0.10697018044228482,,,
r1_7b_true_loss,176,0.11326227337121964,0.11326227337121964,0.9014552235603333,0.7881929874420166,0.9881641864776611,0.9748283624649048,0.12868018448352814,0.11362043768167496,0.015059741213917732,-0.2,3.725290298461914e-08,5.587935447692871e-09,,,,,0.10906754475192976,,,
r1_7b_true_loss,177,0.13337481021881104,0.13337481021881104,1.0309340953826904,0.8975591659545898,0.9833147525787354,0.9665313959121704,0.14655420184135437,0.1274442821741104,0.019109908491373062,-0.16666666666666666,1.1920928955078125e-07,1.1175870895385742e-08,,,,,0.11716996657422353,,,
r1_7b_true_loss,178,0.18740129470825195,0.18740129470825195,1.1894938945770264,1.0020925998687744,0.9533296227455139,0.9343773126602173,0.17421600222587585,0.14986196160316467,0.024354053661227226,-0.2,0.0,1.30385160446167e-08,,,,,0.14058040928556634,,,
r1_7b_true_loss,179,0.13917243480682373,0.13917243480682373,0.9802480340003967,0.8410756587982178,0.9745610356330872,0.9600740671157837,0.1429067701101303,0.12517598271369934,0.017730792984366417,-0.16666666666666666,5.960464477539063e-08,5.587935447692871e-09,,,,,0.1401110844593188,,,
r1_7b_true_loss,180,0.12585610151290894,0.12585610151290894,0.9242956638336182,0.798439621925354,0.9785808324813843,0.965198278427124,0.1323404312133789,0.11612485349178314,0.016215570271015167,-0.16666666666666666,5.960464477539063e-08,7.450580596923828e-09,,,,36.97958500669343,0.1353594234771822,27.500000000000004,19.583333333333332,63.85542168674698
r1_7b_true_loss,181,0.13748155534267426,0.13748155534267426,0.9462969899177551,0.8088154792785645,0.9769189357757568,0.9624708294868469,0.14399471879005432,0.12635144591331482,0.0176432766020298,-0.2,4.470348358154297e-08,3.725290298461914e-09,,,,,0.13606680076567956,,,
r1_7b_true_loss,182,0.14677928388118744,0.14677928388118744,0.9977917671203613,0.8510125279426575,0.9765581488609314,0.9596234560012817,0.1563580334186554,0.13583222031593323,0.02052580565214157,-0.16666666666666666,4.470348358154297e-08,7.450580596923828e-09,,,,,0.13963762847084887,,,
r1_7b_true_loss,183,0.15465973317623138,0.15465973317623138,1.0541980266571045,0.8995383977890015,0.9699658155441284,0.9514040946960449,0.1573670208454132,0.13453157246112823,0.022835448384284973,-0.16666666666666666,1.043081283569336e-07,0.0,,,,,0.1446449967059764,,,
r1_7b_true_loss,184,0.15268529951572418,0.15268529951572418,1.0294387340545654,0.8767535090446472,0.9745057225227356,0.9554686546325684,0.16244392096996307,0.1391330361366272,0.02331087552011013,-0.16666666666666666,7.450580596923828e-08,9.313225746154785e-09,,,,,0.147325097642559,,,
r1_7b_true_loss,185,0.14288902282714844,0.14288902282714844,1.0020129680633545,0.8591237664222717,0.9735460877418518,0.9561043381690979,0.1472875028848648,0.12599729001522064,0.02129022218286991,-0.2,1.7881393432617188e-07,9.313225746154785e-09,,,,,0.14584640603742216,,,
r1_7b_true_loss,186,0.1475098878145218,0.1475098878145218,1.0143110752105713,0.8668012022972107,0.9724271893501282,0.9538223147392273,0.15167003870010376,0.12886223196983337,0.02280782349407673,-0.2,1.4901161193847656e-08,1.6763806343078613e-08,,,,,0.14640089996312206,,,
r1_7b_true_loss,187,0.1263631135225296,0.1263631135225296,0.9199514389038086,0.7935883402824402,0.9827558994293213,0.9675875902175903,0.1367487758398056,0.1189020425081253,0.017846722155809402,-0.2,1.4901161193847656e-08,1.1175870895385742e-08,,,,,0.1397216378162579,,,
r1_7b_true_loss,188,0.14898353815078735,0.14898353815078735,1.0121583938598633,0.8631748557090759,0.9743695259094238,0.954947292804718,0.15570124983787537,0.13204747438430786,0.023653781041502953,-0.2,0.0,5.587935447692871e-09,,,,,0.14280893792776772,,,
r1_7b_true_loss,189,0.1438249945640564,0.1438249945640564,1.002729892730713,0.8589048385620117,0.9766868352890015,0.9564306735992432,0.153145432472229,0.12880003452301025,0.0243453960865736,-0.2,5.960464477539063e-08,1.862645149230957e-09,,,,,0.1431476234731973,,,
r1_7b_true_loss,190,0.1943761110305786,0.1943761110305786,1.1167057752609253,0.9223296046257019,0.9694440364837646,0.9398439526557922,0.22553470730781555,0.15589939057826996,0.069635309278965,-0.16666666666666666,5.960464477539063e-08,7.450580596923828e-09,,,,40.803212851405625,0.1602237859923244,33.33333333333333,24.166666666666668,64.90963855421687
r1_7b_true_loss,191,0.1468454897403717,0.1468454897403717,0.9978539347648621,0.851008415222168,0.9782480597496033,0.9568169713020325,0.1583479344844818,0.1326250582933426,0.02572285570204258,-0.2,2.9802322387695312e-08,2.0489096641540527e-08,,,,,0.15576435390834018,,,
r1_7b_true_loss,192,0.15280482172966003,0.15280482172966003,1.0454747676849365,0.8926699757575989,0.9766658544540405,0.9537647366523743,0.16334301233291626,0.13592848181724548,0.027414539828896523,-0.2,2.9802322387695312e-08,9.313225746154785e-09,,,,,0.15477784318211346,,,
r1_7b_true_loss,193,0.1873091459274292,0.1873091459274292,1.1645703315734863,0.9772611856460571,0.9658626317977905,0.9368364810943604,0.19492603838443756,0.15911781787872314,0.03580824285745621,-0.2,0.0,2.2351741790771484e-08,,,,,0.16562161076388537,,,
r1_7b_true_loss,194,0.17701275646686554,0.17701275646686554,1.1440672874450684,0.9670543670654297,0.968112587928772,0.9394925236701965,0.18409962952136993,0.1491641402244568,0.03493550419807434,-0.16666666666666666,1.6391277313232422e-07,1.4901161193847656e-08,,,,,0.16941865933154543,,,
r1_7b_true_loss,195,0.19106066226959229,0.19106066226959229,1.1221388578414917,0.9310781359672546,0.9711335897445679,0.9405598044395447,0.22133710980415344,0.15784865617752075,0.0634884312748909,-0.16666666666666666,5.960464477539063e-08,2.2351741790771484e-08,,,,,0.1766326603108944,,,
r1_7b_true_loss,196,0.1918126791715622,0.1918126791715622,1.1837083101272583,0.9918955564498901,0.96766197681427,0.9362632036209106,0.20348134636878967,0.1649729162454605,0.03850843012332916,-0.2,7.450580596923828e-08,0.0,,,,,0.18169266659778366,,,
r1_7b_true_loss,197,0.16046762466430664,0.16046762466430664,1.034530758857727,0.8740631937980652,0.9745289087295532,0.948380172252655,0.17350026965141296,0.14171479642391205,0.03178545832633972,-0.2,5.960464477539063e-08,1.4901161193847656e-08,,,,,0.17461765261995799,,,
r1_7b_true_loss,198,0.18421995639801025,0.18421995639801025,1.1562292575836182,0.9720091819763184,0.9683513641357422,0.9372756481170654,0.1951078474521637,0.1571485996246338,0.03795924410223961,-0.2,1.1920928955078125e-07,3.725290298461914e-09,,,,,0.1778184205459754,,,
r1_7b_true_loss,199,0.18106821179389954,0.18106821179389954,1.1354399919509888,0.9543717503547668,0.9692311882972717,0.9383911490440369,0.19292102754116058,0.15512949228286743,0.037791505455970764,-0.16666666666666666,2.9802322387695312e-08,2.9802322387695312e-08,,,,,0.17890168429528347,,,
r1_7b_true_loss,200,0.15480999648571014,0.15480999648571014,1.0347257852554321,0.8799158334732056,0.9744845032691956,0.9503263235092163,0.1657792180776596,0.13638149201869965,0.029397718608379364,-0.16666666666666666,4.470348358154297e-08,7.450580596923828e-09,,,,40.1004016064257,0.17087112169209237,35.41666666666667,22.083333333333332,62.80120481927711
qwen1p7b_nt4b_true_loss,1,0.12153752148151398,0.12153752148151398,0.3952084183692932,0.27367091178894043,0.9987843632698059,0.9962871074676514,0.09900996088981628,0.09612580388784409,0.002884137909859419,-1.0,1.4901161193847656e-08,1.909211277961731e-08,,,,,0.12153752148151398,,,
qwen1p7b_nt4b_true_loss,2,0.11586307734251022,0.11586307734251022,0.39875245094299316,0.28288936614990234,0.9985684156417847,0.9963151812553406,0.09462469816207886,0.09215433150529861,0.0024703533854335546,-1.0,7.450580596923828e-09,1.3271346688270569e-08,,,,,0.11964604010184607,,,
qwen1p7b_nt4b_true_loss,3,0.11446534842252731,0.11446534842252731,0.37214064598083496,0.25767526030540466,0.9989257454872131,0.9967648983001709,0.092124804854393,0.08974409103393555,0.002380700781941414,-0.5,3.725290298461914e-08,1.30385160446167e-08,,,,,0.11791914287540649,,,
qwen1p7b_nt4b_true_loss,4,0.11998885124921799,0.11998885124921799,0.4235226809978485,0.30353379249572754,0.9985358715057373,0.9960696697235107,0.09980335831642151,0.09703832864761353,0.0027650080155581236,-1.0,3.725290298461914e-08,2.1653249859809875e-08,,,,,0.11860904566667699,,,
qwen1p7b_nt4b_true_loss,5,0.12312377989292145,0.12312377989292145,0.4337426722049713,0.31061890721321106,0.9983882904052734,0.9961084127426147,0.10792721807956696,0.10539507120847702,0.0025321401190012693,-1.0,1.4901161193847656e-08,6.752088665962219e-09,,,,,0.12011395707542515,,,
qwen1p7b_nt4b_true_loss,6,0.08785384148359299,0.08785384148359299,0.3244480490684509,0.23659421503543854,0.9985358119010925,0.9968469738960266,0.076690174639225,0.07482065260410309,0.0018695048056542873,-0.5,7.450580596923828e-09,1.7229467630386353e-08,,,,,0.10936058521148109,,,
qwen1p7b_nt4b_true_loss,7,0.11140742897987366,0.11140742897987366,0.412527471780777,0.30112001299858093,0.997866690158844,0.9954983592033386,0.09745588898658752,0.09482204914093018,0.002633831463754177,-1.0,2.9802322387695312e-08,8.381903171539307e-09,,,,,0.11004286646761195,,,
qwen1p7b_nt4b_true_loss,8,0.10374166816473007,0.10374166816473007,0.3933461010456085,0.28960445523262024,0.9979809522628784,0.9959157109260559,0.09505216777324677,0.09270153939723969,0.002350620226934552,-1.0,2.2351741790771484e-08,8.149072527885437e-09,,,,,0.107942467033318,,,
qwen1p7b_nt4b_true_loss,9,0.09566760063171387,0.09566760063171387,0.4001687169075012,0.30450114607810974,0.997221052646637,0.9955432415008545,0.09389291703701019,0.0917632132768631,0.002129689557477832,-1.0,2.9802322387695312e-08,1.4202669262886047e-08,,,,,0.10385084489944997,,,
qwen1p7b_nt4b_true_loss,10,0.09198440611362457,0.09198440611362457,0.42442891001701355,0.3324444890022278,0.9966938495635986,0.9949444532394409,0.09085822850465775,0.0887918621301651,0.0020663472823798656,-0.5,1.4901161193847656e-08,1.909211277961731e-08,,,,21.64491298527443,0.09989536530417484,15.0,7.916666666666666,42.01807228915663
qwen1p7b_nt4b_true_loss,11,0.08012134581804276,0.08012134581804276,0.346454918384552,0.26633358001708984,0.9974356889724731,0.9962526559829712,0.0801469162106514,0.07876282185316086,0.0013840848114341497,-0.5,7.450580596923828e-09,9.546056389808655e-09,,,,,0.09330402547546415,,,
qwen1p7b_nt4b_true_loss,12,0.10225607454776764,0.10225607454776764,0.4153732359409332,0.3131171762943268,0.9969288110733032,0.9951812624931335,0.10322236269712448,0.10108965635299683,0.0021326865535229445,-1.0,1.4901161193847656e-08,1.979060471057892e-08,,,,,0.09628804183289866,,,
qwen1p7b_nt4b_true_loss,13,0.1021542102098465,0.1021542102098465,0.44817644357681274,0.34602218866348267,0.9962062835693359,0.9947314858436584,0.10426898300647736,0.10251527279615402,0.0017537027597427368,-1.0,4.470348358154297e-08,7.450580596923828e-09,,,,,0.09824343129188128,,,
qwen1p7b_nt4b_true_loss,14,0.10516949743032455,0.10516949743032455,0.4604610502719879,0.35529154539108276,0.9957837462425232,0.9941537976264954,0.10636572539806366,0.10442331433296204,0.0019423947669565678,-1.0,7.450580596923828e-09,1.6298145055770874e-08,,,,,0.10055212000469571,,,
qwen1p7b_nt4b_true_loss,15,0.09333110600709915,0.09333110600709915,0.45506659150123596,0.361735463142395,0.9966050982475281,0.9954395294189453,0.09659761190414429,0.09521165490150452,0.001385940588079393,-1.0,2.2351741790771484e-08,1.641456037759781e-08,,,,,0.0981451153388302,,,
qwen1p7b_nt4b_true_loss,16,0.1028936579823494,0.1028936579823494,0.474017471075058,0.3711237907409668,0.9955240488052368,0.9939876794815063,0.10664917528629303,0.10475513339042664,0.0018940523732453585,-1.0,2.2351741790771484e-08,1.0477378964424133e-08,,,,,0.09972796288666994,,,
qwen1p7b_nt4b_true_loss,17,0.09113239496946335,0.09113239496946335,0.49249669909477234,0.4013643264770508,0.9924795031547546,0.9928430914878845,0.09893326461315155,0.09915921092033386,-0.00022595423797611147,-0.5,2.2351741790771484e-08,7.930793799459934e-09,,,,,0.09686277358093441,,,
qwen1p7b_nt4b_true_loss,18,0.09890617430210114,0.09890617430210114,0.5300682783126831,0.4311620891094208,0.9913705587387085,0.9922060370445251,0.11040853708982468,0.11109103262424469,-0.0006825036834925413,-0.5,1.4901161193847656e-08,8.149072527885437e-09,,,,,0.09754390715465666,,,
qwen1p7b_nt4b_true_loss,19,0.09793522953987122,0.09793522953987122,0.5887826085090637,0.4908473789691925,0.9904205203056335,0.9912651181221008,0.1070873811841011,0.10779178142547607,-0.000704413338098675,-0.5,0.0,1.3096723705530167e-08,,,,,0.0976743479497282,,,
qwen1p7b_nt4b_true_loss,20,0.10406103730201721,0.10406103730201721,0.5783535242080688,0.47429245710372925,0.9903387427330017,0.9909541010856628,0.11363136768341064,0.1140853688120842,-0.00045401634997688234,-0.5,2.9802322387695312e-08,1.5221303328871727e-08,,,,23.43540829986613,0.09980324440049121,14.166666666666666,12.916666666666668,43.22289156626506
qwen1p7b_nt4b_true_loss,21,0.10053858906030655,0.10053858906030655,0.5661338567733765,0.4655952751636505,0.9900148510932922,0.9908728003501892,0.11044026911258698,0.11114464700222015,-0.000704399892129004,-0.5,7.450580596923828e-09,2.200249582529068e-08,,,,,0.10004835928709632,,,
qwen1p7b_nt4b_true_loss,22,0.09348320215940475,0.09348320215940475,0.5342217087745667,0.4407384991645813,0.9909582138061523,0.9915950298309326,0.10329968482255936,0.10384038835763931,-0.0005407241405919194,-0.5,7.450580596923828e-09,2.0605511963367462e-08,,,,,0.0978599735778658,,,
qwen1p7b_nt4b_true_loss,23,0.10126439481973648,0.10126439481973648,0.5627529621124268,0.4614885449409485,0.9904559850692749,0.990837037563324,0.11217847466468811,0.1123715415596962,-0.0001930670259753242,-0.5,2.2351741790771484e-08,1.3096723705530167e-10,,,,,0.09899478065848936,,,
qwen1p7b_nt4b_true_loss,24,0.10250648856163025,0.10250648856163025,0.5657414793968201,0.46323496103286743,0.9911520481109619,0.9913100600242615,0.11542719602584839,0.11532781273126602,9.937607683241367e-05,-0.5,2.9802322387695312e-08,7.2177499532699585e-09,,,,,0.10016534995953633,,,
qwen1p7b_nt4b_true_loss,25,0.10047198832035065,0.10047198832035065,0.5593222975730896,0.45885035395622253,0.9911561608314514,0.9911683797836304,0.1108904778957367,0.11064435541629791,0.00024611144908703864,-0.5,4.470348358154297e-08,1.1030351743102074e-08,,,,,0.10026756274647444,,,
qwen1p7b_nt4b_true_loss,26,0.1041172444820404,0.1041172444820404,0.5411126017570496,0.43699535727500916,0.9925287365913391,0.9924668669700623,0.11925307661294937,0.11893239617347717,0.0003206615801900625,-0.5,0.0,1.885928213596344e-08,,,,,0.1015507899916631,,,
qwen1p7b_nt4b_true_loss,27,0.09856165945529938,0.09856165945529938,0.5537546277046204,0.45519301295280457,0.9919856786727905,0.9916565418243408,0.10895130783319473,0.10835321247577667,0.0005980865680612624,-0.5,4.470348358154297e-08,8.789356797933578e-09,,,,,0.10055441314620854,,,
qwen1p7b_nt4b_true_loss,28,0.09725937992334366,0.09725937992334366,0.5458540320396423,0.4485946595668793,0.9921199083328247,0.9916366934776306,0.10811112076044083,0.10733804106712341,0.0007730679935775697,-0.5,7.450580596923828e-09,1.1699739843606949e-08,,,,,0.09945606873858692,,,
qwen1p7b_nt4b_true_loss,29,0.09204315394163132,0.09204315394163132,0.5418246388435364,0.44978147745132446,0.9928364157676697,0.9922536015510559,0.10029516369104385,0.09946669638156891,0.0008284591604024172,-0.5,7.450580596923828e-09,8.149072527885437e-09,,,,,0.09698509713960173,,,
qwen1p7b_nt4b_true_loss,30,0.09907043725252151,0.09907043725252151,0.5542822480201721,0.4552117586135864,0.993007242679596,0.992351233959198,0.11095327138900757,0.1100369319319725,0.0009163485374301672,-0.5,5.21540641784668e-08,9.080395102500916e-09,,,,24.088018741633203,0.09768021051057499,15.0,12.083333333333334,45.18072289156627
qwen1p7b_nt4b_true_loss,31,0.09737467020750046,0.09737467020750046,0.5310648679733276,0.43369022011756897,0.9934555292129517,0.9929068088531494,0.10956911742687225,0.10882598161697388,0.0007431156118400395,-0.5,2.2351741790771484e-08,2.019805833697319e-08,,,,,0.09757836374288349,,,
qwen1p7b_nt4b_true_loss,32,0.09432365745306015,0.09432365745306015,0.5401086211204529,0.44578495621681213,0.9932693839073181,0.9920376539230347,0.10326944291591644,0.10167620331048965,0.0015932321548461914,-0.5,7.450580596923828e-09,7.450580596923828e-09,,,,,0.09649346164627572,,,
qwen1p7b_nt4b_true_loss,33,0.09388752281665802,0.09388752281665802,0.5205973386764526,0.4267098009586334,0.9938015937805176,0.9928717613220215,0.10400842875242233,0.1028439924120903,0.001164421089924872,-0.5,1.4901161193847656e-08,1.525040715932846e-08,,,,,0.0956248153697365,,,
qwen1p7b_nt4b_true_loss,34,0.0970415323972702,0.0970415323972702,0.5101190805435181,0.41307756304740906,0.9942660331726074,0.9932353496551514,0.11001405864953995,0.1087246984243393,0.001289365696720779,-0.5,1.4901161193847656e-08,5.471520125865936e-09,,,,,0.0960970543789144,,,
qwen1p7b_nt4b_true_loss,35,0.09255430847406387,0.09255430847406387,0.5122195482254028,0.4196651875972748,0.9941686391830444,0.9930206537246704,0.10397275537252426,0.10253958404064178,0.001433148980140686,-0.5,5.21540641784668e-08,2.2351741790771484e-08,,,,,0.09491613907729757,,,
qwen1p7b_nt4b_true_loss,36,0.08975376933813095,0.08975376933813095,0.47642073035240173,0.3866669833660126,0.9949688911437988,0.9939117431640625,0.10447835922241211,0.10320191085338593,0.00127644173335284,-0.5,2.2351741790771484e-08,6.6356733441352844e-09,,,,,0.09319534916424203,,,
qwen1p7b_nt4b_true_loss,37,0.09321260452270508,0.09321260452270508,0.4916974902153015,0.39848488569259644,0.9947622418403625,0.9936258792877197,0.10745692998170853,0.10604442656040192,0.0014124719891697168,-0.5,0.0,3.14321368932724e-08,,,,,0.09320110095039638,,,
qwen1p7b_nt4b_true_loss,38,0.08662836253643036,0.08662836253643036,0.4694344997406006,0.38280612230300903,0.9949429035186768,0.9937639236450195,0.09921002388000488,0.09773401916027069,0.001475981087423861,-0.5,1.4901161193847656e-08,2.3632310330867767e-08,,,,,0.09101018814574105,,,
qwen1p7b_nt4b_true_loss,39,0.09155332297086716,0.09155332297086716,0.4971259832382202,0.40557265281677246,0.9951694011688232,0.993847668170929,0.105292409658432,0.10363456606864929,0.0016578228678554296,-0.5,7.450580596923828e-09,2.0721927285194397e-08,,,,,0.09119123308744975,,,
qwen1p7b_nt4b_true_loss,40,0.10335108637809753,0.10335108637809753,0.5513368844985962,0.44798579812049866,0.9941123127937317,0.9926586151123047,0.11928855627775192,0.11755251884460449,0.0017360273050144315,-0.5,0.0,1.0128132998943329e-08,,,,22.79451137884873,0.09524451751766569,14.583333333333334,12.083333333333334,41.71686746987952
qwen1p7b_nt4b_true_loss,41,0.09238536655902863,0.09238536655902863,0.5276286602020264,0.4352433383464813,0.9944704174995422,0.9929525852203369,0.10630674660205841,0.10447690635919571,0.0018298510694876313,-0.5,4.470348358154297e-08,1.0826624929904938e-08,,,,,0.09429146719812001,,,
qwen1p7b_nt4b_true_loss,42,0.09295261651277542,0.09295261651277542,0.5029237270355225,0.40997114777565,0.9950138330459595,0.9936172366142273,0.1099589616060257,0.10826011002063751,0.0016988340066745877,-1.0,3.725290298461914e-08,1.7578713595867157e-08,,,,,0.09384518363633848,,,
qwen1p7b_nt4b_true_loss,43,0.09166829288005829,0.09166829288005829,0.5129091143608093,0.42124083638191223,0.9947179555892944,0.9932829737663269,0.10696861892938614,0.10513994097709656,0.001828674110583961,-0.5,1.4901161193847656e-08,3.841705620288849e-09,,,,,0.09311955338424509,,,
qwen1p7b_nt4b_true_loss,44,0.08303084969520569,0.08303084969520569,0.4719354510307312,0.3889045715332031,0.9952264428138733,0.9939805269241333,0.09633100032806396,0.09484226256608963,0.001488722744397819,-0.5,2.9802322387695312e-08,1.501757651567459e-08,,,,,0.0897566521545653,,,
qwen1p7b_nt4b_true_loss,45,0.094938725233078,0.094938725233078,0.5500697493553162,0.45513105392456055,0.9942764043807983,0.9926208853721619,0.10894163697957993,0.10698889195919037,0.0019527398981153965,-0.5,2.9802322387695312e-08,5.122274160385132e-09,,,,,0.09148400984740286,,,
qwen1p7b_nt4b_true_loss,46,0.08844979852437973,0.08844979852437973,0.47654783725738525,0.3880980312824249,0.9955369234085083,0.9943536520004272,0.10497486591339111,0.10358032584190369,0.001394539955072105,-0.5,7.450580596923828e-09,1.1641532182693481e-10,,,,,0.09047260607306182,,,
qwen1p7b_nt4b_true_loss,47,0.08299074321985245,0.08299074321985245,0.4676283895969391,0.38463762402534485,0.9954489469528198,0.9942455887794495,0.09684039652347565,0.0953884869813919,0.0014518912648782134,-0.5,2.2351741790771484e-08,1.8277205526828766e-08,,,,,0.0879786517886587,,,
qwen1p7b_nt4b_true_loss,48,0.08990425616502762,0.08990425616502762,0.5148815512657166,0.42497730255126953,0.9949617981910706,0.9934293627738953,0.10455231368541718,0.1027420312166214,0.0018102639587596059,-0.5,7.450580596923828e-09,1.8510036170482635e-08,,,,,0.08862051991411501,,,
qwen1p7b_nt4b_true_loss,49,0.09083224087953568,0.09083224087953568,0.5211526155471802,0.43032047152519226,0.994307279586792,0.9928295612335205,0.10617910325527191,0.10438177734613419,0.001797314966097474,-0.5,9.685754776000977e-08,1.0943040251731873e-08,,,,,0.0893577602359219,,,
qwen1p7b_nt4b_true_loss,50,0.083806112408638,0.083806112408638,0.49435535073280334,0.41054922342300415,0.9951123595237732,0.9936875104904175,0.09947703033685684,0.09782349318265915,0.0016535341273993254,-0.5,1.4901161193847656e-08,3.026798367500305e-09,,,,24.06459170013387,0.0875072109601606,13.750000000000002,14.166666666666666,44.27710843373494
qwen1p7b_nt4b_true_loss,51,0.07955429702997208,0.07955429702997208,0.44900083541870117,0.3694465160369873,0.9952387809753418,0.9939664006233215,0.0943162739276886,0.09281881898641586,0.0014974577352404594,-0.5,2.2351741790771484e-08,2.7939677238464355e-09,,,,,0.08485623965009777,,,
qwen1p7b_nt4b_true_loss,52,0.09305350482463837,0.09305350482463837,0.538336455821991,0.4452829360961914,0.9942986369132996,0.9926940202713013,0.10943422466516495,0.10747634619474411,0.001957870088517666,-0.5,1.4901161193847656e-08,8.381903171539307e-09,,,,,0.08758866137494464,,,
qwen1p7b_nt4b_true_loss,53,0.08315473049879074,0.08315473049879074,0.4761621952056885,0.3930074870586395,0.9949951767921448,0.9935969710350037,0.09977354109287262,0.09808323532342911,0.0016902940114960074,-0.5,2.2351741790771484e-08,1.1757947504520416e-08,,,,,0.08611068441622668,,,
qwen1p7b_nt4b_true_loss,54,0.0822870060801506,0.0822870060801506,0.45501625537872314,0.37272924184799194,0.9957137703895569,0.9944636821746826,0.10039746016263962,0.09891960769891739,0.0014778408221900463,-0.5,7.450580596923828e-09,1.1641532182693481e-08,,,,,0.084836124970868,,,
qwen1p7b_nt4b_true_loss,55,0.09274665266275406,0.09274665266275406,0.5139067769050598,0.4211600422859192,0.994522213935852,0.9931027293205261,0.11081859469413757,0.10908010601997375,0.0017384851817041636,-0.5,8.195638656616211e-08,3.4924596548080444e-09,,,,,0.08747296753483003,,,
qwen1p7b_nt4b_true_loss,56,0.09052576869726181,0.09052576869726181,0.5400756597518921,0.44954994320869446,0.9945838451385498,0.9929866790771484,0.10654834657907486,0.10469362139701843,0.0018547148210927844,-0.5,5.21540641784668e-08,1.0360963642597198e-08,,,,,0.08849056792230729,,,
qwen1p7b_nt4b_true_loss,57,0.10070521384477615,0.10070521384477615,0.5490638613700867,0.4483586549758911,0.9943971633911133,0.9929397106170654,0.12074508517980576,0.11898145079612732,0.001763619831763208,-0.5,7.450580596923828e-09,1.4551915228366852e-08,,,,,0.09256211656313025,,,
qwen1p7b_nt4b_true_loss,58,0.09321678429841995,0.09321678429841995,0.5052397847175598,0.41202297806739807,0.9947465658187866,0.9933844804763794,0.11423052847385406,0.11255013942718506,0.0016803856706246734,-0.5,2.2351741790771484e-08,3.3760443329811096e-09,,,,,0.09278033914156016,,,
qwen1p7b_nt4b_true_loss,59,0.08682645112276077,0.08682645112276077,0.49960997700691223,0.41278356313705444,0.9947753548622131,0.9934752583503723,0.1036054715514183,0.10202411562204361,0.0015813399804756045,-0.5,3.725290298461914e-08,1.594889909029007e-08,,,,,0.09079570980196036,,,
qwen1p7b_nt4b_true_loss,60,0.08062413334846497,0.08062413334846497,0.47735342383384705,0.39672937989234924,0.9951379299163818,0.9936719536781311,0.09678754210472107,0.09502047300338745,0.0017670589732006192,-0.5,8.940696716308594e-08,1.0128132998943329e-08,,,,23.694779116465863,0.0874051843174619,12.5,12.5,46.08433734939759
qwen1p7b_nt4b_true_loss,61,0.08620865643024445,0.08620865643024445,0.49722111225128174,0.4110124707221985,0.9950307011604309,0.9936634302139282,0.10284386575222015,0.10120240598917007,0.0016414462588727474,-0.5,1.4901161193847656e-08,1.3504177331924438e-08,,,,,0.08700634168838942,,,
qwen1p7b_nt4b_true_loss,62,0.08623724430799484,0.08623724430799484,0.49038073420524597,0.40414345264434814,0.9955341815948486,0.994197428226471,0.1049945130944252,0.10335545986890793,0.001639035064727068,-0.5,3.725290298461914e-08,1.816079020500183e-08,,,,,0.08674997589492456,,,
qwen1p7b_nt4b_true_loss,63,0.08321964740753174,0.08321964740753174,0.4922214150428772,0.40900182723999023,0.9956485033035278,0.9943798184394836,0.10117924958467484,0.0996396616101265,0.001539567019790411,-0.5,5.960464477539063e-08,2.0954757928848267e-08,,,,,0.08557319973246029,,,
qwen1p7b_nt4b_true_loss,64,0.09038631618022919,0.09038631618022919,0.5140120387077332,0.42362573742866516,0.9946983456611633,0.9932010769844055,0.10791414231061935,0.1061248928308487,0.0017892291070893407,-0.5,1.4901161193847656e-08,2.0372681319713593e-08,,,,,0.0871775718817166,,,
qwen1p7b_nt4b_true_loss,65,0.08381397277116776,0.08381397277116776,0.4906136691570282,0.40679967403411865,0.9952709674835205,0.9939337968826294,0.10130639374256134,0.09966821223497391,0.001638178713619709,-0.5,2.2351741790771484e-08,2.7939677238464355e-09,,,,,0.08605637217820032,,,
qwen1p7b_nt4b_true_loss,66,0.0907299816608429,0.0907299816608429,0.505518913269043,0.4147888720035553,0.9951418042182922,0.9937493801116943,0.10999935865402222,0.10827584564685822,0.00172351801302284,-0.5,5.960464477539063e-08,5.005858838558197e-09,,,,,0.08761424200574786,,,
qwen1p7b_nt4b_true_loss,67,0.08631043136119843,0.08631043136119843,0.5000548362731934,0.41374441981315613,0.9950920939445496,0.9934110045433044,0.10331757366657257,0.10135702788829803,0.0019605292472988367,-0.5,1.4901161193847656e-08,1.6530975699424744e-08,,,,,0.08717963845756471,,,
qwen1p7b_nt4b_true_loss,68,0.08982078731060028,0.08982078731060028,0.5215415358543396,0.43172067403793335,0.9951090812683105,0.9936203956604004,0.10698262602090836,0.1052299290895462,0.001752701005898416,-0.5,7.450580596923828e-08,4.0745362639427185e-09,,,,,0.08806002140857658,,,
qwen1p7b_nt4b_true_loss,69,0.08398842811584473,0.08398842811584473,0.47941893339157104,0.3954305350780487,0.9953699111938477,0.9939192533493042,0.10039026290178299,0.09870497137308121,0.0016852758126333356,-0.5,2.9802322387695312e-08,1.57160684466362e-08,,,,,0.08670282364433263,,,
qwen1p7b_nt4b_true_loss,70,0.08231759816408157,0.08231759816408157,0.46093663573265076,0.3786190450191498,0.9957764744758606,0.9944189190864563,0.09885099530220032,0.09728492796421051,0.0015660504577681422,-0.5,7.450580596923828e-09,1.6880221664905548e-08,,,,23.78681392235609,0.08524108181758228,16.666666666666664,10.416666666666668,44.27710843373494
qwen1p7b_nt4b_true_loss,71,0.09185400605201721,0.09185400605201721,0.5222764015197754,0.43042242527008057,0.9951196908950806,0.9935119152069092,0.10800433158874512,0.10614418983459473,0.0018601353513076901,-0.5,2.9802322387695312e-08,6.402842700481415e-09,,,,,0.08744538989572725,,,
qwen1p7b_nt4b_true_loss,72,0.08169697970151901,0.08169697970151901,0.4678771197795868,0.3861801028251648,0.9954977035522461,0.9939078688621521,0.09812670946121216,0.09627341479063034,0.0018532783724367619,-0.5,3.725290298461914e-08,1.6298145055770874e-08,,,,,0.08552925316432451,,,
qwen1p7b_nt4b_true_loss,73,0.08672816306352615,0.08672816306352615,0.490640252828598,0.4039120376110077,0.9951555132865906,0.9937028288841248,0.10399460047483444,0.10227964073419571,0.0017149570630863309,-0.5,5.21540641784668e-08,2.6775524020195007e-09,,,,,0.08592888979739173,,,
qwen1p7b_nt4b_true_loss,74,0.08905715495347977,0.08905715495347977,0.5155467391014099,0.42648959159851074,0.9949031472206116,0.9932377934455872,0.10686198621988297,0.10492659360170364,0.0019353863317519426,-0.5,7.450580596923828e-09,6.28642737865448e-09,,,,,0.08697164484942108,,,
qwen1p7b_nt4b_true_loss,75,0.09481839090585709,0.09481839090585709,0.5480418801307678,0.45322346687316895,0.9945859909057617,0.9927575588226318,0.11198051273822784,0.10982950031757355,0.0021510061342269182,-0.5,2.2351741790771484e-08,6.28642737865448e-09,,,,,0.08958722686823309,,,
qwen1p7b_nt4b_true_loss,76,0.08817042410373688,0.08817042410373688,0.5328625440597534,0.4446921646595001,0.9947364926338196,0.992990255355835,0.10378427803516388,0.10173895210027695,0.002045310800895095,-0.5,4.470348358154297e-08,1.5133991837501526e-08,,,,,0.08911495928006768,,,
qwen1p7b_nt4b_true_loss,77,0.08320389688014984,0.08320389688014984,0.47691985964775085,0.3937160074710846,0.9955148696899414,0.9938493967056274,0.10133282095193863,0.09939722716808319,0.001935578533448279,-0.5,4.470348358154297e-08,1.525040715932846e-08,,,,,0.08714460514676174,,,
qwen1p7b_nt4b_true_loss,78,0.08964298665523529,0.08964298665523529,0.5271921753883362,0.4375492036342621,0.9950361251831055,0.9932738542556763,0.10654061287641525,0.10442327708005905,0.0021173187997192144,-0.5,1.4901161193847656e-08,1.6996636986732483e-08,,,,,0.08797739898291959,,,
qwen1p7b_nt4b_true_loss,79,0.08932097256183624,0.08932097256183624,0.5026917457580566,0.4133707284927368,0.9950957298278809,0.9932793974876404,0.1058460995554924,0.10362182557582855,0.0022242674604058266,-0.5,4.470348358154297e-08,6.51925802230835e-09,,,,,0.08842525684255848,,,
qwen1p7b_nt4b_true_loss,80,0.08672047406435013,0.08672047406435013,0.4980141818523407,0.4112936556339264,0.9954857230186462,0.9939289093017578,0.10341944545507431,0.10160794109106064,0.0018114971462637186,-0.5,5.21540641784668e-08,7.2177499532699585e-09,,,,23.11579651941098,0.08785699591648903,12.916666666666668,11.25,45.18072289156627
qwen1p7b_nt4b_true_loss,81,0.09017820656299591,0.09017820656299591,0.517581045627594,0.4274028241634369,0.9951423406600952,0.9934754967689514,0.10865438729524612,0.10671122372150421,0.001943145296536386,-0.5,1.4901161193847656e-08,1.8277205526828766e-08,,,,,0.08863073279865799,,,
qwen1p7b_nt4b_true_loss,82,0.09931300580501556,0.09931300580501556,0.5347839593887329,0.43547096848487854,0.9945181012153625,0.9926908612251282,0.12015035003423691,0.11791970580816269,0.002230636542662978,-0.5,1.4901161193847656e-08,7.683411240577698e-09,,,,,0.09219149046744385,,,
qwen1p7b_nt4b_true_loss,83,0.08334292471408844,0.08334292471408844,0.49524325132369995,0.4119003117084503,0.9951387047767639,0.9932091236114502,0.10015954077243805,0.09793537110090256,0.0022241692058742046,-0.5,1.4901161193847656e-08,4.656612873077393e-10,,,,,0.08924196854965871,,,
qwen1p7b_nt4b_true_loss,84,0.08611022680997849,0.08611022680997849,0.5056814551353455,0.41957125067710876,0.9953066110610962,0.9935767650604248,0.10366690903902054,0.10165984183549881,0.0020070455502718687,-0.5,2.2351741790771484e-08,2.1653249859809875e-08,,,,,0.08819805463643197,,,
qwen1p7b_nt4b_true_loss,85,0.0944373682141304,0.0944373682141304,0.5433604717254639,0.44892311096191406,0.9950072765350342,0.9930843710899353,0.11215173453092575,0.10992942005395889,0.0022223100531846285,-0.5,7.450580596923828e-09,4.423782229423523e-09,,,,,0.09027782582899813,,,
qwen1p7b_nt4b_true_loss,86,0.08856314420700073,0.08856314420700073,0.5123651623725891,0.42380207777023315,0.9950135350227356,0.993149995803833,0.10774161666631699,0.10554637014865875,0.0021952299866825342,-0.5,5.960464477539063e-08,1.6530975699424744e-08,,,,,0.08970626528833234,,,
qwen1p7b_nt4b_true_loss,87,0.09490000456571579,0.09490000456571579,0.5258672833442688,0.43096718192100525,0.9946770071983337,0.9929763078689575,0.11520668119192123,0.11314671486616135,0.0020599616691470146,-0.5,9.685754776000977e-08,4.6566128730773926e-09,,,,,0.09143751171412683,,,
qwen1p7b_nt4b_true_loss,88,0.08733914792537689,0.08733914792537689,0.4733813405036926,0.38604211807250977,0.9948888421058655,0.9930070042610168,0.10605134069919586,0.10375884175300598,0.002292484510689974,-0.5,7.450580596923828e-08,1.4435499906539917e-08,,,,,0.09007139045121018,,,
qwen1p7b_nt4b_true_loss,89,0.07942229509353638,0.07942229509353638,0.4427281618118286,0.36330583691596985,0.9960521459579468,0.9944824576377869,0.0981811061501503,0.09633772075176239,0.001843370613642037,-0.5,2.9802322387695312e-08,1.4784745872020721e-08,,,,,0.08652169199865226,,,
qwen1p7b_nt4b_true_loss,90,0.08488625288009644,0.08488625288009644,0.5190666317939758,0.4341803789138794,0.9951929450035095,0.9932200312614441,0.10023798048496246,0.09796293824911118,0.0022750338539481163,-0.5,0.0,8.381903171539307e-09,,,,22.297523427041497,0.08597654562580032,11.25,11.666666666666666,43.97590361445783
qwen1p7b_nt4b_true_loss,91,0.08222899585962296,0.08222899585962296,0.4699842929840088,0.3877553343772888,0.9958726167678833,0.9942870736122131,0.09981948882341385,0.09799471497535706,0.0018247637199237943,-0.5,3.725290298461914e-08,1.0128132998943329e-08,,,,,0.08472736237040787,,,
qwen1p7b_nt4b_true_loss,92,0.07879467308521271,0.07879467308521271,0.4682405889034271,0.3894459009170532,0.9957848191261292,0.994168758392334,0.09524732083082199,0.09337121248245239,0.001876095775514841,-0.5,1.4901161193847656e-08,1.257285475730896e-08,,,,,0.08274979927534282,,,
qwen1p7b_nt4b_true_loss,93,0.0844835489988327,0.0844835489988327,0.49176543951034546,0.4072818458080292,0.9954138994216919,0.9935396313667297,0.10101001709699631,0.09881874173879623,0.002191259991377592,-0.5,4.470348358154297e-08,1.5366822481155396e-08,,,,,0.08332771584983945,,,
qwen1p7b_nt4b_true_loss,94,0.08599529415369034,0.08599529415369034,0.5082247257232666,0.42222946882247925,0.9953893423080444,0.993654191493988,0.10353859513998032,0.10149963200092316,0.002038953360170126,-0.5,3.725290298461914e-08,9.778887033462524e-09,,,,,0.08421690861778974,,,
qwen1p7b_nt4b_true_loss,95,0.08000628650188446,0.08000628650188446,0.4855101406574249,0.40550389885902405,0.9954516291618347,0.9935362935066223,0.0957980528473854,0.09360964596271515,0.0021883987355977297,-0.5,4.470348358154297e-08,8.149072527885437e-09,,,,,0.08281336791248799,,,
qwen1p7b_nt4b_true_loss,96,0.07700323313474655,0.07700323313474655,0.46786704659461975,0.39086371660232544,0.9959366917610168,0.9941456913948059,0.09299890697002411,0.09095487743616104,0.0020440169610083103,-0.5,9.685754776000977e-08,1.257285475730896e-08,,,,,0.08087665631990751,,,
qwen1p7b_nt4b_true_loss,97,0.07836822420358658,0.07836822420358658,0.48929405212402344,0.41092589497566223,0.9956305027008057,0.9934661984443665,0.0930124968290329,0.0905427560210228,0.002469721483066678,-0.5,6.705522537231445e-08,1.932494342327118e-08,,,,,0.08004051228113387,,,
qwen1p7b_nt4b_true_loss,98,0.08372171968221664,0.08372171968221664,0.5260316729545593,0.4423099756240845,0.994933009147644,0.9927434325218201,0.09908252954483032,0.09660009294748306,0.0024824319407343864,-0.5,2.2351741790771484e-08,4.6566128730773926e-09,,,,,0.08126758141482814,,,
qwen1p7b_nt4b_true_loss,99,0.08072422444820404,0.08072422444820404,0.5169602036476135,0.43623602390289307,0.9952616691589355,0.9929091334342957,0.09424716234207153,0.09154848009347916,0.002698666648939252,-0.5,4.470348358154297e-08,1.5599653124809265e-08,,,,,0.08108646242595344,,,
qwen1p7b_nt4b_true_loss,100,0.08854242414236069,0.08854242414236069,0.5606499314308167,0.47210749983787537,0.9945752620697021,0.992112934589386,0.10461850464344025,0.10178942233324051,0.002829067874699831,-0.5,7.450580596923828e-09,1.4435499906539917e-08,,,,23.790160642570285,0.08357178299808919,17.5,11.25,42.62048192771085
qwen1p7b_nt4b_true_loss,101,0.07440786063671112,0.07440786063671112,0.4167343080043793,0.3423265218734741,0.9965994954109192,0.9951010942459106,0.09291967749595642,0.0911886915564537,0.0017309804679825902,-0.5,7.450580596923828e-08,5.471520125865936e-09,,,,,0.08051714221096318,,,
qwen1p7b_nt4b_true_loss,102,0.07815849781036377,0.07815849781036377,0.45191407203674316,0.373755544424057,0.996306300163269,0.9946554899215698,0.09814219176769257,0.09625261276960373,0.001889551873318851,-0.5,2.9802322387695312e-08,2.7124769985675812e-08,,,,,0.07973092741076337,,,
qwen1p7b_nt4b_true_loss,103,0.0759718269109726,0.0759718269109726,0.41573163866996765,0.33975982666015625,0.9966014623641968,0.9951832294464111,0.09540572017431259,0.09377317875623703,0.0016325447941198945,-1.0,1.4901161193847656e-08,3.3760443329811096e-09,,,,,0.07847789391083312,,,
qwen1p7b_nt4b_true_loss,104,0.06914903223514557,0.06914903223514557,0.36976832151412964,0.3006192445755005,0.9972730875015259,0.9961032271385193,0.08883850276470184,0.0875106081366539,0.0013278854312375188,-0.5,4.470348358154297e-08,9.19681042432785e-09,,,,,0.07536827335227061,,,
qwen1p7b_nt4b_true_loss,105,0.07505996525287628,0.07505996525287628,0.3988626301288605,0.323802649974823,0.9966705441474915,0.9952455163002014,0.09655723720788956,0.09482477605342865,0.001732451026327908,-1.0,1.4901161193847656e-08,1.0128132998943329e-08,,,,,0.07526550398580584,,,
qwen1p7b_nt4b_true_loss,106,0.07504871487617493,0.07504871487617493,0.42740657925605774,0.3523578941822052,0.9964159727096558,0.9948360323905945,0.09445425868034363,0.09263967722654343,0.001814575050957501,-0.5,2.9802322387695312e-08,6.402842700481415e-09,,,,,0.0751932409492622,,,
qwen1p7b_nt4b_true_loss,107,0.0745961144566536,0.0745961144566536,0.41563159227371216,0.34103551506996155,0.9969010353088379,0.9955152273178101,0.09374614804983139,0.09216703474521637,0.001579098985530436,-0.5,3.725290298461914e-08,1.4319084584712982e-08,,,,,0.07499419878505934,,,
qwen1p7b_nt4b_true_loss,108,0.06900092214345932,0.06900092214345932,0.38414251804351807,0.31514155864715576,0.9971579313278198,0.9958207607269287,0.08911235630512238,0.08756934851408005,0.0015429991763085127,-1.0,3.725290298461914e-08,8.614733815193176e-09,,,,,0.072996439904526,,,
qwen1p7b_nt4b_true_loss,109,0.0669720247387886,0.0669720247387886,0.37773609161376953,0.3107641041278839,0.9971804022789001,0.9957793354988098,0.08398455381393433,0.08239183574914932,0.0015926946653053164,-0.5,3.725290298461914e-08,2.3399479687213898e-08,,,,,0.07098830151594687,,,
qwen1p7b_nt4b_true_loss,110,0.07657057046890259,0.07657057046890259,0.4241274297237396,0.3475568890571594,0.9967072010040283,0.9952089190483093,0.09630927443504333,0.09457673132419586,0.001732535776682198,-0.5,2.9802322387695312e-08,7.334165275096893e-09,,,,23.601070950468543,0.07284905783359878,14.583333333333334,13.750000000000002,42.46987951807229
qwen1p7b_nt4b_true_loss,111,0.07144881039857864,0.07144881039857864,0.41679301857948303,0.3453441858291626,0.996494710445404,0.9946776628494263,0.08911635726690292,0.08702150732278824,0.00209485343657434,-0.5,2.2351741790771484e-08,3.4924596548080444e-09,,,,,0.07238230868859208,,,
qwen1p7b_nt4b_true_loss,112,0.07774000614881516,0.07774000614881516,0.46992871165275574,0.3921887278556824,0.9962431788444519,0.9943349361419678,0.09408954530954361,0.0919184610247612,0.0021710703149437904,-0.5,2.2351741790771484e-08,1.3969838619232178e-08,,,,,0.07416820784199978,,,
qwen1p7b_nt4b_true_loss,113,0.09500690549612045,0.09500690549612045,0.49809035658836365,0.4030834138393402,0.995600163936615,0.9938535690307617,0.12034351378679276,0.11827926337718964,0.00206422689370811,-1.0,3.725290298461914e-08,2.3515895009040833e-08,,,,,0.08111444039337334,,,
qwen1p7b_nt4b_true_loss,114,0.09462442249059677,0.09462442249059677,0.5444145202636719,0.4497900903224945,0.9949739575386047,0.9927359819412231,0.11682149767875671,0.11418193578720093,0.002639572834596038,-0.5,7.450580596923828e-09,1.0943040251731873e-08,,,,,0.08561776775911449,,,
qwen1p7b_nt4b_true_loss,115,0.08818469941616058,0.08818469941616058,0.4952273964881897,0.4070427715778351,0.9957447648048401,0.9938697814941406,0.108805350959301,0.10659033060073853,0.002214995911344886,-0.5,7.450580596923828e-08,2.444721758365631e-08,,,,,0.08647341164479652,,,
qwen1p7b_nt4b_true_loss,116,0.09141559898853302,0.09141559898853302,0.5445920825004578,0.45317646861076355,0.9945979714393616,0.9922319650650024,0.10854121297597885,0.10575465857982635,0.0027865313459187746,-0.5,1.4901161193847656e-08,2.3050233721733093e-08,,,,,0.08812080742604203,,,
qwen1p7b_nt4b_true_loss,117,0.0938994362950325,0.0938994362950325,0.5697821378707886,0.47588270902633667,0.9944872856140137,0.9920032024383545,0.11122675985097885,0.108321912586689,0.002904835157096386,-0.5,7.450580596923828e-09,1.210719347000122e-08,,,,,0.09004701704903885,,,
qwen1p7b_nt4b_true_loss,118,0.09405652433633804,0.09405652433633804,0.5789939761161804,0.48493748903274536,0.9942832589149475,0.9916805624961853,0.1119409054517746,0.10893324762582779,0.003007650375366211,-0.5,3.725290298461914e-08,7.450580596923828e-09,,,,,0.09138351947813858,,,
qwen1p7b_nt4b_true_loss,119,0.07532618939876556,0.07532618939876556,0.42828884720802307,0.3529626131057739,0.9963858127593994,0.9947896599769592,0.09486259520053864,0.0930197611451149,0.001842839876189828,-0.5,4.470348358154297e-08,5.820766091346741e-09,,,,,0.08603107611834758,,,
qwen1p7b_nt4b_true_loss,120,0.08096041530370712,0.08096041530370712,0.5010406374931335,0.4200802743434906,0.9953128099441528,0.9931749701499939,0.09690976142883301,0.09444797784090042,0.0024617668241262436,-0.5,5.21540641784668e-08,1.6763806343078613e-08,,,,24.200133868808567,0.08434085584680076,16.25,10.416666666666668,45.933734939759034
qwen1p7b_nt4b_true_loss,121,0.09033190459012985,0.09033190459012985,0.5216047763824463,0.43127286434173584,0.9953149557113647,0.9932175874710083,0.10935800522565842,0.10688560456037521,0.002472378546372056,-0.5,7.450580596923828e-09,2.2118911147117615e-08,,,,,0.08633787209457713,,,
qwen1p7b_nt4b_true_loss,122,0.09082247316837311,0.09082247316837311,0.534686267375946,0.4438638389110565,0.9950230717658997,0.9927340745925903,0.10881166905164719,0.10618691146373749,0.00262473919428885,-0.5,4.470348358154297e-08,1.83936208486557e-08,,,,,0.0878327391191758,,,
qwen1p7b_nt4b_true_loss,123,0.09152786433696747,0.09152786433696747,0.5641353726387024,0.47260740399360657,0.9945608973503113,0.9920331835746765,0.10805429518222809,0.10519343614578247,0.0028608522843569517,-0.5,1.043081283569336e-07,6.752088665962219e-09,,,,,0.08906444752510637,,,
qwen1p7b_nt4b_true_loss,124,0.09130323678255081,0.09130323678255081,0.570809543132782,0.4795062839984894,0.994319498538971,0.991553008556366,0.10910768806934357,0.10593827068805695,0.003169398522004485,-0.5,2.2351741790771484e-08,1.885928213596344e-08,,,,,0.08981071061092119,,,
qwen1p7b_nt4b_true_loss,125,0.08202245086431503,0.08202245086431503,0.5042749643325806,0.42225250601768494,0.9952285885810852,0.9926766753196716,0.09700580686330795,0.09410751610994339,0.002898284699767828,-0.5,7.450580596923828e-09,6.05359673500061e-09,,,,,0.08721462402871914,,,
qwen1p7b_nt4b_true_loss,126,0.08495631068944931,0.08495631068944931,0.4464808702468872,0.3615245223045349,0.9964032769203186,0.9948896169662476,0.1106007769703865,0.10879331082105637,0.0018074577674269676,-1.0,3.725290298461914e-08,8.381903171539307e-09,,,,,0.0864618529156292,,,
qwen1p7b_nt4b_true_loss,127,0.09277337044477463,0.09277337044477463,0.4900086522102356,0.39723530411720276,0.9957007169723511,0.9938866496086121,0.1188669353723526,0.11672228574752808,0.002144632628187537,-0.5,2.2351741790771484e-08,1.6996636986732483e-08,,,,,0.08856569209201101,,,
qwen1p7b_nt4b_true_loss,128,0.08380606770515442,0.08380606770515442,0.4831809997558594,0.39937490224838257,0.9959086775779724,0.9940392374992371,0.10310935974121094,0.1009034514427185,0.002205893164500594,-0.5,2.9802322387695312e-08,1.5133991837501526e-08,,,,,0.08697915062972549,,,
qwen1p7b_nt4b_true_loss,129,0.08019482344388962,0.08019482344388962,0.4385325610637665,0.35833773016929626,0.9968059659004211,0.9953763484954834,0.10246264189481735,0.1007976233959198,0.0016650034813210368,-0.5,7.450580596923828e-09,1.501757651567459e-08,,,,,0.08471770823444687,,,
qwen1p7b_nt4b_true_loss,130,0.0830349326133728,0.0830349326133728,0.451503187417984,0.3684682846069336,0.9961664080619812,0.9944385290145874,0.10576212406158447,0.10376791656017303,0.0019941937644034624,-0.5,2.9802322387695312e-08,1.3737007975578308e-08,,,,21.718540829986612,0.08415678302742219,10.833333333333334,11.25,43.07228915662651
qwen1p7b_nt4b_true_loss,131,0.08252429217100143,0.08252429217100143,0.4594489336013794,0.37692463397979736,0.9961094856262207,0.994308590888977,0.10544627159833908,0.103371761739254,0.002074501710012555,-0.5,7.450580596923828e-09,8.149072527885437e-09,,,,,0.08361261940861528,,,
qwen1p7b_nt4b_true_loss,132,0.07692690193653107,0.07692690193653107,0.4677400588989258,0.3908131718635559,0.9959242343902588,0.9939477443695068,0.09464134275913239,0.09241029620170593,0.002231033518910408,-0.5,1.4901161193847656e-08,1.30385160446167e-08,,,,,0.08138404691792055,,,
qwen1p7b_nt4b_true_loss,133,0.0733603909611702,0.0733603909611702,0.4240245223045349,0.35066404938697815,0.9965295195579529,0.994702935218811,0.09248233586549759,0.0904204323887825,0.0020618911366909742,-0.5,8.195638656616211e-08,1.234002411365509e-08,,,,,0.0787094949323371,,,
qwen1p7b_nt4b_true_loss,134,0.07536711543798447,0.07536711543798447,0.4416028559207916,0.36623576283454895,0.9962044358253479,0.9942783713340759,0.0944017544388771,0.09222240000963211,0.002179347909986973,-0.5,2.2351741790771484e-08,6.51925802230835e-09,,,,,0.07759536843421956,,,
qwen1p7b_nt4b_true_loss,135,0.08280686289072037,0.08280686289072037,0.4133100211620331,0.3305031657218933,0.9968962073326111,0.9955345988273621,0.11083690077066422,0.10928575694561005,0.0015511150704696774,-1.0,7.450580596923828e-09,2.87545844912529e-08,,,,,0.07933253325305317,,,
qwen1p7b_nt4b_true_loss,136,0.08264943212270737,0.08264943212270737,0.42745479941368103,0.34480538964271545,0.996607780456543,0.9947943687438965,0.10661990940570831,0.10452910512685776,0.0020907868165522814,-1.0,2.2351741790771484e-08,1.7462298274040222e-08,,,,,0.08043816620960458,,,
qwen1p7b_nt4b_true_loss,137,0.07391556352376938,0.07391556352376938,0.40815335512161255,0.33423784375190735,0.9969114065170288,0.9953579306602478,0.09426432847976685,0.0925016775727272,0.0017626441549509764,-0.5,5.21540641784668e-08,6.752088665962219e-09,,,,,0.07826396531432618,,,
qwen1p7b_nt4b_true_loss,138,0.07985716313123703,0.07985716313123703,0.41152626276016235,0.3316691517829895,0.9971393942832947,0.9957993626594543,0.10622163116931915,0.10470720380544662,0.0015144259668886662,-1.0,5.21540641784668e-08,1.3969838619232178e-09,,,,,0.07879503125329647,,,
qwen1p7b_nt4b_true_loss,139,0.07904970645904541,0.07904970645904541,0.4115854799747467,0.3325357139110565,0.9969776272773743,0.9954240322113037,0.10428525507450104,0.10248491913080215,0.001800326630473137,-1.0,5.960464477539063e-08,9.313225746154785e-09,,,,,0.07887992298854613,,,
qwen1p7b_nt4b_true_loss,140,0.07542723417282104,0.07542723417282104,0.41214922070503235,0.3367219567298889,0.9968257546424866,0.9949500560760498,0.0974048525094986,0.09521787613630295,0.002186962403357029,-1.0,2.9802322387695312e-08,1.3969838619232178e-08,,,,25.249330655957163,0.07772902671663777,17.083333333333332,13.333333333333334,45.331325301204814
qwen1p7b_nt4b_true_loss,141,0.07638170570135117,0.07638170570135117,0.42951586842536926,0.3531341254711151,0.9966892600059509,0.9949101209640503,0.09758917987346649,0.09556905180215836,0.0020201143343001604,-0.5,3.725290298461914e-08,1.3737007975578308e-08,,,,,0.07727991971154224,,,
qwen1p7b_nt4b_true_loss,142,0.08850712329149246,0.08850712329149246,0.4647604823112488,0.3762533664703369,0.996453046798706,0.9946596026420593,0.11506439000368118,0.11300671845674515,0.0020576664246618748,-1.0,7.450580596923828e-09,5.122274160385132e-09,,,,,0.08102232090485899,,,
qwen1p7b_nt4b_true_loss,143,0.08158625662326813,0.08158625662326813,0.4331000745296478,0.3515138030052185,0.996734619140625,0.9950827956199646,0.10583952069282532,0.1039646789431572,0.001874827896244824,-1.0,1.4901161193847656e-08,1.3853423297405243e-08,,,,,0.08121029947766203,,,
qwen1p7b_nt4b_true_loss,144,0.07990466803312302,0.07990466803312302,0.4292142987251282,0.3493095934391022,0.9966436624526978,0.9948322176933289,0.10407129675149918,0.10197524726390839,0.00209604250267148,-1.0,3.725290298461914e-08,6.984919309616089e-09,,,,,0.08077508899614903,,,
qwen1p7b_nt4b_true_loss,145,0.08590385317802429,0.08590385317802429,0.44764095544815063,0.3617370128631592,0.9965770244598389,0.9949789643287659,0.1130995973944664,0.11125024408102036,0.0018493490060791373,-1.0,8.940696716308594e-08,4.307366907596588e-09,,,,,0.08248467705677412,,,
qwen1p7b_nt4b_true_loss,146,0.08021090179681778,0.08021090179681778,0.4266746938228607,0.3464638292789459,0.9965083599090576,0.9947038888931274,0.10350502282381058,0.1014222726225853,0.002082744613289833,-1.0,3.725290298461914e-08,5.587935447692871e-09,,,,,0.08172675197012201,,,
qwen1p7b_nt4b_true_loss,147,0.07998698204755783,0.07998698204755783,0.40005671977996826,0.3200697600841522,0.9968512058258057,0.9952381253242493,0.1070144847035408,0.10518518090248108,0.0018293020548298955,-1.0,2.2351741790771484e-08,1.7462298274040222e-09,,,,,0.08114682866260062,,,
qwen1p7b_nt4b_true_loss,148,0.08102424442768097,0.08102424442768097,0.4350985884666443,0.35407429933547974,0.9967647194862366,0.9951139688491821,0.10724864900112152,0.1053522378206253,0.0018964025657624006,-1.0,4.470348358154297e-08,8.614733815193176e-09,,,,,0.08110596725096074,,,
qwen1p7b_nt4b_true_loss,149,0.07532333582639694,0.07532333582639694,0.4152202606201172,0.33989691734313965,0.9969366192817688,0.9951841235160828,0.09651217609643936,0.09456463903188705,0.0019475200679153204,-1.0,7.450580596923828e-09,1.6996636986732483e-08,,,,,0.07917842344277282,,,
qwen1p7b_nt4b_true_loss,150,0.0886952131986618,0.0886952131986618,0.4676745533943176,0.378979355096817,0.9963714480400085,0.9944242835044861,0.11589308083057404,0.11359425634145737,0.0022988049313426018,-1.0,1.4901161193847656e-08,1.955777406692505e-08,,,,24.501338688085678,0.08235068669473582,15.833333333333332,10.833333333333334,46.83734939759036
qwen1p7b_nt4b_true_loss,151,0.0790536031126976,0.0790536031126976,0.4386250972747803,0.3595714867115021,0.9968354105949402,0.995193362236023,0.10322007536888123,0.10132138431072235,0.001898674643598497,-1.0,7.450580596923828e-09,1.641456037759781e-08,,,,,0.08125165883405641,,,
qwen1p7b_nt4b_true_loss,152,0.0767894983291626,0.0767894983291626,0.3964637815952301,0.3196742534637451,0.9971579313278198,0.9957162141799927,0.10271589457988739,0.10097972303628922,0.0017361699137836695,-1.0,2.9802322387695312e-08,1.6298145055770874e-09,,,,,0.07976427199909181,,,
qwen1p7b_nt4b_true_loss,153,0.08310955762863159,0.08310955762863159,0.47702476382255554,0.39391517639160156,0.9964451193809509,0.9946194291114807,0.1063070222735405,0.10423017293214798,0.002076833276078105,-1.0,2.9802322387695312e-08,1.6065314412117004e-08,,,,,0.0808793672089384,,,
qwen1p7b_nt4b_true_loss,154,0.08416565507650375,0.08416565507650375,0.46610867977142334,0.3819430470466614,0.9961063265800476,0.9940918684005737,0.10883260518312454,0.1065099909901619,0.0023225974291563034,-1.0,2.2351741790771484e-08,1.6763806343078613e-08,,,,,0.08197479649812686,,,
qwen1p7b_nt4b_true_loss,155,0.08190865069627762,0.08190865069627762,0.46109437942504883,0.3791857063770294,0.996313750743866,0.9943824410438538,0.10615227371454239,0.103932224214077,0.002220041351392865,-0.5,2.2351741790771484e-08,8.149072527885437e-09,,,,,0.08195274789751045,,,
qwen1p7b_nt4b_true_loss,156,0.07604001462459564,0.07604001462459564,0.3982640206813812,0.3222239911556244,0.9969159364700317,0.9953024983406067,0.10101176053285599,0.0991518571972847,0.0018598814494907856,-1.0,1.4901161193847656e-08,2.1886080503463745e-08,,,,,0.07998183680653885,,,
qwen1p7b_nt4b_true_loss,157,0.08365652710199356,0.08365652710199356,0.4584742784500122,0.37481778860092163,0.9965210556983948,0.994729220867157,0.10810460150241852,0.10601268708705902,0.002091888338327408,-1.0,3.725290298461914e-08,2.60770320892334e-08,,,,,0.08120673357169042,,,
qwen1p7b_nt4b_true_loss,158,0.08105529099702835,0.08105529099702835,0.4247421622276306,0.3436868488788605,0.996796727180481,0.9954016208648682,0.10680229961872101,0.10521291941404343,0.001589362625963986,-1.0,2.2351741790771484e-08,1.7578713595867157e-08,,,,,0.08115625271346974,,,
qwen1p7b_nt4b_true_loss,159,0.07641075551509857,0.07641075551509857,0.42952805757522583,0.35311734676361084,0.9965175986289978,0.9947139620780945,0.09903714060783386,0.09695951640605927,0.0020776158198714256,-0.5,4.470348358154297e-08,8.381903171539307e-09,,,,,0.07957442031401268,,,
qwen1p7b_nt4b_true_loss,160,0.07915223389863968,0.07915223389863968,0.42752590775489807,0.3483737111091614,0.996746301651001,0.9951017498970032,0.10360533744096756,0.10165087878704071,0.0019544484093785286,-1.0,3.725290298461914e-08,1.0244548320770264e-08,,,,25.160642570281126,0.07943369150888835,16.25,13.750000000000002,45.48192771084337
qwen1p7b_nt4b_true_loss,161,0.08522562682628632,0.08522562682628632,0.4830777645111084,0.3978521525859833,0.996209442615509,0.9943006634712219,0.10982785373926163,0.10766740143299103,0.002160449745133519,-0.5,1.4901161193847656e-08,2.561137080192566e-09,,,,,0.08136433661468767,,,
qwen1p7b_nt4b_true_loss,162,0.07890954613685608,0.07890954613685608,0.434009850025177,0.35510027408599854,0.9968079924583435,0.9950999021530151,0.10234937816858292,0.10039979964494705,0.0019495646702125669,-1.0,2.9802322387695312e-08,1.3853423297405243e-08,,,,,0.08054607312207715,,,
qwen1p7b_nt4b_true_loss,163,0.08089242875576019,0.08089242875576019,0.4612790644168854,0.3803866505622864,0.9963721036911011,0.9943658709526062,0.10361026227474213,0.10129234194755554,0.0023179182317107916,-0.5,1.4901161193847656e-08,2.0954757928848267e-09,,,,,0.0806615249999715,,,
qwen1p7b_nt4b_true_loss,164,0.08220525830984116,0.08220525830984116,0.4402006268501282,0.3579953908920288,0.9967427253723145,0.9950767755508423,0.10729345679283142,0.10533718764781952,0.0019562705419957638,-1.0,2.2351741790771484e-08,1.3969838619232178e-09,,,,,0.08117610276992807,,,
qwen1p7b_nt4b_true_loss,165,0.07645954936742783,0.07645954936742783,0.4090915620326996,0.3326319456100464,0.9971579909324646,0.9955959916114807,0.10081826150417328,0.09895375370979309,0.0018644927768036723,-1.0,6.705522537231445e-08,1.501757651567459e-08,,,,,0.079603918302428,,,
qwen1p7b_nt4b_true_loss,166,0.08439771831035614,0.08439771831035614,0.4522382318973541,0.3678405284881592,0.9965978860855103,0.994667649269104,0.1101420670747757,0.10790614038705826,0.0022359115537256002,-1.0,1.4901161193847656e-08,1.5133991837501526e-08,,,,,0.08120185163840404,,,
qwen1p7b_nt4b_true_loss,167,0.08780252188444138,0.08780252188444138,0.41978204250335693,0.33197951316833496,0.9972437620162964,0.9960417747497559,0.11871639639139175,0.11728350073099136,0.001432882621884346,-1.0,7.450580596923828e-09,1.30385160446167e-08,,,,,0.08340207505374983,,,
qwen1p7b_nt4b_true_loss,168,0.07385712116956711,0.07385712116956711,0.40299341082572937,0.32913628220558167,0.9972169399261475,0.9956291913986206,0.0968722254037857,0.09506101161241531,0.001811209018342197,-1.0,7.450580596923828e-09,4.773028194904327e-09,,,,,0.08022042375902226,,,
qwen1p7b_nt4b_true_loss,169,0.07736972719430923,0.07736972719430923,0.39228367805480957,0.31491392850875854,0.9973641037940979,0.9959601163864136,0.105547234416008,0.10391649603843689,0.0016307352343574166,-1.0,2.2351741790771484e-08,3.14321368932724e-09,,,,,0.07927019157078459,,,
qwen1p7b_nt4b_true_loss,170,0.0798138752579689,0.0798138752579689,0.4499014616012573,0.37008756399154663,0.996486246585846,0.9946044683456421,0.10164926201105118,0.0994492694735527,0.0021999862510710955,-0.5,2.2351741790771484e-08,6.28642737865448e-09,,,,23.420348058902274,0.0794514194665127,13.750000000000002,12.083333333333334,44.42771084337349
qwen1p7b_nt4b_true_loss,171,0.07852830737829208,0.07852830737829208,0.406297504901886,0.3277691602706909,0.9972645044326782,0.9959428906440735,0.10703963041305542,0.10551192611455917,0.0015276907943189144,-1.0,3.725290298461914e-08,1.3504177331924438e-08,,,,,0.07914371543710583,,,
qwen1p7b_nt4b_true_loss,172,0.08194682747125626,0.08194682747125626,0.41680818796157837,0.3348613679409027,0.9968636631965637,0.9952440857887268,0.10817842930555344,0.10623709857463837,0.0019413218833506107,-1.0,7.450580596923828e-09,8.847564458847046e-09,,,,,0.08007808611515597,,,
qwen1p7b_nt4b_true_loss,173,0.08342328667640686,0.08342328667640686,0.4399905800819397,0.35656729340553284,0.9969008564949036,0.9952085614204407,0.10826079547405243,0.1063099056482315,0.0019508597906678915,-1.0,0.0,3.003515303134918e-08,,,,,0.08119315296890628,,,
qwen1p7b_nt4b_true_loss,174,0.08325225859880447,0.08325225859880447,0.4420844614505768,0.3588321805000305,0.9967291355133057,0.9950019121170044,0.1106969341635704,0.10869209468364716,0.0020048189908266068,-1.0,2.2351741790771484e-08,2.0489096641540527e-08,,,,,0.08187952151220568,,,
qwen1p7b_nt4b_true_loss,175,0.07910435646772385,0.07910435646772385,0.4229351580142975,0.3438308537006378,0.9970700740814209,0.9954639673233032,0.1048271656036377,0.10299321264028549,0.0018339442322030663,-1.0,5.21540641784668e-08,8.731149137020111e-09,,,,,0.0809544664973784,,,
qwen1p7b_nt4b_true_loss,176,0.07989560067653656,0.07989560067653656,0.451879620552063,0.37198397517204285,0.9963775873184204,0.9944447875022888,0.10273014008998871,0.10046865046024323,0.0022614705376327038,-0.5,4.470348358154297e-08,1.909211277961731e-08,,,,,0.08060151122376447,,,
qwen1p7b_nt4b_true_loss,177,0.10972976684570312,0.10972976684570312,0.6085474491119385,0.4988175928592682,0.9941792488098145,0.9913564920425415,0.13232962787151337,0.12890835106372833,0.003421277040615678,-0.5,8.940696716308594e-08,2.3283064365386963e-10,,,,,0.09031092976441069,,,
qwen1p7b_nt4b_true_loss,178,0.12030661106109619,0.12030661106109619,0.6139616370201111,0.4936550259590149,0.9870828986167908,0.9815220832824707,0.1338522881269455,0.12680289149284363,0.007049401756376028,-0.5,0.0,5.122274160385132e-09,,,,,0.10030949019663919,,,
qwen1p7b_nt4b_true_loss,179,0.10765009373426437,0.10765007883310318,0.5141421556472778,0.4064919948577881,0.9898439645767212,0.9856904149055481,0.12436699867248535,0.1191081777215004,0.0052588097751140594,-1.0,8.195638656616211e-08,1.1175870895385742e-08,,,,,0.10275635804251426,,,
qwen1p7b_nt4b_true_loss,180,0.09321444481611252,0.09321444481611252,0.44711291790008545,0.35389846563339233,0.9914297461509705,0.9874393343925476,0.10814576596021652,0.10314209759235382,0.005003658123314381,-1.0,7.450580596923828e-09,1.0244548320770264e-08,,,,23.11914323962517,0.09957572030038035,13.750000000000002,12.083333333333334,43.52409638554217
qwen1p7b_nt4b_true_loss,181,0.10222508758306503,0.10222508758306503,0.4626820683479309,0.36045700311660767,0.9902313351631165,0.9855837225914001,0.11992692202329636,0.11399219185113907,0.005934728309512138,-1.0,2.2351741790771484e-08,1.862645149230957e-09,,,,,0.10045884272794192,,,
qwen1p7b_nt4b_true_loss,182,0.11583932489156723,0.11583932489156723,0.546957790851593,0.4311184585094452,0.9893665313720703,0.9847171306610107,0.13475191593170166,0.128898024559021,0.005853881593793631,-1.0,7.450580596923828e-09,9.778887033462524e-09,,,,,0.10558567011581703,,,
qwen1p7b_nt4b_true_loss,183,0.11672274768352509,0.11672274768352509,0.5595327615737915,0.4428100883960724,0.987474799156189,0.9820562601089478,0.1345887929201126,0.12766486406326294,0.0069239214062690735,-1.0,7.450580596923828e-08,7.450580596923828e-09,,,,,0.10929802930505306,,,
qwen1p7b_nt4b_true_loss,184,0.11331376433372498,0.11331376433372498,0.5440085530281067,0.4306947886943817,0.9895820021629333,0.9846594929695129,0.1326608508825302,0.12640713155269623,0.0062537225894629955,-0.5,0.0,3.259629011154175e-09,,,,,0.11063660764794371,,,
qwen1p7b_nt4b_true_loss,185,0.10313130915164948,0.10313130915164948,0.4988817870616913,0.395750492811203,0.9899904131889343,0.9856753945350647,0.11999663710594177,0.11461219191551208,0.005384441930800676,-1.0,1.4901161193847656e-08,3.259629011154175e-09,,,,,0.1081348414825123,,,
qwen1p7b_nt4b_true_loss,186,0.10227696597576141,0.10227696597576141,0.5254095196723938,0.4231325089931488,0.989001452922821,0.9837362766265869,0.11685150116682053,0.11027717590332031,0.006574305240064859,-0.5,4.470348358154297e-08,2.0023435354232788e-08,,,,,0.10618221631359535,,,
qwen1p7b_nt4b_true_loss,187,0.09366513043642044,0.09366513043642044,0.47576719522476196,0.38210204243659973,0.9935821294784546,0.9907914996147156,0.11625026166439056,0.11279814690351486,0.003452103119343519,-1.0,2.2351741790771484e-08,1.1641532182693481e-08,,,,,0.10200985435453706,,,
qwen1p7b_nt4b_true_loss,188,0.1034231185913086,0.1034231185913086,0.524255633354187,0.4208325147628784,0.9909070730209351,0.986936628818512,0.12141696363687515,0.1164405420422554,0.004976422525942326,-1.0,0.0,9.313225746154785e-10,,,,,0.10248094243346091,,,
qwen1p7b_nt4b_true_loss,189,0.10523167997598648,0.10523167997598648,0.5624664425849915,0.45723477005958557,0.9900848269462585,0.985436201095581,0.12509310245513916,0.11934679001569748,0.00574629008769989,-0.5,7.450580596923828e-09,2.2351741790771484e-08,,,,,0.1033978549476361,,,
qwen1p7b_nt4b_true_loss,190,0.10804882645606995,0.10804882645606995,0.5680065155029297,0.4599577486515045,0.9886384606361389,0.9830977916717529,0.12482590228319168,0.11796839535236359,0.0068574813194572926,-0.5,5.960464477539063e-08,2.561137080192566e-08,,,,22.787817938420346,0.10494817878378072,12.083333333333334,11.25,45.03012048192771
qwen1p7b_nt4b_true_loss,191,0.10071255266666412,0.10071255266666412,0.5251968502998352,0.4244843125343323,0.9916894435882568,0.9875814914703369,0.12308211624622345,0.11798499524593353,0.005097089800983667,-0.5,1.4901161193847656e-08,3.119930624961853e-08,,,,,0.10353630341140853,,,
qwen1p7b_nt4b_true_loss,192,0.10244756937026978,0.10244756937026978,0.5256420969963074,0.4231945276260376,0.99090576171875,0.9860736131668091,0.123386912047863,0.11723965406417847,0.006147261243313551,-0.5,0.0,3.259629011154175e-09,,,,,0.10317339206436228,,,
qwen1p7b_nt4b_true_loss,193,0.12940360605716705,0.12940360605716705,0.6459963321685791,0.5165926814079285,0.9861630201339722,0.9790191650390625,0.14996406435966492,0.14107643067836761,0.0088876374065876,-1.0,4.470348358154297e-08,3.725290298461914e-09,,,,,0.11191679672863054,,,
qwen1p7b_nt4b_true_loss,194,0.11230122298002243,0.11230122298002243,0.5836477279663086,0.47134652733802795,0.9890965819358826,0.983125627040863,0.1319052278995514,0.12451796233654022,0.0073872581124305725,-0.5,2.2351741790771484e-08,7.450580596923828e-09,,,,,0.11204493881242784,,,
qwen1p7b_nt4b_true_loss,195,0.11670154333114624,0.11670154333114624,0.5916497111320496,0.4749481976032257,0.9887506365776062,0.9820946455001831,0.13654731214046478,0.12830044329166412,0.008246851153671741,-1.0,2.9802322387695312e-08,1.7695128917694092e-08,,,,,0.11359714031866731,,,
qwen1p7b_nt4b_true_loss,196,0.12643449008464813,0.12643449008464813,0.6227816343307495,0.49634721875190735,0.987402617931366,0.9799155592918396,0.1493302285671234,0.1400202363729477,0.009309982880949974,-1.0,7.450580596923828e-08,9.313225746154785e-09,,,,,0.11787625690732759,,,
qwen1p7b_nt4b_true_loss,197,0.1098678931593895,0.1098678931593895,0.5229431986808777,0.41307532787323,0.9907110929489136,0.9848043918609619,0.13387824594974518,0.12657614052295685,0.007302102167159319,-1.0,2.2351741790771484e-08,3.259629011154175e-09,,,,,0.11520680232468156,,,
qwen1p7b_nt4b_true_loss,198,0.11544877290725708,0.11544877290725708,0.5845571160316467,0.46910831332206726,0.9888717532157898,0.9816222190856934,0.1350298672914505,0.12616585195064545,0.008864019066095352,-0.5,2.9802322387695312e-08,3.725290298461914e-09,,,,,0.11528745918554006,,,
qwen1p7b_nt4b_true_loss,199,0.10845336318016052,0.10845336318016052,0.5324679613113403,0.4240145981311798,0.9902421832084656,0.9837014079093933,0.1275378316640854,0.11947508156299591,0.008062723092734814,-0.5,0.0,2.7008354663848877e-08,,,,,0.11300942718374689,,,
qwen1p7b_nt4b_true_loss,200,0.09554281830787659,0.09554281830787659,0.47010156512260437,0.37455877661705017,0.9914270043373108,0.9850131869316101,0.11374076455831528,0.10590296238660812,0.00783778540790081,-1.0,2.9802322387695312e-08,1.6763806343078613e-08,,,,22.64892904953146,0.10718722422512346,12.5,10.416666666666668,45.03012048192771
