run,step,language,turn,prompt_strict,inst_strict,prompt_loose,inst_loose,overall,n
ultradata,0,Chinese,1,43.17180616740088,54.09836065573771,46.0352422907489,56.39344262295082,49.92471293420958,454
ultradata,0,English,1,42.745535714285715,53.60294117647059,45.75892857142857,56.10294117647059,49.552586659663866,896
ultradata,0,French,1,35.714285714285715,42.5531914893617,38.803088803088805,46.09929078014184,40.792464196719514,518
ultradata,0,Hindi,1,25.330812854442343,33.379694019471486,27.22117202268431,35.744089012517385,30.41894197727888,529
ultradata,0,Italian,1,32.251521298174445,39.485627836611194,34.68559837728195,42.20877458396369,37.15788052400782,493
ultradata,0,Portuguese,1,37.213740458015266,42.33473980309423,40.0763358778626,45.42897327707454,41.26344735401166,524
ultradata,0,Russian,1,29.902912621359224,36.872309899569586,31.45631067961165,38.88091822094692,34.278112855371845,515
ultradata,0,Spanish,1,37.98449612403101,46.03399433427762,41.86046511627907,49.29178470254958,43.79268506928432,516
ultradata,0,Chinese,2,24.008810572687224,52.725563909774436,25.550660792951543,54.79323308270677,39.26956708952999,454
ultradata,0,English,2,21.428571428571427,53.280141843971634,26.5625,57.801418439716315,39.768157928064845,896
ultradata,0,French,2,14.478764478764479,41.86426819296811,16.795366795366796,44.72608340147179,29.466120717142793,518
ultradata,0,Hindi,2,5.8601134215500945,28.846153846153847,6.994328922495274,30.608974358974358,18.077392637293393,529
ultradata,0,Italian,2,14.401622718052739,42.46100519930676,15.821501014198782,44.454072790294624,29.284550430463227,493
ultradata,0,Portuguese,2,12.595419847328245,39.75708502024292,15.458015267175572,42.91497975708502,27.68137497295794,524
ultradata,0,Russian,2,6.796116504854369,30.033003300330034,7.961165048543689,33.00330033003301,19.448396295940274,515
ultradata,0,Spanish,2,19.37984496124031,46.9721767594108,22.286821705426355,50.08183306055646,34.68016912165848,516
ultradata,0,Chinese,3,8.810572687224669,47.76021080368906,11.013215859030836,50.06587615283267,29.41246887569431,454
ultradata,0,English,3,9.040178571428571,48.255076142131976,12.388392857142858,51.55456852791878,30.309554024655547,896
ultradata,0,French,3,5.019305019305019,37.047673750717976,6.177606177606178,39.57495692130959,21.954885467234693,518
ultradata,0,Hindi,3,0.5671077504725898,25.49240292628025,1.1342155009451795,27.574563871693865,13.692072512347972,529
ultradata,0,Italian,3,3.0425963488843815,36.30843958712811,3.8539553752535496,38.06921675774135,20.31855201725185,493
ultradata,0,Portuguese,3,4.3893129770992365,36.6117111995452,5.7251908396946565,39.511085844229676,21.55932521514219,524
ultradata,0,Russian,3,1.3592233009708738,30.052113491603937,1.941747572815534,32.59988419224088,16.488242139407806,515
ultradata,0,Spanish,3,6.007751937984496,41.139240506329116,7.751937984496124,44.131185270425775,24.757528924808877,516
ultradata,10,Chinese,1,47.57709251101321,57.21311475409836,51.541850220264315,60.49180327868852,54.205965191016105,454
ultradata,10,English,1,46.42857142857143,57.4264705882353,51.004464285714285,61.470588235294116,54.08252363445378,896
ultradata,10,French,1,36.1003861003861,42.97872340425532,40.34749034749035,47.5177304964539,41.73608258714642,518
ultradata,10,Hindi,1,24.574669187145556,31.84979137691238,26.27599243856333,34.07510431154381,29.193889328541268,529
ultradata,10,Italian,1,34.27991886409736,41.45234493192133,36.511156186612574,43.57034795763994,38.9534419850678,493
ultradata,10,Portuguese,1,36.45038167938932,44.44444444444444,39.88549618320611,48.24191279887482,42.25555877647867,524
ultradata,10,Russian,1,35.728155339805824,41.89383070301291,38.44660194174757,44.61979913916786,40.17209678093354,515
ultradata,10,Spanish,1,39.53488372093023,47.30878186968839,42.82945736434109,50.0,44.918280738739924,516
ultradata,10,Chinese,2,21.58590308370044,53.57142857142857,25.550660792951543,56.484962406015036,39.2982387135239,454
ultradata,10,English,2,23.214285714285715,54.388297872340424,28.013392857142858,58.20035460992908,40.954082763424516,896
ultradata,10,French,2,15.83011583011583,42.76369582992641,17.953667953667953,45.5437448896157,30.522806125831472,518
ultradata,10,Hindi,2,6.427221172022684,31.41025641025641,7.3724007561436675,33.333333333333336,19.635802917939024,529
ultradata,10,Italian,2,15.61866125760649,43.76083188908146,18.45841784989858,46.18717504332756,31.00627150997852,493
ultradata,10,Portuguese,2,15.267175572519085,42.59109311740891,18.129770992366414,45.991902834008094,30.494985629075625,524
ultradata,10,Russian,2,6.213592233009709,32.92079207920792,8.155339805825243,35.89108910891089,20.79520330673844,515
ultradata,10,Spanish,2,16.27906976744186,45.171849427168574,19.37984496124031,48.28150572831424,32.27806747104125,516
ultradata,10,Chinese,3,8.370044052863436,48.08959156785244,10.352422907488986,49.670619235836625,29.12066944101037,454
ultradata,10,English,3,9.933035714285714,50.60279187817259,13.392857142857142,54.09263959390863,32.00533108230602,896
ultradata,10,French,3,3.667953667953668,37.564618035611716,5.405405405405405,40.60884549109707,21.811705650016965,518
ultradata,10,Hindi,3,0.7561436672967864,27.518289251547554,1.1342155009451795,29.375351716375913,14.696000034041358,529
ultradata,10,Italian,3,4.259634888438134,37.82635094110504,5.882352941176471,40.619307832422585,22.146911650785558,493
ultradata,10,Portuguese,3,4.961832061068702,38.885730528709495,5.7251908396946565,41.50085275724844,22.768401546680323,524
ultradata,10,Russian,3,0.970873786407767,31.21019108280255,1.7475728155339805,33.70005790387956,16.907173897155964,515
ultradata,10,Spanish,3,5.232558139534884,40.62140391254315,6.976744186046512,44.24626006904488,24.269241576792357,516
ultradata,20,Chinese,1,50.220264317180614,58.36065573770492,55.06607929515418,63.114754098360656,56.690438362100096,454
ultradata,20,English,1,47.20982142857143,59.044117647058826,50.669642857142854,62.35294117647059,54.819130777310924,896
ultradata,20,French,1,42.47104247104247,48.652482269503544,45.173745173745175,51.63120567375886,46.98211889701251,518
ultradata,20,Hindi,1,28.733459357277884,36.43949930458971,31.19092627599244,39.360222531293466,33.931026867288374,529
ultradata,20,Italian,1,39.350912778904664,45.688350983358546,43.81338742393509,49.77307110438729,44.6564305726464,493
ultradata,20,Portuguese,1,44.083969465648856,50.49226441631505,47.900763358778626,54.85232067510549,49.33232947896201,524
ultradata,20,Russian,1,38.83495145631068,46.19799139167862,42.33009708737864,50.64562410329986,44.50216600966695,515
ultradata,20,Spanish,1,43.992248062015506,52.124645892351275,48.25581395348837,55.94900849858357,50.08042910160968,516
ultradata,20,Chinese,2,22.90748898678414,54.13533834586466,27.75330396475771,57.80075187969925,40.64922079427644,454
ultradata,20,English,2,25.111607142857142,57.4468085106383,30.580357142857142,61.2145390070922,43.5883279508612,896
ultradata,20,French,2,18.33976833976834,46.77023712183156,21.042471042471043,50.28618152085037,34.10966450623033,518
ultradata,20,Hindi,2,7.3724007561436675,30.608974358974358,8.128544423440454,32.69230769230769,19.700556807716545,529
ultradata,20,Italian,2,16.024340770791074,45.58058925476603,20.081135902636916,49.22010398613518,32.7265424785823,493
ultradata,20,Portuguese,2,18.51145038167939,45.4251012145749,21.946564885496183,49.23076923076923,33.778471428129926,524
ultradata,20,Russian,2,9.514563106796116,35.148514851485146,11.45631067961165,38.53135313531353,23.662685443301612,515
ultradata,20,Spanish,2,20.930232558139537,49.754500818330605,24.224806201550386,53.60065466448445,37.127548560626245,516
ultradata,20,Chinese,3,9.251101321585903,50.0,12.114537444933921,52.96442687747036,31.082516410997545,454
ultradata,20,English,3,10.602678571428571,50.66624365482234,14.732142857142858,55.13959390862944,32.785164748005805,896
ultradata,20,French,3,7.722007722007722,42.21711659965537,9.266409266409266,45.605973578403216,26.202876791618895,518
ultradata,20,Hindi,3,1.5122873345935728,27.63083849184018,1.890359168241966,29.262802476083287,15.074071867689751,529
ultradata,20,Italian,3,5.679513184584178,39.82999392835458,7.302231237322515,42.80510018214936,23.90420963310266,493
ultradata,20,Portuguese,3,6.488549618320611,40.98919840818647,8.396946564885496,44.002274019329164,24.969242152680433,524
ultradata,20,Russian,3,2.3300970873786406,32.88940359004053,2.7184466019417477,35.379270411117545,18.329304422619614,515
ultradata,20,Spanish,3,7.170542635658915,42.86536248561565,9.30232558139535,46.432681242807824,26.442727986369434,516
ultradata,30,Chinese,1,54.62555066079295,63.77049180327869,59.030837004405285,67.70491803278688,61.28294937531595,454
ultradata,30,English,1,48.214285714285715,60.220588235294116,51.5625,64.11764705882354,56.028755252100844,896
ultradata,30,French,1,46.13899613899614,51.91489361702128,48.262548262548265,54.60992907801418,50.23159177414497,518
ultradata,30,Hindi,1,31.001890359168243,39.77746870653686,33.83742911153119,42.280945757997216,36.724433483808376,529
ultradata,30,Italian,1,40.973630831643,47.95763993948563,44.42190669371197,51.43721633888048,46.19759845093027,493
ultradata,30,Portuguese,1,43.51145038167939,50.21097046413502,47.13740458015267,53.586497890295355,48.61158082906561,524
ultradata,30,Russian,1,41.55339805825243,48.92395982783357,44.271844660194176,52.51076040172166,46.81499073700046,515
ultradata,30,Spanish,1,49.41860465116279,55.524079320113316,52.51937984496124,58.640226628895185,54.02557261128313,516
ultradata,30,Chinese,2,25.330396475770925,57.330827067669176,31.05726872246696,60.902255639097746,43.6551869762512,454
ultradata,30,English,2,26.5625,57.491134751773046,31.919642857142858,62.012411347517734,44.49642223910841,896
ultradata,30,French,2,20.84942084942085,47.75143090760425,23.35907335907336,51.103843008994275,35.765942031273184,518
ultradata,30,Hindi,2,7.183364839319471,32.131410256410255,8.128544423440454,34.375,20.454579879792544,529
ultradata,30,Italian,2,18.255578093306287,45.493934142114384,21.703853955375255,48.96013864818024,33.60337620974404,493
ultradata,30,Portuguese,2,18.129770992366414,46.15384615384615,20.801526717557252,49.392712550607285,33.619464103594275,524
ultradata,30,Russian,2,10.87378640776699,36.056105610561055,12.427184466019417,39.68646864686469,24.76088628280304,515
ultradata,30,Spanish,2,21.511627906976745,51.3911620294599,24.612403100775193,54.58265139116203,38.024461107093465,516
ultradata,30,Chinese,3,10.79295154185022,52.042160737812914,11.894273127753303,54.54545454545455,32.31870998821775,454
ultradata,30,English,3,11.495535714285714,52.474619289340104,15.736607142857142,57.265228426395936,34.242997643219724,896
ultradata,30,French,3,5.598455598455598,42.50430786904078,8.108108108108109,45.778288340034464,25.497289978909738,518
ultradata,30,Hindi,3,1.890359168241966,29.319077096229602,2.268431001890359,30.72594259988745,16.050952466562343,529
ultradata,30,Italian,3,6.490872210953347,40.80145719489982,7.910750507099391,43.95871281117183,24.790448181031095,493
ultradata,30,Portuguese,3,8.778625954198473,42.46731097214327,10.49618320610687,45.0824332006822,26.706138333282702,524
ultradata,30,Russian,3,2.5242718446601944,33.87376954255935,4.660194174757281,36.94267515923567,19.500227680303123,515
ultradata,30,Spanish,3,7.751937984496124,44.18872266973533,11.24031007751938,47.410817031070195,27.647946940705257,516
ultradata,40,Chinese,1,55.06607929515418,64.09836065573771,58.370044052863435,66.88524590163935,61.104932476348665,454
ultradata,40,English,1,55.357142857142854,65.1470588235294,58.482142857142854,68.45588235294117,61.86055672268907,896
ultradata,40,French,1,47.49034749034749,53.758865248226954,50.19305019305019,56.312056737588655,51.93857991730332,518
ultradata,40,Hindi,1,34.40453686200378,41.863699582753824,37.80718336483932,45.75799721835883,39.95835425698894,529
ultradata,40,Italian,1,41.58215010141988,48.86535552193646,44.01622718052738,52.344931921331316,46.70216618130376,493
ultradata,40,Portuguese,1,45.41984732824427,53.30520393811533,48.66412213740458,56.118143459915615,50.876829215919955,524
ultradata,40,Russian,1,45.8252427184466,53.65853658536585,48.349514563106794,57.24533715925394,51.269657756543296,515
ultradata,40,Spanish,1,53.29457364341085,59.773371104815865,57.55813953488372,63.45609065155807,58.520543733667125,516
ultradata,40,Chinese,2,31.05726872246696,60.244360902255636,37.88546255506608,64.56766917293233,48.43869033818025,454
ultradata,40,English,2,26.450892857142858,59.9290780141844,34.263392857142854,65.2482269503546,46.47289766970618,896
ultradata,40,French,2,22.586872586872587,52.902698282910876,25.482625482625483,55.110384300899426,39.020645163327096,518
ultradata,40,Hindi,2,10.775047258979207,35.73717948717949,11.531190926275993,38.06089743589744,24.026078777083033,529
ultradata,40,Italian,2,21.29817444219067,49.82668977469671,25.35496957403651,53.726169844020795,37.55150090873617,493
ultradata,40,Portuguese,2,22.328244274809162,50.607287449392715,24.427480916030536,54.008097165991906,37.84277745155608,524
ultradata,40,Russian,2,12.62135922330097,40.67656765676568,14.951456310679612,44.05940594059406,28.07719728283508,515
ultradata,40,Spanish,2,27.713178294573645,56.30114566284779,33.333333333333336,60.229132569558104,44.39419746507822,516
ultradata,40,Chinese,3,12.114537444933921,53.16205533596838,15.198237885462555,56.785243741765484,34.31501860203259,454
ultradata,40,English,3,12.5,54.02918781725889,17.96875,58.78807106598985,35.821502220812185,896
ultradata,40,French,3,8.88030888030888,47.214244686961514,10.81081081081081,49.56921309592188,29.11864436850077,518
ultradata,40,Hindi,3,1.3232514177693762,31.063590320765336,1.3232514177693762,32.920652785593695,16.657686485474446,529
ultradata,40,Italian,3,8.924949290060852,44.5658773527626,10.953346855983773,47.540983606557376,27.996289276341148,493
ultradata,40,Portuguese,3,8.969465648854962,44.96873223422399,10.49618320610687,47.98180784536669,28.104047233638127,524
ultradata,40,Russian,3,3.1067961165048543,35.031847133757964,3.495145631067961,37.81123335263462,19.86125555849135,515
ultradata,40,Spanish,3,9.496124031007753,48.791714614499426,11.046511627906977,51.611047180667434,30.236349363520397,516
ultradata,50,Chinese,1,56.82819383259912,64.75409836065573,60.5726872246696,67.8688524590164,62.50595796923521,454
ultradata,50,English,1,56.808035714285715,66.25,60.267857142857146,69.19117647058823,63.12926733193277,896
ultradata,50,French,1,48.648648648648646,54.60992907801418,50.38610038610039,56.312056737588655,52.489183712587966,518
ultradata,50,Hindi,1,36.10586011342155,43.39360222531293,39.31947069943289,46.87065368567455,41.42239668096048,529
ultradata,50,Italian,1,46.65314401622718,53.40393343419062,49.087221095334684,56.27836611195159,51.35566616442602,493
ultradata,50,Portuguese,1,47.70992366412214,54.57102672292546,50.954198473282446,58.22784810126582,52.86574924039897,524
ultradata,50,Russian,1,45.43689320388349,53.65853658536585,47.96116504854369,56.24103299856528,50.82440695908958,515
ultradata,50,Spanish,1,52.713178294573645,60.3399433427762,55.42635658914729,62.889518413597735,57.84224916002372,516
ultradata,50,Chinese,2,30.39647577092511,60.150375939849624,36.34361233480176,64.19172932330827,47.77054834222119,454
ultradata,50,English,2,30.357142857142858,61.258865248226954,36.38392857142857,65.42553191489361,48.356367147922995,896
ultradata,50,French,2,23.166023166023166,52.24856909239575,26.44787644787645,55.764513491414554,39.40674554942748,518
ultradata,50,Hindi,2,9.45179584120983,36.93910256410256,10.964083175803403,38.782051282051285,24.03425821579177,529
ultradata,50,Italian,2,22.920892494929006,50.95320623916811,26.16632860040568,53.98613518197573,38.50664062911963,493
ultradata,50,Portuguese,2,22.709923664122137,50.364372469635626,26.33587786259542,54.17004048582996,38.39505362054579,524
ultradata,50,Russian,2,13.592233009708737,40.67656765676568,16.893203883495147,44.224422442244226,28.846606748053446,515
ultradata,50,Spanish,2,28.100775193798448,55.89198036006547,31.007751937984494,59.16530278232406,43.54145256854312,516
ultradata,50,Chinese,3,12.555066079295154,54.61133069828722,16.29955947136564,58.69565217391305,35.540402105715266,454
ultradata,50,English,3,13.950892857142858,55.7741116751269,17.633928571428573,60.120558375634516,36.869872869833216,896
ultradata,50,French,3,10.038610038610038,46.697300402067775,11.38996138996139,50.25847214244687,29.59608599327152,518
ultradata,50,Hindi,3,3.213610586011342,31.626336522228474,3.402646502835539,33.145751266178955,17.847086219313578,529
ultradata,50,Italian,3,6.085192697768763,43.65513054037644,8.924949290060852,46.44808743169399,26.278339989975013,493
ultradata,50,Portuguese,3,7.442748091603053,44.627629334849345,10.114503816793894,47.75440591245025,27.484821788924137,524
ultradata,50,Russian,3,3.3009708737864076,36.76896352055588,4.466019417475728,40.12738853503185,21.165835586712465,515
ultradata,50,Spanish,3,10.465116279069768,50.17261219792865,14.34108527131783,53.33716915995397,32.07899572706756,516
ultradata,60,Chinese,1,59.25110132158591,66.22950819672131,61.8942731277533,68.68852459016394,64.01585180905612,454
ultradata,60,English,1,53.90625,64.55882352941177,57.142857142857146,68.38235294117646,60.99757090336134,896
ultradata,60,French,1,49.61389961389961,55.46099290780142,53.86100386100386,59.148936170212764,54.52120813822941,518
ultradata,60,Hindi,1,31.56899810964083,40.333796940194716,36.48393194706994,45.06258692628651,38.362328480798,529
ultradata,60,Italian,1,44.827586206896555,52.9500756429652,49.29006085192698,57.337367624810895,51.10127258164991,493
ultradata,60,Portuguese,1,49.61832061068702,55.836849507735586,54.00763358778626,60.19690576652602,54.914927368183726,524
ultradata,60,Russian,1,41.55339805825243,49.92826398852224,46.019417475728154,54.23242467718795,47.93337604992269,515
ultradata,60,Spanish,1,52.325581395348834,59.91501416430595,56.58914728682171,64.30594900849859,58.28392296374377,516
ultradata,60,Chinese,2,32.37885462555066,60.432330827067666,37.00440528634361,63.909774436090224,48.43134129376304,454
ultradata,60,English,2,29.910714285714285,61.61347517730496,35.714285714285715,65.60283687943263,48.2103280141844,896
ultradata,60,French,2,20.656370656370655,50.776778413736714,24.324324324324323,54.210956663941126,37.4921075145932,518
ultradata,60,Hindi,2,10.01890359168242,37.01923076923077,11.720226843100189,39.1025641025641,24.46523132664437,529
ultradata,60,Italian,2,20.28397565922921,49.30675909878683,24.543610547667342,52.85961871750433,36.74849100579693,493
ultradata,60,Portuguese,2,18.893129770992367,48.825910931174086,22.328244274809162,52.14574898785425,35.54825849120746,524
ultradata,60,Russian,2,10.87378640776699,37.788778877887786,13.20388349514563,41.336633663366335,25.800770611041685,515
ultradata,60,Spanish,2,24.8062015503876,53.51882160392799,29.069767441860463,57.283142389525366,41.16948324642536,516
ultradata,60,Chinese,3,13.43612334801762,54.6772068511199,17.180616740088105,57.971014492753625,35.816240357994815,454
ultradata,60,English,3,13.727678571428571,56.34517766497462,17.522321428571427,60.27918781725889,36.96859137055838,896
ultradata,60,French,3,7.722007722007722,45.318782309017806,9.845559845559846,48.82251579551981,27.927216418026298,518
ultradata,60,Hindi,3,1.3232514177693762,32.5267304445695,1.5122873345935728,34.38379290939786,17.43651552658258,529
ultradata,60,Italian,3,7.910750507099391,44.44444444444444,10.547667342799189,47.540983606557376,27.6109614752251,493
ultradata,60,Portuguese,3,7.633587786259542,44.34337691870381,10.305343511450381,47.583854462762936,27.466540669794167,524
ultradata,60,Russian,3,4.077669902912621,34.74232773595831,4.271844660194175,37.29009843659525,20.09548518391509,515
ultradata,60,Spanish,3,8.527131782945736,47.5258918296893,12.015503875968992,51.49597238204833,29.89112496766309,516
ultradata,70,Chinese,1,59.691629955947135,67.54098360655738,61.67400881057269,69.67213114754098,64.64468838015455,454
ultradata,70,English,1,55.691964285714285,65.58823529411765,59.70982142857143,69.63235294117646,62.65559348739496,896
ultradata,70,French,1,47.1042471042471,55.319148936170215,49.42084942084942,57.87234042553192,52.42914647169967,518
ultradata,70,Hindi,1,32.514177693761816,40.61196105702364,37.051039697542535,45.06258692628651,38.80994134365363,529
ultradata,70,Italian,1,50.10141987829615,56.42965204236006,53.54969574036511,59.60665658093797,54.92185606048982,493
ultradata,70,Portuguese,1,49.42748091603053,56.680731364275665,54.00763358778626,60.90014064697609,55.25399662876714,524
ultradata,70,Russian,1,44.271844660194176,50.9325681492109,48.15533980582524,56.09756097560975,49.86432839771002,515
ultradata,70,Spanish,1,51.35658914728682,59.20679886685552,55.81395348837209,64.02266288951841,57.600001098008214,516
ultradata,70,Chinese,2,30.176211453744493,61.74812030075188,34.140969162995596,64.75563909774436,47.70523500380908,454
ultradata,70,English,2,30.133928571428573,60.195035460992905,36.71875,65.15957446808511,48.05182212512665,896
ultradata,70,French,2,21.814671814671815,52.16680294358136,25.482625482625483,55.437448896156994,38.725387284258915,518
ultradata,70,Hindi,2,7.939508506616257,33.41346153846154,9.640831758034027,35.49679487179487,21.622649168726674,529
ultradata,70,Italian,2,25.15212981744422,52.07972270363951,27.586206896551722,54.679376083188906,39.87435887520609,493
ultradata,70,Portuguese,2,25.572519083969464,52.71255060728745,29.198473282442748,56.68016194331984,41.04092622925487,524
ultradata,70,Russian,2,12.427184466019417,40.18151815181518,14.951456310679612,43.646864686468646,27.801755903745715,515
ultradata,70,Spanish,2,24.41860465116279,53.84615384615385,28.875968992248062,57.61047463175123,41.187800530328985,516
ultradata,70,Chinese,3,11.45374449339207,55.27009222661397,14.977973568281937,58.62977602108037,35.08289657734208,454
ultradata,70,English,3,13.839285714285714,55.203045685279186,18.080357142857142,59.73984771573604,36.71563406453952,896
ultradata,70,French,3,9.073359073359073,45.605973578403216,10.424710424710424,48.70763928776565,28.45292059105959,518
ultradata,70,Hindi,3,1.5122873345935728,30.951041080472706,2.0793950850661624,32.69555430500844,16.80956945128522,529
ultradata,70,Italian,3,8.519269776876268,46.933819064966606,11.359026369168356,49.848208864602306,29.165081018903383,493
ultradata,70,Portuguese,3,10.305343511450381,46.84479818078454,13.740458015267176,50.71063104036384,30.400307686966485,524
ultradata,70,Russian,3,4.660194174757281,35.437174290677476,5.631067961165049,38.969310943833236,21.17443684260826,515
ultradata,70,Spanish,3,11.24031007751938,51.208285385500574,13.372093023255815,54.660529344073645,32.62030445758735,516
ultradata,80,Chinese,1,55.72687224669603,63.442622950819676,59.030837004405285,67.04918032786885,61.31237813244746,454
ultradata,80,English,1,57.700892857142854,68.67647058823529,61.38392857142857,71.69117647058823,64.86311712184873,896
ultradata,80,French,1,48.648648648648646,56.45390070921986,51.737451737451735,60.141843971631204,54.24546126673786,518
ultradata,80,Hindi,1,34.97164461247637,43.5326842837274,38.18525519848771,46.59248956884562,40.82051841588427,529
ultradata,80,Italian,1,46.0446247464503,53.25264750378215,50.50709939148073,57.337367624810895,51.78543481663102,493
ultradata,80,Portuguese,1,52.29007633587786,58.50914205344585,55.725190839694655,62.30661040787623,57.20775490922365,524
ultradata,80,Russian,1,43.689320388349515,51.21951219512195,48.15533980582524,56.09756097560975,49.79043334122662,515
ultradata,80,Spanish,1,52.325581395348834,60.05665722379604,55.62015503875969,63.73937677053824,57.9354426071107,516
ultradata,80,Chinese,2,29.07488986784141,58.55263157894737,33.480176211453745,62.03007518796993,45.78444321155311,454
ultradata,80,English,2,30.580357142857142,62.4113475177305,35.379464285714285,65.69148936170212,48.51566457700101,896
ultradata,80,French,2,22.77992277992278,52.16680294358136,26.833976833976834,55.437448896156994,39.30453786340949,518
ultradata,80,Hindi,2,8.128544423440454,35.73717948717949,9.073724007561436,37.82051282051282,22.689990184673547,529
ultradata,80,Italian,2,24.137931034482758,52.512998266897746,26.572008113590265,55.45927209705373,39.67055237800612,493
ultradata,80,Portuguese,2,23.47328244274809,51.093117408906885,26.908396946564885,54.81781376518219,39.07315264085051,524
ultradata,80,Russian,2,13.980582524271844,39.851485148514854,16.116504854368934,43.15181518151815,28.275096927168445,515
ultradata,80,Spanish,2,28.68217054263566,55.810147299509005,31.782945736434108,59.00163666121113,43.81922505994748,516
ultradata,80,Chinese,3,13.876651982378855,55.13833992094862,18.281938325991188,58.82740447957839,36.53108367722426,454
ultradata,80,English,3,14.955357142857142,56.18654822335025,19.196428571428573,60.120558375634516,37.614723078317624,896
ultradata,80,French,3,8.494208494208495,45.835726593911545,9.45945945945946,49.10970706490523,28.224775403121182,518
ultradata,80,Hindi,3,1.7013232514177694,31.570061902082163,2.0793950850661624,33.70849746764209,17.264819426552044,529
ultradata,80,Italian,3,8.316430020283976,45.3551912568306,11.359026369168356,49.36247723132969,28.598281219403155,493
ultradata,80,Portuguese,3,9.923664122137405,45.19613416714042,11.83206106870229,48.152359295054005,28.77605466325853,524
ultradata,80,Russian,3,3.6893203883495147,37.92704111175449,4.271844660194175,41.1696583671106,21.764466131852195,515
ultradata,80,Spanish,3,9.883720930232558,48.96432681242808,12.4031007751938,52.186421173762945,30.859392422904346,516
ultradata,90,Chinese,1,60.5726872246696,67.70491803278688,64.09691629955947,70.98360655737704,65.83953202859824,454
ultradata,90,English,1,56.25,65.36764705882354,60.267857142857146,69.04411764705883,62.73240546218488,896
ultradata,90,French,1,48.84169884169884,55.88652482269504,53.66795366795367,59.858156028368796,54.563583340179086,518
ultradata,90,Hindi,1,34.593572778827976,43.25452016689847,37.996219281663514,47.14881780250348,40.74828250747336,529
ultradata,90,Italian,1,44.62474645030426,52.496217851739786,47.870182555780936,56.27836611195159,50.31737824244414,493
ultradata,90,Portuguese,1,52.48091603053435,59.07172995780591,55.916030534351144,62.447257383966246,57.47898347666441,524
ultradata,90,Russian,1,42.33009708737864,50.78909612625538,46.213592233009706,55.38020086083214,48.678246576868965,515
ultradata,90,Spanish,1,52.51937984496124,58.640226628895185,56.78294573643411,62.74787535410765,57.67260689109955,516
ultradata,90,Chinese,2,31.718061674008812,60.6203007518797,37.00440528634361,64.00375939849624,48.33663177768209,454
ultradata,90,English,2,33.370535714285715,62.18971631205674,38.169642857142854,66.22340425531915,49.98832478470111,896
ultradata,90,French,2,21.042471042471043,51.92150449713819,25.096525096525095,55.682747342600166,38.435811994683625,518
ultradata,90,Hindi,2,10.775047258979207,35.73717948717949,11.909262759924385,37.82051282051282,24.060500581648974,529
ultradata,90,Italian,2,20.892494929006084,50.86655112651646,24.949290060851926,53.89948006932409,37.65195404642464,493
ultradata,90,Portuguese,2,21.946564885496183,50.688259109311744,25.763358778625953,54.25101214574899,38.162298729795715,524
ultradata,90,Russian,2,11.844660194174757,38.86138613861386,13.592233009708737,42.244224422442244,26.6356259412349,515
ultradata,90,Spanish,2,30.03875968992248,56.05564648117839,34.49612403100775,59.16530278232406,44.93895824610817,516
ultradata,90,Chinese,3,11.45374449339207,55.665349143610015,15.198237885462555,58.76152832674572,35.26971496230259,454
ultradata,90,English,3,15.736607142857142,56.09137055837564,20.647321428571427,60.59644670050761,38.26793645757795,896
ultradata,90,French,3,10.231660231660232,47.32912119471568,12.355212355212355,50.66053991958645,30.14413342529368,518
ultradata,90,Hindi,3,1.3232514177693762,31.96398424310636,1.7013232514177694,33.258300506471585,17.06171485469127,529
ultradata,90,Italian,3,8.113590263691684,45.59805707346691,10.547667342799189,48.451730418943534,28.17776127472533,493
ultradata,90,Portuguese,3,8.587786259541986,45.42353610005685,10.49618320610687,49.23251847640705,28.43500601052819,524
ultradata,90,Russian,3,3.1067961165048543,35.610885929357266,3.883495145631068,38.332368268674,20.2333863650418,515
ultradata,90,Spanish,3,11.24031007751938,50.115074798619105,14.147286821705427,53.33716915995397,32.209960214449474,516
ultradata,100,Chinese,1,56.607929515418505,64.91803278688525,59.47136563876652,67.8688524590164,62.21654510002167,454
ultradata,100,English,1,52.79017857142857,65.22058823529412,56.58482142857143,68.67647058823529,60.81801470588235,896
ultradata,100,French,1,49.80694980694981,57.304964539007095,52.316602316602314,59.716312056737586,54.7862071798242,518
ultradata,100,Hindi,1,32.70321361058601,40.19471488178025,36.10586011342155,43.5326842837274,38.1341182223788,529
ultradata,100,Italian,1,46.45030425963489,53.55521936459909,49.89858012170385,56.732223903177,51.65908191227871,493
ultradata,100,Portuguese,1,47.900763358778626,54.9929676511955,51.908396946564885,59.07172995780591,53.46846447858623,524
ultradata,100,Russian,1,45.8252427184466,53.37159253945481,48.932038834951456,57.10186513629842,51.30768480728782,515
ultradata,100,Spanish,1,52.906976744186046,60.623229461756374,57.55813953488372,64.73087818696884,58.954805981948745,516
ultradata,100,Chinese,2,29.515418502202643,59.68045112781955,33.70044052863436,63.1578947368421,46.513551223874664,454
ultradata,100,English,2,30.580357142857142,61.08156028368794,36.495535714285715,64.98226950354609,48.28493066109422,896
ultradata,100,French,2,23.745173745173744,51.92150449713819,27.606177606177607,55.51921504497138,39.69801772336523,518
ultradata,100,Hindi,2,8.128544423440454,33.57371794871795,9.262759924385634,35.49679487179487,21.615454292084728,529
ultradata,100,Italian,2,21.703853955375255,50.86655112651646,25.15212981744422,53.89948006932409,37.90550374216501,493
ultradata,100,Portuguese,2,20.610687022900763,50.364372469635626,24.61832061068702,53.84615384615385,37.35988348734431,524
ultradata,100,Russian,2,12.427184466019417,39.521452145214525,14.174757281553399,42.491749174917494,27.15378576692621,515
ultradata,100,Spanish,2,29.844961240310077,57.85597381342062,34.49612403100775,60.88379705400982,45.770214034687065,516
ultradata,100,Chinese,3,11.894273127753303,55.533596837944664,15.198237885462555,59.09090909090909,35.429254235517405,454
ultradata,100,English,3,14.732142857142858,55.203045685279186,19.084821428571427,59.51776649746193,37.13444411711385,896
ultradata,100,French,3,7.142857142857143,46.410109132682365,9.652509652509652,49.45433658816772,28.16495312905422,518
ultradata,100,Hindi,3,1.1342155009451795,30.388294879009567,1.3232514177693762,32.02025886325267,16.2165051652442,529
ultradata,100,Italian,3,9.127789046653144,46.32665452337584,11.156186612576064,50.27322404371585,29.220963556580223,493
ultradata,100,Portuguese,3,8.587786259541986,46.219442865264355,10.687022900763358,49.28936895963616,28.695905246301464,524
ultradata,100,Russian,3,3.883495145631068,37.11638679791546,4.466019417475728,39.49044585987261,21.239086805223717,515
ultradata,100,Spanish,3,11.046511627906977,49.82738780207135,14.34108527131783,53.39470655926352,32.15242281513992,516
ultradata,110,Chinese,1,55.947136563876654,64.26229508196721,59.25110132158591,67.54098360655738,61.75037914349679,454
ultradata,110,English,1,58.92857142857143,67.42647058823529,62.611607142857146,71.3970588235294,65.09092699579831,896
ultradata,110,French,1,46.91119691119691,54.46808510638298,50.0,58.156028368794324,52.383827596593555,518
ultradata,110,Hindi,1,34.593572778827976,41.1682892906815,37.80718336483932,44.50625869262865,39.51882603174436,529
ultradata,110,Italian,1,45.030425963488845,53.10136157337367,49.49290060851927,57.337367624810895,51.24051394254817,493
ultradata,110,Portuguese,1,49.80916030534351,57.24331926863572,53.05343511450382,60.33755274261603,55.110866857774774,524
ultradata,110,Russian,1,42.52427184466019,50.21520803443329,45.24271844660194,53.9454806312769,47.98191973924308,515
ultradata,110,Spanish,1,54.84496124031008,62.18130311614731,59.10852713178294,66.43059490084985,60.641346597272545,516
ultradata,110,Chinese,2,29.515418502202643,58.64661654135338,33.03964757709251,61.65413533834587,45.7139544897486,454
ultradata,110,English,2,34.486607142857146,63.12056737588652,39.84375,66.88829787234043,51.08480559777102,896
ultradata,110,French,2,25.28957528957529,53.14799672935405,28.571428571428573,56.41864268192968,40.856910818071896,518
ultradata,110,Hindi,2,8.31758034026465,34.69551282051282,9.45179584120983,37.25961538461539,22.431126096650672,529
ultradata,110,Italian,2,21.906693711967545,51.81975736568457,24.137931034482758,54.41941074523397,38.07094821434221,493
ultradata,110,Portuguese,2,22.709923664122137,51.902834008097166,27.862595419847327,55.38461538461539,39.4649921191705,524
ultradata,110,Russian,2,12.233009708737864,39.76897689768977,13.20388349514563,43.15181518151815,27.089421320772853,515
ultradata,110,Spanish,2,29.26356589147287,56.54664484451718,34.883720930232556,60.55646481178396,45.31259911950164,516
ultradata,110,Chinese,3,13.43612334801762,54.940711462450594,16.29955947136564,57.70750988142292,35.59597604081419,454
ultradata,110,English,3,16.517857142857142,57.17005076142132,21.986607142857142,61.57994923857868,39.31361607142857,896
ultradata,110,French,3,9.845559845559846,46.869615163699024,11.96911196911197,49.97128087306146,29.663891962858074,518
ultradata,110,Hindi,3,2.0793950850661624,30.83849184018008,2.4574669187145557,32.639279684862124,17.00365838220573,529
ultradata,110,Italian,3,9.330628803245435,46.50880388585307,11.561866125760648,49.18032786885246,29.145406670927905,493
ultradata,110,Portuguese,3,10.49618320610687,47.01534963047186,12.977099236641221,50.31267765776009,30.20032743274501,524
ultradata,110,Russian,3,4.466019417475728,36.18992472495657,5.048543689320389,39.027214823393166,21.182925663786463,515
ultradata,110,Spanish,3,11.821705426356589,50.74798619102417,16.085271317829456,54.54545454545455,33.30010437016619,516
ultradata,120,Chinese,1,53.30396475770925,63.278688524590166,57.268722466960355,66.72131147540983,60.1431718061674,454
ultradata,120,English,1,56.69642857142857,67.3529411764706,60.15625,71.1029411764706,63.82714023109244,896
ultradata,120,French,1,48.84169884169884,56.170212765957444,51.737451737451735,59.290780141843975,54.010035871738,518
ultradata,120,Hindi,1,32.70321361058601,41.307371349095966,35.16068052930057,43.94993045897079,38.280298986988335,529
ultradata,120,Italian,1,47.26166328600406,54.61422087745839,51.11561866125761,58.09379727685325,52.771325025393324,493
ultradata,120,Portuguese,1,51.14503816793893,58.08720112517581,54.00763358778626,61.18143459915612,56.10532687001428,524
ultradata,120,Russian,1,45.63106796116505,53.37159253945481,47.76699029126213,56.67144906743185,50.86027496482846,515
ultradata,120,Spanish,1,54.457364341085274,60.76487252124646,58.52713178294574,65.43909348441926,59.797115532424186,516
ultradata,120,Chinese,2,29.515418502202643,60.526315789473685,35.4625550660793,64.66165413533835,47.541485873273494,454
ultradata,120,English,2,31.138392857142858,62.5886524822695,37.5,66.71099290780141,49.48450956180344,896
ultradata,120,French,2,22.393822393822393,51.51267375306623,26.64092664092664,54.94685200327065,38.873568697771475,518
ultradata,120,Hindi,2,9.262759924385634,34.53525641025641,9.829867674858223,36.29807692307692,22.481490233144296,529
ultradata,120,Italian,2,23.32657200811359,50.86655112651646,27.18052738336714,54.41941074523397,38.94826531580779,493
ultradata,120,Portuguese,2,21.564885496183205,51.74089068825911,25.19083969465649,55.38461538461539,38.47030781592855,524
ultradata,120,Russian,2,14.563106796116505,41.99669966996699,16.116504854368934,45.21452145214521,29.472708193149412,515
ultradata,120,Spanish,2,26.162790697674417,57.283142389525366,31.589147286821706,60.72013093289689,43.9388028267296,516
ultradata,120,Chinese,3,12.334801762114537,55.665349143610015,16.29955947136564,58.76152832674572,35.765309675958974,454
ultradata,120,English,3,14.397321428571429,55.076142131979694,19.977678571428573,60.21573604060914,37.41671954314721,896
ultradata,120,French,3,7.142857142857143,45.491097070649055,9.652509652509652,48.76507754164273,27.762885351914644,518
ultradata,120,Hindi,3,2.0793950850661624,30.782217220033765,2.268431001890359,32.751828925154754,16.97046805803626,529
ultradata,120,Italian,3,9.939148073022313,46.387370977534914,12.170385395537526,49.96964177292046,29.616636554753804,493
ultradata,120,Portuguese,3,9.351145038167939,45.8214894826606,11.259541984732824,49.516770892552586,28.987236849528486,524
ultradata,120,Russian,3,3.883495145631068,38.506079907353794,5.048543689320389,41.86450492182976,22.325655916033753,515
ultradata,120,Spanish,3,8.914728682170542,49.48216340621404,11.821705426356589,53.22209436133487,30.86017296901901,516
ultradata,130,Chinese,1,59.030837004405285,66.88524590163935,61.8942731277533,69.34426229508196,64.28865458221998,454
ultradata,130,English,1,58.14732142857143,68.52941176470588,60.49107142857143,70.88235294117646,64.5125393907563,896
ultradata,130,French,1,49.61389961389961,57.730496453900706,53.47490347490348,61.13475177304964,55.48851282893836,518
ultradata,130,Hindi,1,32.70321361058601,41.863699582753824,35.53875236294896,44.78442280945758,38.722522091436595,529
ultradata,130,Italian,1,45.233265720081135,52.79878971255673,49.89858012170385,57.488653555219365,51.35482227739027,493
ultradata,130,Portuguese,1,49.23664122137404,55.9774964838256,52.86259541984733,60.056258790436004,54.53324797887075,524
ultradata,130,Russian,1,43.10679611650485,50.07173601147776,46.407766990291265,53.9454806312769,48.38294493738769,515
ultradata,130,Spanish,1,53.29457364341085,60.198300283286116,56.97674418604651,63.73937677053824,58.55224872082043,516
ultradata,130,Chinese,2,35.242290748898675,63.62781954887218,42.290748898678416,67.95112781954887,52.27799675399954,454
ultradata,130,English,2,31.473214285714285,62.5,37.05357142857143,66.09042553191489,49.27930281155015,896
ultradata,130,French,2,24.131274131274132,52.657399836467704,28.37837837837838,56.17334423548651,40.335099145401685,518
ultradata,130,Hindi,2,8.88468809073724,34.13461538461539,10.396975425330814,36.69871794871795,22.52874921235035,529
ultradata,130,Italian,2,26.36916835699797,53.11958405545927,30.831643002028397,56.932409012131714,41.81320110665434,493
ultradata,130,Portuguese,2,21.946564885496183,51.336032388663966,25.763358778625953,55.54655870445344,38.648128689309885,524
ultradata,130,Russian,2,10.87378640776699,38.53135313531353,13.398058252427184,41.584158415841586,26.09683905283732,515
ultradata,130,Spanish,2,24.41860465116279,54.4189852700491,29.26356589147287,58.10147299509001,41.55065720194369,516
ultradata,130,Chinese,3,15.198237885462555,58.30039525691699,20.26431718061674,61.98945981554677,38.93810253463577,454
ultradata,130,English,3,14.397321428571429,56.598984771573605,18.415178571428573,60.881979695431475,37.573366116751274,896
ultradata,130,French,3,7.335907335907336,45.893164847788626,9.45945945945946,49.74152785755313,28.107514875177138,518
ultradata,130,Hindi,3,1.7013232514177694,29.769274057400114,1.890359168241966,31.176139561057962,16.134274009529452,529
ultradata,130,Italian,3,8.924949290060852,46.994535519125684,10.547667342799189,50.27322404371585,29.185094048925393,493
ultradata,130,Portuguese,3,9.16030534351145,46.958499147242755,10.687022900763358,49.630471859010804,29.10907481263209,524
ultradata,130,Russian,3,3.495145631067961,36.18992472495657,4.077669902912621,39.027214823393166,20.69748877058258,515
ultradata,130,Spanish,3,10.271317829457365,49.42462600690449,13.75968992248062,53.85500575373993,31.827659878145603,516
ultradata,140,Chinese,1,60.13215859030837,67.70491803278688,62.11453744493392,69.50819672131148,64.86495269733516,454
ultradata,140,English,1,56.138392857142854,65.73529411764706,59.598214285714285,69.8529411764706,62.8312106092437,896
ultradata,140,French,1,47.1042471042471,54.8936170212766,50.965250965250966,59.148936170212764,53.02801281524685,518
ultradata,140,Hindi,1,32.70321361058601,40.61196105702364,36.294896030245745,44.22809457579972,38.459541318413784,529
ultradata,140,Italian,1,46.85598377281947,53.85779122541604,48.478701825557806,56.42965204236006,51.40553221653835,493
ultradata,140,Portuguese,1,49.045801526717554,57.10267229254571,52.86259541984733,60.61884669479606,54.907478983476665,524
ultradata,140,Russian,1,47.37864077669903,55.95408895265423,50.87378640776699,60.11477761836442,53.58032343887117,515
ultradata,140,Spanish,1,51.93798449612403,60.05665722379604,55.62015503875969,63.59773371104816,57.80313261743198,516
ultradata,140,Chinese,2,31.938325991189426,60.432330827067666,37.88546255506608,64.28571428571429,48.63545841475936,454
ultradata,140,English,2,35.379464285714285,64.09574468085107,40.95982142857143,68.08510638297872,52.130034194528875,896
ultradata,140,French,2,22.77992277992278,52.085036794766964,27.22007722007722,56.74570727718724,39.70768601798855,518
ultradata,140,Hindi,2,8.31758034026465,35.33653846153846,10.01890359168242,37.90064102564103,22.89341585478164,529
ultradata,140,Italian,2,21.50101419878296,50.0,25.15212981744422,53.81282495667244,37.616492243224904,493
ultradata,140,Portuguese,2,22.519083969465647,50.688259109311744,26.33587786259542,54.5748987854251,38.52952993169948,524
ultradata,140,Russian,2,12.815533980582524,40.67656765676568,15.339805825242719,44.801980198019805,28.40847191515268,515
ultradata,140,Spanish,2,26.550387596899224,55.810147299509005,30.426356589147286,59.16530278232406,42.988048566969894,516
ultradata,140,Chinese,3,12.775330396475772,55.599472990777336,17.621145374449338,59.683794466403164,36.419935807026405,454
ultradata,140,English,3,15.066964285714286,58.28045685279188,21.428571428571427,62.72208121827411,39.37451844633792,896
ultradata,140,French,3,8.88030888030888,47.55887421022401,11.583011583011583,51.92418150488225,29.98659404460668,518
ultradata,140,Hindi,3,2.268431001890359,32.07653348339899,2.4574669187145557,33.82104670793472,17.655869527984656,529
ultradata,140,Italian,3,8.72210953346856,45.71948998178507,11.561866125760648,49.301760777170614,28.82630660454622,493
ultradata,140,Portuguese,3,11.450381679389313,47.86810687890847,13.740458015267176,50.76748152359295,30.956607024289475,524
ultradata,140,Russian,3,3.6893203883495147,36.47944412275623,4.854368932038835,39.20092646207296,21.056014976304382,515
ultradata,140,Spanish,3,11.434108527131784,50.115074798619105,14.922480620155039,53.33716915995397,32.45220827646497,516
ultradata,150,Chinese,1,58.370044052863435,66.72131147540983,61.23348017621145,69.01639344262296,63.83530728677692,454
ultradata,150,English,1,59.263392857142854,68.97058823529412,63.950892857142854,72.57352941176471,66.18960084033614,896
ultradata,150,French,1,49.034749034749034,55.319148936170215,52.316602316602314,59.43262411347518,54.02578110024918,518
ultradata,150,Hindi,1,33.0812854442344,42.00278164116829,35.72778827977316,44.78442280945758,38.89906954365836,529
ultradata,150,Italian,1,45.63894523326572,54.00907715582451,49.29006085192698,57.03479576399395,51.49321975125279,493
ultradata,150,Portuguese,1,48.66412213740458,56.118143459915615,53.2442748091603,60.75949367088607,54.69650851934164,524
ultradata,150,Russian,1,46.213592233009706,54.23242467718795,49.70873786407767,57.96269727403156,52.02936301207672,515
ultradata,150,Spanish,1,54.06976744186046,62.039660056657226,58.333333333333336,66.43059490084985,60.21833893317522,516
ultradata,150,Chinese,2,30.616740088105725,60.6203007518797,36.34361233480176,64.00375939849624,47.89610314332086,454
ultradata,150,English,2,34.486607142857146,64.36170212765957,40.401785714285715,68.12943262411348,51.84488190222898,896
ultradata,150,French,2,23.55212355212355,51.59443990188062,27.027027027027028,55.19215044971382,39.34143523268625,518
ultradata,150,Hindi,2,9.640831758034027,35.33653846153846,10.58601134215501,36.77884615384615,23.08555692889341,529
ultradata,150,Italian,2,23.123732251521297,51.646447140381284,26.97768762677485,55.19930675909879,39.236793444444054,493
ultradata,150,Portuguese,2,21.374045801526716,50.850202429149796,24.80916030534351,54.33198380566802,37.84134808542201,524
ultradata,150,Russian,2,13.980582524271844,41.254125412541256,15.922330097087379,44.884488448844884,29.010381620686342,515
ultradata,150,Spanish,2,27.51937984496124,55.97381342062193,33.13953488372093,60.39279869067103,44.25638170999378,516
ultradata,150,Chinese,3,13.215859030837004,55.33596837944664,17.180616740088105,59.025032938076414,36.18936927211204,454
ultradata,150,English,3,18.080357142857142,59.70812182741117,22.767857142857142,63.42005076142132,40.9940967186367,896
ultradata,150,French,3,9.45945945945946,47.214244686961514,11.583011583011583,49.85640436530729,29.528280023684964,518
ultradata,150,Hindi,3,2.268431001890359,30.951041080472706,2.835538752362949,32.35790658413056,17.103229354714145,529
ultradata,150,Italian,3,7.099391480730223,44.44444444444444,8.519269776876268,47.540983606557376,26.901022327152077,493
ultradata,150,Portuguese,3,10.114503816793894,46.16259238203525,12.213740458015268,49.34621944286526,29.459264024927418,524
ultradata,150,Russian,3,4.466019417475728,37.23219455703532,5.631067961165049,40.76433121019108,22.023403286466795,515
ultradata,150,Spanish,3,11.046511627906977,50.05753739930955,13.953488372093023,53.79746835443038,32.21375143843498,516
ultradata,160,Chinese,1,58.590308370044056,66.72131147540983,62.55506607929515,70.1639344262295,64.50765508774464,454
ultradata,160,English,1,59.263392857142854,68.75,62.16517857142857,71.3970588235294,65.39390756302521,896
ultradata,160,French,1,45.75289575289575,53.47517730496454,49.80694980694981,57.4468085106383,51.6204578438621,518
ultradata,160,Hindi,1,30.056710775047257,38.108484005563284,34.02646502835539,42.280945757997216,36.11815139174079,529
ultradata,160,Italian,1,45.030425963488845,53.40393343419062,49.087221095334684,57.03479576399395,51.13909406425202,493
ultradata,160,Portuguese,1,47.51908396946565,55.13361462728551,52.29007633587786,60.61884669479606,53.890405406856274,524
ultradata,160,Russian,1,45.04854368932039,52.94117647058823,48.54368932038835,56.3845050215208,50.72947862545445,515
ultradata,160,Spanish,1,50.58139534883721,58.78186968838527,54.457364341085274,62.46458923512748,56.57130465335881,516
ultradata,160,Chinese,2,34.140969162995596,62.59398496240601,40.52863436123348,66.44736842105263,50.92773922692193,454
ultradata,160,English,2,37.05357142857143,65.2482269503546,42.857142857142854,69.28191489361703,53.61021403242148,896
ultradata,160,French,2,22.972972972972972,51.676206050695015,25.482625482625483,54.865085854456254,38.74922259018743,518
ultradata,160,Hindi,2,8.31758034026465,34.93589743589744,9.640831758034027,36.69871794871795,22.398256870728517,529
ultradata,160,Italian,2,20.892494929006084,51.99306759098787,25.963488843813387,56.32582322357019,38.79371864684438,493
ultradata,160,Portuguese,2,21.755725190839694,50.931174089068826,25.38167938931298,55.465587044534416,38.38354142843898,524
ultradata,160,Russian,2,12.815533980582524,38.943894389438945,13.78640776699029,41.584158415841586,26.782498638213337,515
ultradata,160,Spanish,2,27.713178294573645,56.219312602291325,32.751937984496124,60.638297872340424,44.33068168842538,516
ultradata,160,Chinese,3,12.334801762114537,55.13833992094862,16.29955947136564,58.69565217391305,35.61708833208546,454
ultradata,160,English,3,18.303571428571427,58.88324873096447,23.102678571428573,62.9758883248731,40.81634676395939,896
ultradata,160,French,3,8.301158301158301,46.697300402067775,11.196911196911197,50.60310166570936,29.199617891461656,518
ultradata,160,Hindi,3,1.7013232514177694,30.951041080472706,2.0793950850661624,32.1328081035453,16.716141880125484,529
ultradata,160,Italian,3,6.896551724137931,46.44808743169399,10.141987829614605,50.09107468123862,28.394425416671286,493
ultradata,160,Portuguese,3,9.923664122137405,47.69755542922115,12.786259541984732,51.335986355884025,30.435866362306825,524
ultradata,160,Russian,3,3.6893203883495147,36.4215402431963,5.631067961165049,39.664157498552406,21.351521522815816,515
ultradata,160,Spanish,3,10.077519379844961,50.74798619102417,12.015503875968992,54.487917146144994,31.83223164824578,516
ultradata,170,Chinese,1,57.48898678414097,65.08196721311475,59.691629955947135,66.88524590163935,62.28695746371055,454
ultradata,170,English,1,55.691964285714285,66.61764705882354,58.25892857142857,69.26470588235294,62.45831144957983,896
ultradata,170,French,1,49.42084942084942,56.02836879432624,51.737451737451735,58.86524822695036,54.012979544894435,518
ultradata,170,Hindi,1,32.89224952741021,40.055632823365784,36.67296786389414,44.50625869262865,38.531777226824694,529
ultradata,170,Italian,1,45.63894523326572,51.73978819969743,48.88438133874239,55.52193645990923,50.44626280790369,493
ultradata,170,Portuguese,1,50.76335877862596,57.52461322081575,55.534351145038165,61.60337552742616,56.35642466797651,524
ultradata,170,Russian,1,45.24271844660194,53.9454806312769,49.12621359223301,58.24964131994261,51.64101349751361,515
ultradata,170,Spanish,1,55.81395348837209,62.32294617563739,60.46511627906977,67.13881019830028,61.43520653534488,516
ultradata,170,Chinese,2,31.938325991189426,63.62781954887218,38.32599118942731,66.9172932330827,50.2023574906429,454
ultradata,170,English,2,34.151785714285715,64.00709219858156,38.950892857142854,67.81914893617021,51.23222992654509,896
ultradata,170,French,2,23.166023166023166,52.49386753883892,26.833976833976834,55.764513491414554,39.56459525756337,518
ultradata,170,Hindi,2,8.88468809073724,33.17307692307692,10.207939508506616,35.256410256410255,21.88052869468276,529
ultradata,170,Italian,2,23.732251521298174,52.68630849220104,27.383367139959432,55.892547660311955,39.92361870344265,493
ultradata,170,Portuguese,2,23.85496183206107,53.68421052631579,27.290076335877863,57.00404858299595,40.458324319312666,524
ultradata,170,Russian,2,13.980582524271844,41.74917491749175,16.310679611650485,44.884488448844884,29.23123137556474,515
ultradata,170,Spanish,2,27.325581395348838,56.46481178396072,32.945736434108525,60.96563011456629,44.425439931996095,516
ultradata,170,Chinese,3,12.334801762114537,56.98287220026351,16.740088105726873,60.60606060606061,36.66595566854138,454
ultradata,170,English,3,17.075892857142858,58.21700507614213,20.758928571428573,62.151015228426395,39.55071043328499,896
ultradata,170,French,3,9.266409266409266,46.122917863296955,10.424710424710424,49.5117748420448,28.83145309911536,518
ultradata,170,Hindi,3,1.7013232514177694,30.275745638716938,1.890359168241966,32.1328081035453,16.500059040480494,529
ultradata,170,Italian,3,8.519269776876268,45.233758348512445,10.75050709939148,48.02671523983,28.132562616152548,493
ultradata,170,Portuguese,3,10.687022900763358,47.583854462762936,13.16793893129771,51.847640704945995,30.8216142499425,524
ultradata,170,Russian,3,4.077669902912621,37.75332947307469,4.660194174757281,41.28546612623046,21.944164919243764,515
ultradata,170,Spanish,3,10.65891472868217,52.761795166858455,13.178294573643411,56.386651323360184,33.24641394813605,516
ultradata,180,Chinese,1,61.013215859030836,68.0327868852459,62.99559471365639,69.8360655737705,65.4694157579259,454
ultradata,180,English,1,54.910714285714285,65.29411764705883,59.70982142857143,69.70588235294117,62.40513392857143,896
ultradata,180,French,1,50.38610038610039,57.5886524822695,54.054054054054056,60.709219858156025,55.68450669514499,518
ultradata,180,Hindi,1,34.215500945179585,43.11543810848401,37.61814744801512,46.87065368567455,40.454935046838315,529
ultradata,180,Italian,1,46.65314401622718,54.311649016641454,51.926977687626774,59.152798789712556,53.01114237755199,493
ultradata,180,Portuguese,1,49.61832061068702,55.836849507735586,52.86259541984733,59.353023909985936,54.41769736206397,524
ultradata,180,Russian,1,43.689320388349515,49.92826398852224,46.407766990291265,53.08464849354376,48.277499965176695,515
ultradata,180,Spanish,1,54.263565891472865,61.89801699716714,58.91472868217054,65.58073654390935,60.16426202867997,516
ultradata,180,Chinese,2,30.39647577092511,60.902255639097746,34.581497797356825,64.3796992481203,47.564982113875,454
ultradata,180,English,2,32.589285714285715,63.12056737588652,38.504464285714285,66.84397163120568,50.264572251773046,896
ultradata,180,French,2,25.096525096525095,54.210956663941126,28.764478764478763,57.48160261651676,41.38839078536544,518
ultradata,180,Hindi,2,9.073724007561436,35.09615384615385,9.829867674858223,37.09935897435897,22.77477612573312,529
ultradata,180,Italian,2,23.32657200811359,52.599653379549395,26.572008113590265,56.32582322357019,39.70601418120586,493
ultradata,180,Portuguese,2,21.374045801526716,49.878542510121456,25.38167938931298,53.60323886639676,37.55937664183948,524
ultradata,180,Russian,2,12.427184466019417,41.41914191419142,15.145631067961165,44.96699669966997,28.489738536960495,515
ultradata,180,Spanish,2,31.2015503875969,57.4468085106383,35.27131782945737,60.801963993453356,46.18041018028648,516
ultradata,180,Chinese,3,13.876651982378855,56.65349143610013,17.400881057268723,59.94729907773386,36.969580888370395,454
ultradata,180,English,3,15.625,57.83629441624365,20.982142857142858,61.86548223350254,39.077229876722264,896
ultradata,180,French,3,7.142857142857143,45.835726593911545,9.45945945945946,49.62665134979897,28.016173636506778,518
ultradata,180,Hindi,3,1.3232514177693762,31.344963421496907,1.7013232514177694,32.920652785593695,16.822547719069437,529
ultradata,180,Italian,3,7.910750507099391,47.17668488160292,10.75050709939148,50.51608986035215,29.088508087111485,493
ultradata,180,Portuguese,3,8.396946564885496,47.41330301307561,9.923664122137405,50.08527572484366,28.954797356235545,524
ultradata,180,Russian,3,4.466019417475728,38.15865662999421,5.825242718446602,41.1696583671106,22.404894283256784,515
ultradata,180,Spanish,3,11.821705426356589,50.97813578826237,14.922480620155039,54.7180667433832,33.110097144539296,516
ultradata,190,Chinese,1,59.91189427312775,67.54098360655738,64.09691629955947,71.47540983606558,65.75630100382755,454
ultradata,190,English,1,61.160714285714285,70.1470588235294,62.94642857142857,72.13235294117646,66.59663865546219,896
ultradata,190,French,1,46.91119691119691,54.751773049645394,51.351351351351354,58.86524822695036,52.96989238478601,518
ultradata,190,Hindi,1,33.83742911153119,41.02920723226704,36.86200378071834,44.50625869262865,39.058724704286305,529
ultradata,190,Italian,1,48.275862068965516,55.52193645990923,51.3184584178499,58.69894099848714,53.45379948630294,493
ultradata,190,Portuguese,1,48.282442748091604,56.962025316455694,51.717557251908396,60.33755274261603,54.324894514767934,524
ultradata,190,Russian,1,43.300970873786405,52.22381635581062,45.63106796116505,55.23672883787661,49.09814600715967,515
ultradata,190,Spanish,1,54.457364341085274,61.61473087818697,58.13953488372093,66.0056657223796,60.0543239563432,516
ultradata,190,Chinese,2,33.03964757709251,61.56015037593985,37.88546255506608,65.0375939849624,49.38071362326521,454
ultradata,190,English,2,35.044642857142854,63.519503546099294,40.066964285714285,67.02127659574468,51.41309682117528,896
ultradata,190,French,2,25.28957528957529,54.53802125919869,29.15057915057915,57.972199509403104,41.73759380218906,518
ultradata,190,Hindi,2,9.45179584120983,34.69551282051282,10.964083175803403,36.85897435897436,22.992591549125102,529
ultradata,190,Italian,2,25.35496957403651,54.766031195840554,31.23732251521298,59.098786828422874,42.61427752837823,493
ultradata,190,Portuguese,2,22.709923664122137,49.959514170040485,25.19083969465649,53.27935222672065,37.78490743888494,524
ultradata,190,Russian,2,12.03883495145631,41.006600660066006,14.563106796116505,45.04950495049505,28.164511839533468,515
ultradata,190,Spanish,2,30.03875968992248,57.283142389525366,33.52713178294574,60.147299509001634,45.249083342848806,516
ultradata,190,Chinese,3,13.876651982378855,55.599472990777336,18.281938325991188,59.22266139657444,36.745181173930455,454
ultradata,190,English,3,16.964285714285715,57.931472081218274,21.875,62.27791878172589,39.76216914430747,896
ultradata,190,French,3,10.038610038610038,49.79896611143021,13.513513513513514,53.360137851809306,31.677806878840766,518
ultradata,190,Hindi,3,2.4574669187145557,32.02025886325267,2.6465028355387523,33.65222284749578,17.69411286625044,529
ultradata,190,Italian,3,9.939148073022313,47.72313296903461,13.59026369168357,51.608986035215544,30.715382692239007,493
ultradata,190,Portuguese,3,9.923664122137405,45.594087549744174,12.213740458015268,49.34621944286526,29.269427893190528,524
ultradata,190,Russian,3,3.6893203883495147,36.82686740011581,4.077669902912621,40.12738853503185,21.180311556602447,515
ultradata,190,Spanish,3,11.821705426356589,51.438434982738784,14.534883720930232,54.77560414269275,33.14265706817959,516
ultradata,200,Chinese,1,59.030837004405285,66.72131147540983,61.45374449339207,69.18032786885246,64.09655521051491,454
ultradata,200,English,1,56.69642857142857,66.83823529411765,59.598214285714285,69.77941176470588,63.2280724789916,896
ultradata,200,French,1,48.455598455598455,55.60283687943262,53.66795366795367,60.851063829787236,54.644363208193,518
ultradata,200,Hindi,1,30.623818525519848,38.38664812239221,34.40453686200378,42.280945757997216,36.42398731697826,529
ultradata,200,Italian,1,45.63894523326572,53.70650529500757,48.275862068965516,57.03479576399395,51.16402709030819,493
ultradata,200,Portuguese,1,52.099236641221374,58.50914205344585,55.725190839694655,61.88466947960619,57.054559753492015,524
ultradata,200,Russian,1,43.300970873786405,52.08034433285509,47.18446601941748,56.52797704447633,49.77343956763383,515
ultradata,200,Spanish,1,54.457364341085274,60.05665722379604,57.36434108527132,63.172804532577906,58.76279179568263,516
ultradata,200,Chinese,2,29.07488986784141,61.278195488721806,34.140969162995596,64.66165413533835,47.28892716372429,454
ultradata,200,English,2,34.486607142857146,63.6968085106383,39.0625,67.37588652482269,51.15545054457954,896
ultradata,200,French,2,24.324324324324323,52.984464431725264,27.99227799227799,57.48160261651676,40.695667341211085,518
ultradata,200,Hindi,2,8.31758034026465,32.61217948717949,9.45179584120983,34.77564102564103,21.28929917357375,529
ultradata,200,Italian,2,22.920892494929006,51.47313691507799,26.97768762677485,54.8526863084922,39.056100836318514,493
ultradata,200,Portuguese,2,23.66412213740458,52.388663967611336,28.244274809160306,56.03238866396761,40.082362394535956,524
ultradata,200,Russian,2,13.20388349514563,41.666666666666664,14.951456310679612,44.71947194719472,28.635369604921657,515
ultradata,200,Spanish,2,29.651162790697676,56.710310965630114,33.333333333333336,60.4746317512275,45.04235971022216,516
ultradata,200,Chinese,3,12.114537444933921,55.665349143610015,15.198237885462555,59.35441370223979,35.58313454406157,454
ultradata,200,English,3,16.964285714285715,58.09010152284264,21.875,62.40482233502538,39.83355239303843,896
ultradata,200,French,3,7.528957528957529,46.582423894313614,10.617760617760618,50.89029293509477,28.904858744031632,518
ultradata,200,Hindi,3,2.6465028355387523,31.85143500281373,2.6465028355387523,33.427124366910526,17.64289126020044,529
ultradata,200,Italian,3,7.302231237322515,46.994535519125684,9.736308316430021,50.455373406193075,28.622112119767824,493
ultradata,200,Portuguese,3,8.969465648854962,45.8214894826606,11.068702290076336,48.55031267765776,28.602492524812416,524
ultradata,200,Russian,3,3.3009708737864076,36.4215402431963,4.854368932038835,39.779965257672266,21.08921132667345,515
ultradata,200,Spanish,3,11.24031007751938,48.734177215189874,14.728682170542635,52.93440736478711,31.90939420700975,516
r17b,0,Chinese,1,43.17180616740088,54.09836065573771,46.0352422907489,56.39344262295082,49.92471293420958,454
r17b,0,English,1,42.745535714285715,53.60294117647059,45.75892857142857,56.10294117647059,49.552586659663866,896
r17b,0,French,1,35.714285714285715,42.5531914893617,38.803088803088805,46.09929078014184,40.792464196719514,518
r17b,0,Hindi,1,25.330812854442343,33.379694019471486,27.22117202268431,35.744089012517385,30.41894197727888,529
r17b,0,Italian,1,32.251521298174445,39.485627836611194,34.68559837728195,42.20877458396369,37.15788052400782,493
r17b,0,Portuguese,1,37.213740458015266,42.33473980309423,40.0763358778626,45.42897327707454,41.26344735401166,524
r17b,0,Russian,1,29.902912621359224,36.872309899569586,31.45631067961165,38.88091822094692,34.278112855371845,515
r17b,0,Spanish,1,37.98449612403101,46.03399433427762,41.86046511627907,49.29178470254958,43.79268506928432,516
r17b,0,Chinese,2,24.008810572687224,52.725563909774436,25.550660792951543,54.79323308270677,39.26956708952999,454
r17b,0,English,2,21.428571428571427,53.280141843971634,26.5625,57.801418439716315,39.768157928064845,896
r17b,0,French,2,14.478764478764479,41.86426819296811,16.795366795366796,44.72608340147179,29.466120717142793,518
r17b,0,Hindi,2,5.8601134215500945,28.846153846153847,6.994328922495274,30.608974358974358,18.077392637293393,529
r17b,0,Italian,2,14.401622718052739,42.46100519930676,15.821501014198782,44.454072790294624,29.284550430463227,493
r17b,0,Portuguese,2,12.595419847328245,39.75708502024292,15.458015267175572,42.91497975708502,27.68137497295794,524
r17b,0,Russian,2,6.796116504854369,30.033003300330034,7.961165048543689,33.00330033003301,19.448396295940274,515
r17b,0,Spanish,2,19.37984496124031,46.9721767594108,22.286821705426355,50.08183306055646,34.68016912165848,516
r17b,0,Chinese,3,8.810572687224669,47.76021080368906,11.013215859030836,50.06587615283267,29.41246887569431,454
r17b,0,English,3,9.040178571428571,48.255076142131976,12.388392857142858,51.55456852791878,30.309554024655547,896
r17b,0,French,3,5.019305019305019,37.047673750717976,6.177606177606178,39.57495692130959,21.954885467234693,518
r17b,0,Hindi,3,0.5671077504725898,25.49240292628025,1.1342155009451795,27.574563871693865,13.692072512347972,529
r17b,0,Italian,3,3.0425963488843815,36.30843958712811,3.8539553752535496,38.06921675774135,20.31855201725185,493
r17b,0,Portuguese,3,4.3893129770992365,36.6117111995452,5.7251908396946565,39.511085844229676,21.55932521514219,524
r17b,0,Russian,3,1.3592233009708738,30.052113491603937,1.941747572815534,32.59988419224088,16.488242139407806,515
r17b,0,Spanish,3,6.007751937984496,41.139240506329116,7.751937984496124,44.131185270425775,24.757528924808877,516
r17b,10,Chinese,1,46.91629955947136,55.73770491803279,48.6784140969163,57.540983606557376,52.218350545244455,454
r17b,10,English,1,43.191964285714285,54.19117647058823,46.42857142857143,58.01470588235294,50.45660451680672,896
r17b,10,French,1,33.59073359073359,39.57446808510638,36.293436293436294,43.12056737588652,38.1448013362907,518
r17b,10,Hindi,1,22.68431001890359,30.737134909596662,24.196597353497165,33.10152990264256,27.679893046159997,529
r17b,10,Italian,1,33.46855983772819,40.24205748865356,36.71399594320487,42.81391830559758,38.30963289379605,493
r17b,10,Portuguese,1,35.87786259541985,43.17862165963432,40.458015267175576,47.39803094233474,41.728132616141124,524
r17b,10,Russian,1,33.20388349514563,38.020086083213776,36.116504854368934,41.1764705882353,37.12923625524091,515
r17b,10,Spanish,1,37.01550387596899,46.742209631728045,41.08527131782946,50.28328611898017,43.78156773612667,516
r17b,10,Chinese,2,21.365638766519822,52.91353383458647,24.008810572687224,55.357142857142854,38.41128150773409,454
r17b,10,English,2,21.540178571428573,53.10283687943262,26.785714285714285,57.269503546099294,39.674558320668694,896
r17b,10,French,2,15.057915057915057,39.247751430907606,17.56756756756757,42.354865085854456,28.557024785561172,518
r17b,10,Hindi,2,4.3478260869565215,27.16346153846154,5.103969754253308,28.685897435897434,16.325288703892202,529
r17b,10,Italian,2,16.430020283975658,43.58752166377816,18.052738336713997,46.360485268630846,31.107691388274667,493
r17b,10,Portuguese,2,14.312977099236642,42.83400809716599,18.51145038167939,47.20647773279352,30.716228327718888,524
r17b,10,Russian,2,8.155339805825243,30.693069306930692,9.514563106796116,33.16831683168317,20.382822262808805,515
r17b,10,Spanish,2,15.503875968992247,42.88052373158756,18.6046511627907,47.299509001636665,31.072139966251793,516
r17b,10,Chinese,3,7.709251101321586,47.03557312252964,9.030837004405287,49.143610013175234,28.229817810357936,454
r17b,10,English,3,8.147321428571429,47.620558375634516,12.053571428571429,51.52284263959391,29.83607346809282,896
r17b,10,French,3,5.019305019305019,36.58816771970132,5.984555984555985,38.77082136703044,21.59071252264819,518
r17b,10,Hindi,3,0.7561436672967864,25.604952166572875,0.945179584120983,28.137310073157007,13.860896372786913,529
r17b,10,Italian,3,3.4482758620689653,37.15846994535519,5.070993914807302,40.07285974499089,21.43764986680559,493
r17b,10,Portuguese,3,5.534351145038168,36.78226264923252,6.679389312977099,40.02274019329165,22.25468582513486,524
r17b,10,Russian,3,2.3300970873786406,29.762594093804285,2.3300970873786406,32.13665315576144,16.63986035608075,515
r17b,10,Spanish,3,4.457364341085271,39.47065592635213,6.395348837209302,42.462600690448795,23.196492448773874,516
r17b,20,Chinese,1,45.37444933920705,55.90163934426229,47.797356828193834,58.19672131147541,51.81754170578465,454
r17b,20,English,1,42.63392857142857,52.794117647058826,48.325892857142854,57.279411764705884,50.258337710084035,896
r17b,20,French,1,30.694980694980696,37.5886524822695,33.78378378378378,41.13475177304964,35.8005421835209,518
r17b,20,Hindi,1,25.330812854442343,31.01529902642559,27.410207939508506,32.962447844228095,29.179691916151135,529
r17b,20,Italian,1,29.81744421906694,37.97276853252647,33.46855983772819,40.847201210287444,35.52649344990226,493
r17b,20,Portuguese,1,33.969465648854964,42.19409282700422,38.93129770992366,46.835443037974684,40.48257480593938,524
r17b,20,Russian,1,32.42718446601942,38.1635581061693,34.95145631067961,41.03299856527977,36.64379936203702,515
r17b,20,Spanish,1,38.17829457364341,46.45892351274787,40.50387596899225,48.30028328611898,43.36034433537563,516
r17b,20,Chinese,2,20.704845814977972,53.19548872180451,22.46696035242291,55.169172932330824,37.88411695538405,454
r17b,20,English,2,21.205357142857142,51.3741134751773,26.674107142857142,55.62943262411348,38.720752596251266,896
r17b,20,French,2,11.96911196911197,39.16598528209321,14.864864864864865,41.70073589533933,26.925174502852343,518
r17b,20,Hindi,2,4.914933837429111,27.96474358974359,5.482041587901701,29.887820512820515,17.06238488197373,529
r17b,20,Italian,2,10.953346855983773,40.20797227036395,15.61866125760649,44.454072790294624,27.80851329356221,493
r17b,20,Portuguese,2,10.877862595419847,38.05668016194332,13.931297709923664,41.53846153846154,26.101075501437094,524
r17b,20,Russian,2,6.019417475728155,29.29042904290429,6.601941747572815,31.353135313531354,18.316230894934154,515
r17b,20,Spanish,2,15.310077519379846,43.20785597381342,17.248062015503876,45.90834697217676,30.418585620218476,516
r17b,20,Chinese,3,7.2687224669603525,46.640316205533594,8.590308370044053,49.077733860342555,27.89427022572014,454
r17b,20,English,3,9.040178571428571,47.588832487309645,12.388392857142858,51.046954314720814,30.01608955765047,896
r17b,20,French,3,4.44015444015444,33.71625502584721,4.633204633204633,36.358414704192995,19.78700720084982,518
r17b,20,Hindi,3,0.7561436672967864,24.873382104670792,0.945179584120983,26.899268429938097,13.368493446506665,529
r17b,20,Italian,3,2.839756592292089,33.940497874924105,4.056795131845842,36.73345476624165,19.392626091325923,493
r17b,20,Portuguese,3,4.770992366412214,35.588402501421264,5.7251908396946565,37.805571347356455,20.972539263721146,524
r17b,20,Russian,3,1.3592233009708738,28.31499710480602,1.941747572815534,30.39953676896352,15.503876186888988,515
r17b,20,Spanish,3,6.589147286821706,38.3199079401611,7.751937984496124,40.27617951668584,23.234293182041192,516
r17b,30,Chinese,1,39.647577092511014,51.31147540983606,42.951541850220266,54.59016393442623,47.12518957174839,454
r17b,30,English,1,40.066964285714285,51.98529411764706,43.191964285714285,54.705882352941174,47.4875262605042,896
r17b,30,French,1,35.52123552123552,40.99290780141844,38.22393822393823,43.262411347517734,39.50012322352748,518
r17b,30,Hindi,1,20.793950850661627,29.20723226703755,22.873345935727787,31.154381084840054,26.007227534566756,529
r17b,30,Italian,1,33.06288032454361,39.78819969742814,36.308316430020284,42.81391830559758,37.9933286893974,493
r17b,30,Portuguese,1,37.595419847328245,45.14767932489451,39.12213740458015,47.39803094233474,42.315816879784414,524
r17b,30,Russian,1,30.87378640776699,36.441893830703016,34.75728155339806,40.17216642754663,35.56128205485367,515
r17b,30,Spanish,1,32.36434108527132,40.65155807365439,39.14728682170543,46.742209631728045,39.7263489030898,516
r17b,30,Chinese,2,19.383259911894275,50.46992481203007,21.365638766519822,52.537593984962406,35.939104368851645,454
r17b,30,English,2,20.870535714285715,51.684397163120565,25.334821428571427,55.40780141843972,38.32438893110436,896
r17b,30,French,2,13.8996138996139,39.16598528209321,16.216216216216218,42.19133278822567,27.86828704653725,518
r17b,30,Hindi,2,5.8601134215500945,27.483974358974358,6.616257088846881,28.92628205128205,17.221656730163346,529
r17b,30,Italian,2,12.170385395537526,40.294627383015595,13.995943204868155,41.94107452339688,27.100507626704538,493
r17b,30,Portuguese,2,11.450381679389313,37.32793522267207,14.122137404580153,40.40485829959514,25.826328151559167,524
r17b,30,Russian,2,7.378640776699029,30.775577557755774,8.349514563106796,33.82838283828383,20.08302893396136,515
r17b,30,Spanish,2,14.147286821705427,41.08019639934533,17.829457364341085,44.680851063829785,29.43444791230541,516
r17b,30,Chinese,3,6.167400881057269,45.98155467720685,7.709251101321586,48.68247694334651,27.135170900733055,454
r17b,30,English,3,7.589285714285714,45.558375634517766,10.379464285714286,49.33375634517766,28.21522049492386,896
r17b,30,French,3,3.281853281853282,34.75014359563469,4.054054054054054,37.162550258472145,19.812150297503543,518
r17b,30,Hindi,3,1.1342155009451795,25.042205965109737,1.5122873345935728,26.78671918964547,13.61885699757349,529
r17b,30,Italian,3,2.028397565922921,36.0655737704918,2.839756592292089,38.43351548269581,19.841810852850656,493
r17b,30,Portuguese,3,3.6259541984732824,35.588402501421264,4.770992366412214,38.032973280272884,20.504580586644913,524
r17b,30,Russian,3,2.1359223300970873,27.85176606832658,3.1067961165048543,30.457440648523452,15.887981290862994,515
r17b,30,Spanish,3,5.038759689922481,38.49252013808976,6.2015503875969,41.02416570771001,22.689248980829788,516
r17b,40,Chinese,1,41.18942731277533,51.80327868852459,43.83259911894273,54.42622950819672,47.81288365710984,454
r17b,40,English,1,35.714285714285715,47.86764705882353,39.285714285714285,51.470588235294116,43.58455882352941,896
r17b,40,French,1,29.15057915057915,37.163120567375884,33.97683397683398,41.843971631205676,35.533626331498674,518
r17b,40,Hindi,1,23.81852551984877,31.98887343532684,25.519848771266542,33.51877607788595,28.711505951082025,529
r17b,40,Italian,1,35.09127789046653,41.75491679273828,37.11967545638945,43.872919818456886,39.459697489512784,493
r17b,40,Portuguese,1,33.20610687022901,40.78762306610408,35.87786259541985,44.163150492264414,38.50868575600434,524
r17b,40,Russian,1,26.601941747572816,32.7116212338594,28.932038834951456,35.00717360114778,30.81319385438286,515
r17b,40,Spanish,1,31.007751937984494,38.95184135977337,35.07751937984496,42.91784702549575,36.988739925774645,516
r17b,40,Chinese,2,17.400881057268723,50.09398496240601,19.60352422907489,52.349624060150376,34.862003577224996,454
r17b,40,English,2,16.629464285714285,49.290780141843975,21.205357142857142,52.748226950354606,34.968457130192505,896
r17b,40,French,2,9.073359073359073,35.568274734260015,11.776061776061775,39.08421913327882,23.875478679239922,518
r17b,40,Hindi,2,4.3478260869565215,26.602564102564102,5.103969754253308,27.724358974358974,15.944679729533227,529
r17b,40,Italian,2,10.953346855983773,38.30155979202773,13.184584178498985,41.421143847487,25.965158668499374,493
r17b,40,Portuguese,2,10.687022900763358,37.73279352226721,12.213740458015268,40.80971659919028,25.36081837005903,524
r17b,40,Russian,2,5.048543689320389,26.567656765676567,5.825242718446602,28.712871287128714,16.538578615143066,515
r17b,40,Spanish,2,13.953488372093023,40.58919803600654,16.085271317829456,43.53518821603928,28.540786485492077,516
r17b,40,Chinese,3,3.9647577092511015,44.13702239789196,4.185022026431718,45.98155467720685,24.567089202695406,454
r17b,40,English,3,7.924107142857143,44.035532994923855,9.821428571428571,47.27157360406091,27.26316057831762,896
r17b,40,French,3,3.281853281853282,31.820792647903502,4.633204633204633,34.63526708788053,18.592779412710485,518
r17b,40,Hindi,3,0.945179584120983,24.53573438379291,1.3232514177693762,26.561620709060215,13.341446523685871,529
r17b,40,Italian,3,2.4340770791075053,33.02975106253795,3.4482758620689653,34.91196114146934,18.456016286295938,493
r17b,40,Portuguese,3,3.435114503816794,34.67879476975554,4.580152671755725,36.83911313246163,19.883293769447423,524
r17b,40,Russian,3,1.941747572815534,25.361899247249564,2.912621359223301,27.504342790966994,14.430152742563848,515
r17b,40,Spanish,3,3.10077519379845,34.52243958573072,3.875968992248062,37.456846950517836,19.739007680573767,516
r17b,50,Chinese,1,41.629955947136565,52.950819672131146,45.15418502202643,56.39344262295082,49.032100816061245,454
r17b,50,English,1,37.388392857142854,49.9264705882353,39.620535714285715,52.05882352941177,44.74855567226891,896
r17b,50,French,1,28.185328185328185,34.751773049645394,30.888030888030887,37.4468085106383,32.81798515841069,518
r17b,50,Hindi,1,22.3062381852552,27.95549374130737,24.38563327032136,30.041724617524338,26.17227245360207,529
r17b,50,Italian,1,30.425963488843813,36.45990922844175,32.251521298174445,38.42662632375189,34.39100508480298,493
r17b,50,Portuguese,1,35.49618320610687,41.49085794655415,38.16793893129771,44.86638537271449,40.0053413641683,524
r17b,50,Russian,1,27.57281553398058,33.285509325681495,30.29126213592233,36.441893830703016,31.897870206571856,515
r17b,50,Spanish,1,31.976744186046513,39.801699716713884,34.689922480620154,42.35127478753541,37.20491029272899,516
r17b,50,Chinese,2,18.281938325991188,49.81203007518797,21.145374449339208,51.8796992481203,35.279760524659665,454
r17b,50,English,2,18.080357142857142,48.04964539007092,20.982142857142858,50.97517730496454,34.52183067375886,896
r17b,50,French,2,8.301158301158301,35.241210139002455,10.617760617760618,38.348323793949305,23.12711321296767,518
r17b,50,Hindi,2,4.536862003780718,25.96153846153846,5.671077504725898,27.64423076923077,15.953427184818961,529
r17b,50,Italian,2,8.924949290060852,35.788561525129985,10.547667342799189,38.21490467937608,23.369020709341527,493
r17b,50,Portuguese,2,11.641221374045802,37.97570850202429,13.358778625954198,40.16194331983806,25.784412955465587,524
r17b,50,Russian,2,5.242718446601942,27.22772277227723,6.407766990291262,30.445544554455445,17.33093819090647,515
r17b,50,Spanish,2,11.046511627906977,38.87070376432079,13.178294573643411,41.4075286415712,26.125759651860594,516
r17b,50,Chinese,3,7.488986784140969,44.07114624505929,8.14977973568282,46.1133069828722,26.45580493693882,454
r17b,50,English,3,5.915178571428571,41.71954314720812,8.147321428571429,44.60659898477157,25.097160532994923,896
r17b,50,French,3,2.5096525096525095,30.269959793222284,3.474903474903475,33.02699597932223,17.320377939275126,518
r17b,50,Hindi,3,0.7561436672967864,23.635340461451886,0.945179584120983,25.54867754642656,12.721335314824055,529
r17b,50,Italian,3,2.839756592292089,30.115361262902248,3.2454361054766734,32.42258652094718,17.15578512040455,493
r17b,50,Portuguese,3,2.6717557251908395,32.29107447413303,3.2442748091603053,34.28084138715179,18.121986598908993,524
r17b,50,Russian,3,1.1650485436893203,25.303995367689634,1.3592233009708738,27.330631152287204,13.789724591159258,515
r17b,50,Spanish,3,3.875968992248062,33.2566168009206,4.651162790697675,35.8457997698504,19.407387088429182,516
r17b,60,Chinese,1,42.070484581497794,52.459016393442624,45.59471365638767,55.57377049180328,48.92449628078284,454
r17b,60,English,1,36.607142857142854,48.455882352941174,39.84375,51.98529411764706,44.22301733193277,896
r17b,60,French,1,30.694980694980696,38.297872340425535,33.59073359073359,40.851063829787236,35.858662613981764,518
r17b,60,Hindi,1,21.17202268431002,29.20723226703755,22.495274102079396,30.319888734353267,25.798604446945056,529
r17b,60,Italian,1,33.46855983772819,39.485627836611194,34.88843813387424,41.149773071104384,37.248099719829504,493
r17b,60,Portuguese,1,32.63358778625954,40.646976090014064,36.06870229007634,44.0225035161744,38.34294242063109,524
r17b,60,Russian,1,29.902912621359224,35.86800573888092,33.592233009708735,39.59827833572454,34.740357426418356,515
r17b,60,Spanish,1,32.945736434108525,40.79320113314448,36.04651162790697,43.76770538243626,38.38828864439906,516
r17b,60,Chinese,2,20.26431718061674,50.28195488721804,22.90748898678414,52.91353383458647,36.59182372230135,454
r17b,60,English,2,15.290178571428571,46.36524822695036,18.080357142857142,49.423758865248224,32.289885701621074,896
r17b,60,French,2,11.196911196911197,36.6312346688471,12.934362934362934,39.329517579721994,25.023006594960805,518
r17b,60,Hindi,2,3.780718336483932,24.759615384615383,5.293005671077505,27.16346153846154,15.24920023265959,529
r17b,60,Italian,2,9.533468559837727,36.30849220103986,12.57606490872211,38.82149046793761,24.309879034384327,493
r17b,60,Portuguese,2,8.969465648854962,37.57085020242915,10.877862595419847,40.64777327935223,24.516487931514046,524
r17b,60,Russian,2,6.407766990291262,27.392739273927393,7.766990291262136,29.620462046204622,17.796989650421352,515
r17b,60,Spanish,2,13.178294573643411,41.243862520458265,15.69767441860465,43.61702127659574,28.43421319732552,516
r17b,60,Chinese,3,5.947136563876652,44.993412384716734,7.929515418502203,47.23320158102767,26.525816487030816,454
r17b,60,English,3,6.584821428571429,41.941624365482234,8.258928571428571,45.0507614213198,25.459033946700508,896
r17b,60,French,3,2.7027027027027026,31.533601378518092,3.861003861003861,33.94600804135554,18.01082899589505,518
r17b,60,Hindi,3,0.7561436672967864,23.185143500281374,0.945179584120983,25.267304445694993,12.538442799348534,529
r17b,60,Italian,3,2.636916835699797,31.147540983606557,3.4482758620689653,33.697632058287795,17.73259143491578,493
r17b,60,Portuguese,3,4.770992366412214,34.90619670267197,5.916030534351145,37.69187038089824,20.82127249608339,524
r17b,60,Russian,3,1.3592233009708738,25.9988419224088,1.3592233009708738,28.25709322524609,14.24359543739916,515
r17b,60,Spanish,3,4.457364341085271,33.65937859608746,6.2015503875969,36.42117376294591,20.184866771928885,516
r17b,70,Chinese,1,44.49339207048458,55.40983606557377,46.0352422907489,57.21311475409836,50.7878962952264,454
r17b,70,English,1,39.620535714285715,50.88235294117647,42.075892857142854,53.30882352941177,46.471901260504204,896
r17b,70,French,1,29.536679536679536,36.45390070921986,32.23938223938224,39.43262411347518,34.4156466496892,518
r17b,70,Hindi,1,21.73913043478261,27.677329624478443,23.062381852551987,29.346314325452017,25.456289059316262,529
r17b,70,Italian,1,30.831643002028397,37.065052950075646,33.87423935091278,39.78819969742814,35.38978375011124,493
r17b,70,Portuguese,1,33.587786259541986,41.35021097046413,36.25954198473283,44.72573839662447,38.98081940284085,524
r17b,70,Russian,1,27.57281553398058,35.724533715925396,29.902912621359224,38.30703012912482,32.8768230000975,515
r17b,70,Spanish,1,34.49612403100775,41.92634560906516,37.7906976744186,45.609065155807365,39.95555811757472,516
r17b,70,Chinese,2,17.841409691629956,50.46992481203007,20.26431718061674,52.349624060150376,35.23131893610679,454
r17b,70,English,2,17.1875,47.96099290780142,20.870535714285715,51.241134751773046,34.31504084346504,896
r17b,70,French,2,12.355212355212355,36.467702371218316,13.32046332046332,38.92068683565004,25.266016220636008,518
r17b,70,Hindi,2,4.3478260869565215,25.560897435897434,4.914933837429111,27.16346153846154,15.496779724686151,529
r17b,70,Italian,2,12.373225152129818,36.82842287694974,13.995943204868155,38.908145580589256,25.526434203634242,493
r17b,70,Portuguese,2,9.732824427480915,35.54655870445344,10.877862595419847,37.89473684210526,23.512995642364864,524
r17b,70,Russian,2,5.436893203883495,28.465346534653467,6.213592233009709,30.363036303630363,17.61971706879426,515
r17b,70,Spanish,2,10.65891472868217,36.57937806873977,12.5968992248062,39.689034369885434,24.881056598028394,516
r17b,70,Chinese,3,4.845814977973569,43.34650856389987,6.828193832599119,45.8498023715415,25.217579936503515,454
r17b,70,English,3,5.245535714285714,41.148477157360404,7.366071428571429,44.16243654822335,24.480630212110224,896
r17b,70,French,3,2.8957528957528957,31.70591614014934,3.474903474903475,34.00344629523263,18.020004701509585,518
r17b,70,Hindi,3,1.5122873345935728,23.916713562183457,1.890359168241966,25.94259988745076,13.31548998811744,529
r17b,70,Italian,3,2.4340770791075053,30.965391621129324,3.2454361054766734,32.60473588342441,17.31241017228448,493
r17b,70,Portuguese,3,3.2442748091603053,30.869812393405343,4.00763358778626,33.484934621944284,17.901663853074048,524
r17b,70,Russian,3,1.1650485436893203,27.041111754487552,1.5533980582524272,28.720324261725537,14.61997065453871,515
r17b,70,Spanish,3,4.069767441860465,33.429228998849254,4.457364341085271,35.8457997698504,19.450540137911347,516
r17b,80,Chinese,1,45.81497797356828,55.90163934426229,48.23788546255506,58.52459016393443,52.119773236080015,454
r17b,80,English,1,38.28125,50.73529411764706,41.964285714285715,54.48529411764706,46.36653098739496,896
r17b,80,French,1,28.185328185328185,32.4822695035461,30.501930501930502,35.319148936170215,31.62216928174375,518
r17b,80,Hindi,1,24.38563327032136,30.319888734353267,25.708884688090738,32.5452016689847,28.239902090437518,529
r17b,80,Italian,1,27.586206896551722,36.006051437216335,29.614604462474645,38.27534039334342,32.87055079739653,493
r17b,80,Portuguese,1,33.969465648854964,39.66244725738397,36.6412213740458,42.75668073136428,38.257453752912255,524
r17b,80,Russian,1,30.485436893203882,35.86800573888092,32.81553398058252,38.59397417503587,34.440737696925794,515
r17b,80,Spanish,1,37.4031007751938,44.19263456090651,38.75968992248062,47.45042492917847,41.95146254693985,516
r17b,80,Chinese,2,18.061674008810574,48.87218045112782,20.704845814977972,51.03383458646616,34.66813371534563,454
r17b,80,English,2,16.294642857142858,48.138297872340424,20.200892857142858,51.241134751773046,33.968742084599796,896
r17b,80,French,2,9.45945945945946,35.32297628781684,11.38996138996139,37.5306623058054,23.425764860760772,518
r17b,80,Hindi,2,3.780718336483932,24.759615384615383,4.725897920604915,27.003205128205128,15.067359192477339,529
r17b,80,Italian,2,10.344827586206897,37.175043327556324,12.57606490872211,39.42807625649913,24.881003019746117,493
r17b,80,Portuguese,2,9.351145038167939,34.412955465587046,10.687022900763358,37.24696356275304,22.924521741817845,524
r17b,80,Russian,2,7.378640776699029,28.96039603960396,8.349514563106796,32.01320132013201,19.17543817488545,515
r17b,80,Spanish,2,10.465116279069768,39.11620294599018,12.015503875968992,41.32569558101473,25.73062967051092,516
r17b,80,Chinese,3,6.167400881057269,44.334650856389985,6.607929515418502,45.78392621870883,25.723476867893645,454
r17b,80,English,3,5.357142857142857,41.40228426395939,7.477678571428571,44.38451776649746,24.655405864757068,896
r17b,80,French,3,2.1235521235521237,29.121194715680645,3.088803088803089,31.648477886272257,16.495506953577028,518
r17b,80,Hindi,3,0.7561436672967864,24.42318514350028,0.945179584120983,25.717501406865505,12.960502450445889,529
r17b,80,Italian,3,1.8255578093306288,32.847601700060714,2.4340770791075053,34.42622950819672,17.88336652417389,493
r17b,80,Portuguese,3,3.435114503816794,32.916429789653215,4.580152671755725,35.133598635588406,19.016323900203535,524
r17b,80,Russian,3,0.970873786407767,25.361899247249564,1.5533980582524272,27.214823393167343,13.775248621269276,515
r17b,80,Spanish,3,2.9069767441860463,34.63751438434983,3.294573643410853,36.59378596087457,19.358212683205323,516
r17b,90,Chinese,1,42.51101321585903,53.278688524590166,44.93392070484582,55.40983606557377,49.0333646277172,454
r17b,90,English,1,37.611607142857146,49.779411764705884,41.517857142857146,53.6764705882353,45.646336659663866,896
r17b,90,French,1,27.027027027027028,34.184397163120565,29.72972972972973,37.02127659574468,31.9906076289055,518
r17b,90,Hindi,1,20.415879017013232,28.51182197496523,22.3062381852552,30.319888734353267,25.38845697789673,529
r17b,90,Italian,1,32.04868154158215,39.03177004538578,34.48275862068966,41.6036308623298,36.791710267496846,493
r17b,90,Portuguese,1,31.870229007633586,40.92827004219409,33.396946564885496,42.47538677918425,37.16770809847436,524
r17b,90,Russian,1,29.320388349514563,37.30272596843616,32.23300970873787,39.74175035868006,34.64946859634216,515
r17b,90,Spanish,1,31.782945736434108,39.94334277620396,35.85271317829457,44.3342776203966,37.97831982783231,516
r17b,90,Chinese,2,16.519823788546255,48.1203007518797,18.502202643171806,50.09398496240601,33.30907803650094,454
r17b,90,English,2,14.732142857142858,46.54255319148936,19.196428571428573,50.53191489361702,32.75075987841945,896
r17b,90,French,2,8.301158301158301,33.85118560915781,10.231660231660232,37.04006541291905,22.35601738872385,518
r17b,90,Hindi,2,5.293005671077505,27.003205128205128,5.671077504725898,28.365384615384617,16.583168229848287,529
r17b,90,Italian,2,8.924949290060852,37.001733102253034,10.953346855983773,40.20797227036395,24.272000379665403,493
r17b,90,Portuguese,2,9.732824427480915,35.95141700404859,11.068702290076336,38.05668016194332,23.70240597088729,524
r17b,90,Russian,2,6.407766990291262,30.445544554455445,6.990291262135922,32.34323432343234,19.046709282578743,515
r17b,90,Spanish,2,12.209302325581396,38.788870703764324,15.310077519379846,42.06219312602291,27.092610918687118,516
r17b,90,Chinese,3,5.286343612334802,43.01712779973649,7.048458149779735,44.993412384716734,25.086335486641943,454
r17b,90,English,3,5.133928571428571,40.609137055837564,7.477678571428571,43.81345177664975,24.258548993836115,896
r17b,90,French,3,2.5096525096525095,30.09764503159104,3.088803088803089,32.28029867892016,16.9940998272417,518
r17b,90,Hindi,3,0.7561436672967864,23.804164321890827,0.945179584120983,25.773776027011817,12.819815900080103,529
r17b,90,Italian,3,1.8255578093306288,30.418943533697632,2.028397565922921,32.90831815421979,16.795304265792744,493
r17b,90,Portuguese,3,2.480916030534351,32.29107447413303,2.8625954198473282,34.16714042069358,17.950431586302074,524
r17b,90,Russian,3,1.7475728155339805,27.678054429646785,2.3300970873786406,29.35726693688477,15.278247817361043,515
r17b,90,Spanish,3,4.651162790697675,33.429228998849254,5.232558139534884,35.903337169159954,19.80407177456044,516
r17b,100,Chinese,1,44.052863436123346,55.24590163934426,48.89867841409691,58.85245901639344,51.76247562648949,454
r17b,100,English,1,38.504464285714285,49.19117647058823,41.964285714285715,52.279411764705884,45.48483455882353,896
r17b,100,French,1,30.694980694980696,38.723404255319146,33.78378378378378,41.276595744680854,36.11969111969112,518
r17b,100,Hindi,1,25.141776937618147,32.26703755215577,26.08695652173913,33.51877607788595,29.25363677234975,529
r17b,100,Italian,1,31.845841784989858,40.24205748865356,34.27991886409736,42.81391830559758,37.29543411083459,493
r17b,100,Portuguese,1,30.34351145038168,38.81856540084388,33.969465648854964,42.47538677918425,36.40173231981619,524
r17b,100,Russian,1,30.485436893203882,37.44619799139168,34.75728155339806,41.31994261119082,36.002214762296106,515
r17b,100,Spanish,1,32.17054263565891,40.36827195467422,37.01550387596899,45.32577903682719,38.72002437578233,516
r17b,100,Chinese,2,16.519823788546255,49.71804511278196,19.383259911894275,51.597744360902254,34.30471829353119,454
r17b,100,English,2,16.517857142857142,47.29609929078014,20.535714285714285,50.576241134751776,33.73147796352583,896
r17b,100,French,2,9.073359073359073,37.20359771054783,11.38996138996139,39.65658217497956,24.330875087211965,518
r17b,100,Hindi,2,5.103969754253308,26.522435897435898,5.671077504725898,28.28525641025641,16.395684891667877,529
r17b,100,Italian,2,9.939148073022313,35.961871750433275,11.764705882352942,38.38821490467937,24.013485152621975,493
r17b,100,Portuguese,2,11.83206106870229,37.00404858299595,14.312977099236642,39.67611336032389,25.70630002781469,524
r17b,100,Russian,2,6.990291262135922,27.887788778877887,7.378640776699029,29.86798679867987,18.031176904098178,515
r17b,100,Spanish,2,11.434108527131784,38.297872340425535,13.565891472868216,40.67103109656301,25.992225859247135,516
r17b,100,Chinese,3,5.506607929515418,42.29249011857708,6.828193832599119,44.00527009222662,24.65814049322956,454
r17b,100,English,3,5.133928571428571,40.513959390862944,7.700892857142857,44.003807106598984,24.338146981508338,896
r17b,100,French,3,3.281853281853282,32.62492820218265,4.054054054054054,35.15221137277427,18.778261727716064,518
r17b,100,Hindi,3,1.1342155009451795,25.042205965109737,1.1342155009451795,26.5053460889139,13.453995763978499,529
r17b,100,Italian,3,2.4340770791075053,31.51183970856102,2.839756592292089,33.090467516697025,17.46903522416441,493
r17b,100,Portuguese,3,4.770992366412214,33.20068220579875,5.343511450381679,35.07674815235929,19.597983543737985,524
r17b,100,Russian,3,1.5533980582524272,26.404169079328316,1.941747572815534,27.85176606832658,14.437770194680715,515
r17b,100,Spanish,3,4.651162790697675,34.23475258918297,5.426356589147287,36.93901035673188,20.31282058143995,516
r17b,110,Chinese,1,44.713656387665196,55.08196721311475,47.3568281938326,57.21311475409836,51.09139163717773,454
r17b,110,English,1,36.607142857142854,48.6764705882353,41.183035714285715,52.720588235294116,44.796809348739494,896
r17b,110,French,1,29.72972972972973,35.319148936170215,33.97683397683398,39.43262411347518,34.61458418905227,518
r17b,110,Hindi,1,25.330812854442343,33.10152990264256,27.599243856332702,35.46592489568846,30.374377877276515,529
r17b,110,Italian,1,32.454361054766736,40.39334341906203,36.511156186612574,43.72163388804841,38.27012363712244,493
r17b,110,Portuguese,1,33.778625954198475,40.78762306610408,36.25954198473283,43.459915611814345,38.57142665421243,524
r17b,110,Russian,1,30.679611650485437,37.87661406025825,32.81553398058252,40.6025824964132,35.49358554693485,515
r17b,110,Spanish,1,32.36434108527132,42.06798866855524,37.2093023255814,46.31728045325779,39.48972813316644,516
r17b,110,Chinese,2,17.621145374449338,47.36842105263158,19.60352422907489,48.68421052631579,33.3193252956179,454
r17b,110,English,2,16.183035714285715,45.966312056737586,19.754464285714285,49.645390070921984,32.88730053191489,896
r17b,110,French,2,7.722007722007722,33.9329517579722,9.845559845559846,37.20359771054783,22.1760292590219,518
r17b,110,Hindi,2,4.725897920604915,27.403846153846153,6.049149338374291,29.727564102564102,16.976614378847366,529
r17b,110,Italian,2,11.359026369168356,38.82149046793761,13.59026369168357,42.114384748700175,26.471291319372426,493
r17b,110,Portuguese,2,9.732824427480915,33.84615384615385,11.450381679389313,36.59919028340081,22.90713755910622,524
r17b,110,Russian,2,4.854368932038835,27.31023102310231,5.825242718446602,29.702970297029704,16.923203242654363,515
r17b,110,Spanish,2,12.5968992248062,39.5253682487725,16.085271317829456,42.96235679214403,27.792473895888048,516
r17b,110,Chinese,3,4.185022026431718,40.77733860342556,5.066079295154185,42.29249011857708,23.080232510897137,454
r17b,110,English,3,4.575892857142857,39.974619289340104,6.808035714285714,43.62309644670051,23.745411076867295,896
r17b,110,French,3,3.281853281853282,30.155083285468123,3.861003861003861,32.33773693279724,17.408919340280626,518
r17b,110,Hindi,3,0.945179584120983,26.22397298818233,1.1342155009451795,27.46201463140124,13.941345676162433,529
r17b,110,Italian,3,1.6227180527383367,32.17972070431087,2.636916835699797,34.12264723740134,17.640500707537583,493
r17b,110,Portuguese,3,3.816793893129771,31.097214326321772,4.770992366412214,33.42808413871518,18.278271181144735,524
r17b,110,Russian,3,0.970873786407767,26.230457440648525,0.970873786407767,28.25709322524609,14.107324559677538,515
r17b,110,Spanish,3,3.875968992248062,34.982738780207136,5.426356589147287,37.34177215189873,20.406709128375304,516
r17b,120,Chinese,1,43.17180616740088,53.9344262295082,45.59471365638767,56.0655737704918,49.691629955947135,454
r17b,120,English,1,38.72767857142857,49.85294117647059,43.30357142857143,53.8235294117647,46.426930147058826,896
r17b,120,French,1,34.55598455598456,41.276595744680854,36.67953667953668,44.11347517730496,39.15639803937677,518
r17b,120,Hindi,1,24.38563327032136,32.5452016689847,25.897920604914933,34.770514603616135,29.399817536959283,529
r17b,120,Italian,1,31.23732251521298,40.24205748865356,34.27991886409736,42.511346444780635,37.067661328186134,493
r17b,120,Portuguese,1,34.35114503816794,39.52180028129395,36.45038167938932,42.33473980309423,38.16451670048636,524
r17b,120,Russian,1,31.067961165048544,38.1635581061693,33.786407766990294,41.1764705882353,36.04859940661086,515
r17b,120,Spanish,1,32.36434108527132,41.359773371104815,36.04651162790697,44.90084985835694,38.667868985660014,516
r17b,120,Chinese,2,18.502202643171806,50.93984962406015,22.24669603524229,53.47744360902256,36.2915479778742,454
r17b,120,English,2,17.410714285714285,46.808510638297875,21.875,49.9113475177305,34.001393110435664,896
r17b,120,French,2,11.38996138996139,35.568274734260015,12.355212355212355,37.367130008176616,24.170144621902594,518
r17b,120,Hindi,2,4.158790170132325,27.083333333333332,5.293005671077505,28.92628205128205,16.365352806456304,529
r17b,120,Italian,2,10.75050709939148,37.175043327556324,12.778904665314402,39.341421143847484,25.011469059027423,493
r17b,120,Portuguese,2,8.778625954198473,33.84615384615385,10.687022900763358,36.43724696356275,22.437262416169606,524
r17b,120,Russian,2,5.631067961165049,28.877887788778878,6.407766990291262,30.61056105610561,17.8818209490852,515
r17b,120,Spanish,2,11.627906976744185,37.15220949263502,13.565891472868216,39.770867430441896,25.52921884317233,516
r17b,120,Chinese,3,4.6255506607929515,42.88537549407115,5.947136563876652,44.993412384716734,24.61286877586437,454
r17b,120,English,3,5.245535714285714,39.78426395939086,8.370535714285714,42.766497461928935,24.041708212472805,896
r17b,120,French,3,1.7374517374517375,29.408385985066055,2.1235521235521237,31.591039632395177,16.215107369616273,518
r17b,120,Hindi,3,0.7561436672967864,24.25436128306134,1.1342155009451795,25.604952166572875,12.937418154469045,529
r17b,120,Italian,3,2.028397565922921,29.751062537947785,2.231237322515213,31.208257437765635,16.30473871603789,493
r17b,120,Portuguese,3,3.435114503816794,31.949971574758386,4.3893129770992365,34.28084138715179,18.51381011070655,524
r17b,120,Russian,3,1.3592233009708738,25.9988419224088,1.5533980582524272,28.02547770700637,14.234235247159617,515
r17b,120,Spanish,3,3.294573643410853,32.508630609896436,5.038759689922481,34.86766398158803,18.92740698120445,516
r17b,130,Chinese,1,45.15418502202643,56.0655737704918,48.458149779735685,59.01639344262295,52.17357550371922,454
r17b,130,English,1,36.71875,49.411764705882355,40.17857142857143,52.279411764705884,44.64712447478992,896
r17b,130,French,1,31.66023166023166,38.723404255319146,34.36293436293436,41.702127659574465,36.61217448451491,518
r17b,130,Hindi,1,24.38563327032136,31.710709318497912,26.08695652173913,34.21418636995828,29.09937137012917,529
r17b,130,Italian,1,29.20892494929006,37.821482602118,32.454361054766736,40.695915279878975,35.04517097151344,493
r17b,130,Portuguese,1,33.01526717557252,42.19409282700422,36.25954198473283,45.42897327707454,39.22446881609603,524
r17b,130,Russian,1,30.679611650485437,36.72883787661406,32.81553398058252,38.88091822094692,34.77622543215723,515
r17b,130,Spanish,1,33.91472868217054,42.63456090651558,37.5968992248062,46.31728045325779,40.11586731668753,516
r17b,130,Chinese,2,14.977973568281937,47.08646616541353,17.180616740088105,48.96616541353384,32.05280547182935,454
r17b,130,English,2,16.629464285714285,45.744680851063826,19.754464285714285,48.7145390070922,32.71078710739615,896
r17b,130,French,2,9.073359073359073,34.75061324611611,10.231660231660232,36.95829926410466,22.753482953810018,518
r17b,130,Hindi,2,4.3478260869565215,25.881410256410255,4.914933837429111,27.16346153846154,15.576907929814357,529
r17b,130,Italian,2,8.519269776876268,35.61525129982669,10.141987829614605,37.954939341421145,23.057862061934678,493
r17b,130,Portuguese,2,9.16030534351145,31.821862348178136,10.49618320610687,34.73684210526316,21.553798250764903,524
r17b,130,Russian,2,5.436893203883495,27.887788778877887,6.019417475728155,30.115511551155116,17.36490275241116,515
r17b,130,Spanish,2,9.496124031007753,35.84288052373159,11.24031007751938,38.46153846153846,23.760213273449295,516
r17b,130,Chinese,3,6.387665198237886,41.9631093544137,7.929515418502203,44.13702239789196,25.10432809226144,454
r17b,130,English,3,4.464285714285714,38.99111675126903,6.25,41.71954314720812,22.856236403190717,896
r17b,130,French,3,1.9305019305019304,29.465824238943135,2.5096525096525095,31.074095347501437,16.245018506649753,518
r17b,130,Hindi,3,0.5671077504725898,23.466516601012945,0.5671077504725898,24.81710748452448,12.354459896620652,529
r17b,130,Italian,3,1.6227180527383367,29.690346083788707,2.4340770791075053,31.572556162720097,16.32992434458866,493
r17b,130,Portuguese,3,2.8625954198473282,28.880045480386585,3.435114503816794,30.983513359863558,16.540317190978566,524
r17b,130,Russian,3,1.1650485436893203,25.9988419224088,1.5533980582524272,27.793862188766646,14.127787678279299,515
r17b,130,Spanish,3,3.10077519379845,32.278481012658226,3.875968992248062,34.63751438434983,18.47318489576364,516
r17b,140,Chinese,1,40.969162995594715,52.295081967213115,46.47577092511013,56.39344262295082,49.0333646277172,454
r17b,140,English,1,37.05357142857143,49.48529411764706,40.736607142857146,52.720588235294116,44.999015231092436,896
r17b,140,French,1,27.22007722007722,34.46808510638298,31.274131274131275,38.86524822695036,32.95688545688546,518
r17b,140,Hindi,1,22.495274102079396,30.598052851182196,24.574669187145556,32.962447844228095,27.65761099615881,529
r17b,140,Italian,1,28.803245436105477,37.367624810892586,30.831643002028397,39.78819969742814,34.19767823661365,493
r17b,140,Portuguese,1,30.916030534351144,39.09985935302391,35.87786259541985,44.0225035161744,37.47906399974232,524
r17b,140,Russian,1,31.650485436893202,38.59397417503587,35.53398058252427,42.89813486370158,37.16914376453873,515
r17b,140,Spanish,1,34.49612403100775,43.48441926345609,37.2093023255814,46.45892351274787,40.41219228319828,516
r17b,140,Chinese,2,15.198237885462555,45.39473684210526,17.180616740088105,47.08646616541353,31.215014408267365,454
r17b,140,English,2,14.508928571428571,45.656028368794324,18.080357142857142,48.49290780141844,31.684555471124618,896
r17b,140,French,2,7.528957528957529,31.88879803761243,9.45945945945946,34.75061324611611,20.90695706803638,518
r17b,140,Hindi,2,3.213610586011342,25.32051282051282,4.158790170132325,27.16346153846154,14.964093778779507,529
r17b,140,Italian,2,7.099391480730223,33.62218370883882,9.736308316430021,36.48180242634315,21.734921483085554,493
r17b,140,Portuguese,2,9.351145038167939,33.927125506072876,11.450381679389313,37.24696356275304,22.993903946595793,524
r17b,140,Russian,2,6.407766990291262,28.217821782178216,7.184466019417476,30.445544554455445,18.0638998365856,515
r17b,140,Spanish,2,11.24031007751938,36.41571194762684,13.75968992248062,39.11620294599018,25.132978723404257,516
r17b,140,Chinese,3,4.185022026431718,39.591567852437414,5.286343612334802,41.76548089591568,22.707103596779902,454
r17b,140,English,3,4.017857142857143,40.513959390862944,6.584821428571429,43.305837563451774,23.605618881435824,896
r17b,140,French,3,1.7374517374517375,27.742676622630672,2.7027027027027026,29.81045376220563,15.498321206247685,518
r17b,140,Hindi,3,0.945179584120983,21.890827236916152,0.945179584120983,23.24141812042769,11.755651131396451,529
r17b,140,Italian,3,1.4198782961460445,27.74741955069824,1.8255578093306288,29.993928354584092,15.24669600268975,493
r17b,140,Portuguese,3,3.816793893129771,29.675952245594086,4.198473282442748,31.552018192154634,17.31080940333031,524
r17b,140,Russian,3,1.3592233009708738,26.17255356108859,2.1359223300970873,27.562246670526925,14.30748646567087,515
r17b,140,Spanish,3,2.3255813953488373,29.689298043728424,2.9069767441860463,32.16340621403913,16.771315599325607,516
r17b,150,Chinese,1,38.76651982378855,50.16393442622951,43.83259911894273,53.9344262295082,46.67436989961725,454
r17b,150,English,1,39.620535714285715,50.0735294117647,42.96875,53.455882352941174,46.529674369747895,896
r17b,150,French,1,28.957528957528957,36.312056737588655,31.853281853281853,39.57446808510638,34.17433390837646,518
r17b,150,Hindi,1,22.495274102079396,32.127955493741304,24.196597353497165,34.35326842837274,28.29327384442265,529
r17b,150,Italian,1,29.41176470588235,37.216338880484116,32.251521298174445,40.09077155824508,34.742599110696496,493
r17b,150,Portuguese,1,31.48854961832061,39.80309423347398,34.732824427480914,43.037974683544306,37.26561074070495,524
r17b,150,Russian,1,28.932038834951456,36.01147776183644,33.00970873786408,39.74175035868006,34.42374392333301,515
r17b,150,Spanish,1,34.689922480620154,41.78470254957507,36.434108527131784,44.05099150141643,39.239931264685865,516
r17b,150,Chinese,2,13.656387665198238,44.73684210526316,15.859030837004406,46.8984962406015,30.287689212016826,454
r17b,150,English,2,15.625,45.744680851063826,18.973214285714285,48.537234042553195,32.220032294832826,896
r17b,150,French,2,8.108108108108109,32.86999182338512,10.617760617760618,35.81357318070319,21.852358432489257,518
r17b,150,Hindi,2,4.158790170132325,26.121794871794872,4.725897920604915,27.80448717948718,15.702742535504823,529
r17b,150,Italian,2,7.910750507099391,35.35528596187175,9.533468559837727,37.8682842287695,22.66694731439459,493
r17b,150,Portuguese,2,7.251908396946565,32.388663967611336,9.351145038167939,34.89878542510122,20.972625706956762,524
r17b,150,Russian,2,6.019417475728155,25.825082508250826,6.601941747572815,27.805280528052805,16.56293056490115,515
r17b,150,Spanish,2,9.108527131782946,35.43371522094926,11.627906976744185,37.806873977086745,23.494255826640785,516
r17b,150,Chinese,3,3.7444933920704844,40.90909090909091,5.066079295154185,43.280632411067195,23.250074001845693,454
r17b,150,English,3,5.357142857142857,38.86421319796954,7.03125,41.973350253807105,23.306489077229877,896
r17b,150,French,3,3.281853281853282,29.06375646180356,4.633204633204633,31.246410109132682,17.05630612149854,518
r17b,150,Hindi,3,0.945179584120983,23.916713562183457,0.945179584120983,25.436128306133934,12.810800259139839,529
r17b,150,Italian,3,1.8255578093306288,29.508196721311474,2.4340770791075053,30.965391621129324,16.183305807719734,493
r17b,150,Portuguese,3,3.053435114503817,29.56225127913587,4.198473282442748,31.040363843092667,16.963630879793776,524
r17b,150,Russian,3,0.970873786407767,24.319629415170816,1.7475728155339805,25.9988419224088,13.259229484880342,515
r17b,150,Spanish,3,1.937984496124031,28.481012658227847,2.9069767441860463,30.379746835443036,15.92643018349524,516
r17b,160,Chinese,1,43.61233480176212,54.91803278688525,46.91629955947136,58.19672131147541,50.91084711489853,454
r17b,160,English,1,38.392857142857146,48.75,41.85267857142857,52.5,45.37388392857143,896
r17b,160,French,1,28.764478764478763,34.04255319148936,31.66023166023166,37.304964539007095,32.94305703880172,518
r17b,160,Hindi,1,22.68431001890359,30.737134909596662,24.38563327032136,32.5452016689847,27.58806996695158,529
r17b,160,Italian,1,33.06288032454361,40.24205748865356,34.48275862068966,42.20877458396369,37.49911775446263,493
r17b,160,Portuguese,1,34.35114503816794,41.49085794655415,38.16793893129771,45.0070323488045,39.75424356620608,524
r17b,160,Russian,1,29.70873786407767,37.44619799139168,33.980582524271846,41.75035868005739,35.72146926494965,515
r17b,160,Spanish,1,30.813953488372093,40.08498583569405,34.30232558139535,43.48441926345609,37.1714210422294,516
r17b,160,Chinese,2,16.519823788546255,47.36842105263158,18.502202643171806,49.24812030075188,32.90964194627538,454
r17b,160,English,2,15.625,45.34574468085106,18.973214285714285,48.40425531914894,32.08705357142857,896
r17b,160,French,2,10.038610038610038,33.52412101390024,11.96911196911197,35.89533932951758,22.85679558778496,518
r17b,160,Hindi,2,3.9697542533081287,25.96153846153846,4.536862003780718,27.003205128205128,15.367839961708109,529
r17b,160,Italian,2,8.113590263691684,35.87521663778163,9.330628803245435,37.78162911611785,22.77526620520915,493
r17b,160,Portuguese,2,8.778625954198473,33.441295546558706,10.305343511450381,36.11336032388664,22.15965633402355,524
r17b,160,Russian,2,6.213592233009709,27.887788778877887,7.378640776699029,30.528052805280527,18.002018648466787,515
r17b,160,Spanish,2,10.271317829457365,36.08837970540098,11.821705426356589,38.297872340425535,24.119818825410118,516
r17b,160,Chinese,3,4.405286343612334,41.30434782608695,5.726872246696035,42.95125164690382,23.596939515824786,454
r17b,160,English,3,5.580357142857143,39.244923857868024,7.254464285714286,42.29060913705584,23.59258860587382,896
r17b,160,French,3,2.1235521235521237,28.604250430786905,3.474903474903475,30.844342331993108,16.261762090308903,518
r17b,160,Hindi,3,0.945179584120983,23.072594259988744,1.3232514177693762,24.70455824423185,12.511395876527738,529
r17b,160,Italian,3,2.231237322515213,29.872495446265937,3.0425963488843815,31.32969034608379,16.61900486593733,493
r17b,160,Portuguese,3,4.580152671755725,31.43831722569642,5.152671755725191,32.916429789653215,18.521892860707638,524
r17b,160,Russian,3,1.1650485436893203,25.188187608569773,1.5533980582524272,27.041111754487552,13.736936491249768,515
r17b,160,Spanish,3,1.937984496124031,29.40161104718067,3.294573643410853,31.818181818181817,16.61308775122434,516
r17b,170,Chinese,1,46.0352422907489,56.39344262295082,48.458149779735685,58.36065573770492,52.31187260778508,454
r17b,170,English,1,35.15625,47.64705882352941,39.285714285714285,51.76470588235294,43.46343224789916,896
r17b,170,French,1,30.501930501930502,39.00709219858156,34.16988416988417,43.262411347517734,36.73532955447849,518
r17b,170,Hindi,1,23.062381852551987,31.57162726008345,25.708884688090738,34.07510431154381,28.604499528067496,529
r17b,170,Italian,1,30.223123732251523,38.57791225416036,33.671399594320484,41.90620272314675,36.09465957596978,493
r17b,170,Portuguese,1,33.396946564885496,41.068917018284104,34.9236641221374,43.17862165963432,38.14203734123533,524
r17b,170,Russian,1,30.679611650485437,38.73744619799139,34.56310679611651,42.75466284074606,36.68370687133485,515
r17b,170,Spanish,1,34.49612403100775,41.64305949008499,35.65891472868217,43.626062322946176,38.85604014318027,516
r17b,170,Chinese,2,20.044052863436125,48.87218045112782,22.46696035242291,51.409774436090224,35.69824202576927,454
r17b,170,English,2,15.513392857142858,46.1436170212766,19.754464285714285,49.86702127659574,32.81962386018237,896
r17b,170,French,2,9.652509652509652,34.668847097301715,11.96911196911197,37.85772690106296,23.537048904996574,518
r17b,170,Hindi,2,5.293005671077505,27.403846153846153,6.049149338374291,29.006410256410255,16.938102854927052,529
r17b,170,Italian,2,7.707910750507099,33.968804159445405,8.72210953346856,36.22183708838821,21.65516538295232,493
r17b,170,Portuguese,2,9.351145038167939,35.465587044534416,10.877862595419847,37.97570850202429,23.417575795036623,524
r17b,170,Russian,2,5.048543689320389,26.73267326732673,6.019417475728155,28.382838283828384,16.545868179050913,515
r17b,170,Spanish,2,8.527131782945736,35.43371522094926,10.65891472868217,38.216039279869065,23.208950253111556,516
r17b,170,Chinese,3,6.387665198237886,42.621870882740446,7.488986784140969,44.400527009222664,25.224762468585492,454
r17b,170,English,3,4.6875,38.388324873096444,6.361607142857143,41.81472081218274,22.813038207034083,896
r17b,170,French,3,1.3513513513513513,29.925330269959794,2.1235521235521237,32.45261344055141,16.46321179635367,518
r17b,170,Hindi,3,0.3780718336483932,24.760832864378166,0.3780718336483932,26.33652222847496,12.963374690037478,529
r17b,170,Italian,3,1.0141987829614605,29.993928354584092,1.8255578093306288,31.815421979356405,16.162276731558148,493
r17b,170,Portuguese,3,3.816793893129771,31.097214326321772,4.580152671755725,33.882888004548036,18.344262223938827,524
r17b,170,Russian,3,1.3592233009708738,27.272727272727273,1.5533980582524272,28.488708743485812,14.668514343859096,515
r17b,170,Spanish,3,2.9069767441860463,30.84004602991945,3.488372093023256,32.33601841196778,17.392853319774133,516
r17b,180,Chinese,1,43.392070484581495,52.950819672131146,45.81497797356828,55.08196721311475,49.30995883584892,454
r17b,180,English,1,38.058035714285715,48.161764705882355,40.625,50.80882352941177,44.41340598739496,896
r17b,180,French,1,30.694980694980696,37.87234042553192,33.97683397683398,41.56028368794326,36.026109696322465,518
r17b,180,Hindi,1,23.440453686200378,32.26703755215577,25.330812854442343,33.936022253129345,28.74358158648196,529
r17b,180,Italian,1,30.831643002028397,40.39334341906203,33.87423935091278,43.41906202723147,37.12957194980867,493
r17b,180,Portuguese,1,32.63358778625954,40.08438818565401,35.30534351145038,42.89732770745429,37.730161797704554,524
r17b,180,Russian,1,28.932038834951456,35.58106169296987,32.23300970873787,40.02869440459111,34.19370116031257,515
r17b,180,Spanish,1,33.91472868217054,42.492917847025495,38.372093023255815,46.45892351274787,40.30966576629993,516
r17b,180,Chinese,2,16.96035242290749,48.30827067669173,19.60352422907489,50.56390977443609,33.85901427577755,454
r17b,180,English,2,16.741071428571427,46.2322695035461,19.977678571428573,49.68971631205674,33.16018395390071,896
r17b,180,French,2,10.424710424710424,34.99591169255928,12.548262548262548,37.367130008176616,23.83400366842722,518
r17b,180,Hindi,2,4.3478260869565215,27.96474358974359,5.293005671077505,29.487179487179485,16.773188708739276,529
r17b,180,Italian,2,8.72210953346856,34.835355285961874,10.75050709939148,37.001733102253034,22.827426255268737,493
r17b,180,Portuguese,2,10.687022900763358,34.493927125506076,12.022900763358779,36.92307692307692,23.531731928176285,524
r17b,180,Russian,2,4.660194174757281,27.557755775577558,5.242718446601942,29.95049504950495,16.852790861610433,515
r17b,180,Spanish,2,10.65891472868217,36.170212765957444,13.178294573643411,38.87070376432079,24.719531458150954,516
r17b,180,Chinese,3,3.9647577092511015,41.04084321475626,5.726872246696035,43.47826086956522,23.552683510067155,454
r17b,180,English,3,5.357142857142857,39.59390862944162,7.03125,43.14720812182741,23.782377402102973,896
r17b,180,French,3,2.3166023166023164,29.75301550832855,3.281853281853282,31.476163124641012,16.70690855785629,518
r17b,180,Hindi,3,0.7561436672967864,24.198086662915024,0.7561436672967864,25.66122678671919,12.842900196056947,529
r17b,180,Italian,3,2.636916835699797,29.872495446265937,3.2454361054766734,31.51183970856102,16.816672024000855,493
r17b,180,Portuguese,3,1.9083969465648856,30.07390562819784,3.435114503816794,31.893121091529277,16.8276345425272,524
r17b,180,Russian,3,1.3592233009708738,24.78286045165026,1.3592233009708738,26.98320787492762,13.621128732129907,515
r17b,180,Spanish,3,3.10077519379845,31.703107019562715,5.426356589147287,34.52243958573072,18.688169597059794,516
r17b,190,Chinese,1,44.93392070484582,55.40983606557377,46.0352422907489,56.721311475409834,50.77507763414458,454
r17b,190,English,1,36.160714285714285,48.75,40.066964285714285,52.205882352941174,44.295890231092436,896
r17b,190,French,1,34.74903474903475,41.56028368794326,37.06563706563706,43.687943262411345,39.26572469125661,518
r17b,190,Hindi,1,22.68431001890359,32.127955493741304,24.95274102079395,34.35326842837274,28.5295687404529,529
r17b,190,Italian,1,29.006085192697768,36.61119515885023,32.860040567951316,40.24205748865356,34.679844602038216,493
r17b,190,Portuguese,1,30.916030534351144,40.646976090014064,34.35114503816794,44.30379746835443,37.554487282721894,524
r17b,190,Russian,1,28.349514563106798,37.01578192252511,32.62135922330097,40.74605451936872,34.683177557075396,515
r17b,190,Spanish,1,29.26356589147287,39.51841359773371,33.333333333333336,43.05949008498584,36.29370072688144,516
r17b,190,Chinese,2,15.418502202643172,47.36842105263158,18.281938325991188,50.09398496240601,32.79071163591799,454
r17b,190,English,2,15.625,45.966312056737586,19.642857142857142,49.290780141843975,32.63123733535968,896
r17b,190,French,2,10.038610038610038,34.668847097301715,11.776061776061775,36.549468520032704,23.25824685800156,518
r17b,190,Hindi,2,5.103969754253308,25.641025641025642,5.482041587901701,27.403846153846153,15.907720784256702,529
r17b,190,Italian,2,9.330628803245435,35.788561525129985,10.953346855983773,38.56152512998267,23.658515578585465,493
r17b,190,Portuguese,2,9.923664122137405,33.927125506072876,11.450381679389313,36.03238866396761,22.8333899928918,524
r17b,190,Russian,2,5.048543689320389,28.135313531353134,6.407766990291262,30.775577557755774,17.59180044218014,515
r17b,190,Spanish,2,10.077519379844961,34.53355155482815,12.984496124031008,37.725040916530276,23.8301519938086,516
r17b,190,Chinese,3,5.947136563876652,40.843214756258234,7.2687224669603525,42.4901185770751,24.137298091042585,454
r17b,190,English,3,4.910714285714286,39.84771573604061,7.477678571428571,42.766497461928935,23.750651513778102,896
r17b,190,French,3,1.7374517374517375,28.087306145893166,2.3166023166023164,29.75301550832855,15.473593927068942,518
r17b,190,Hindi,3,0.7561436672967864,24.760832864378166,0.945179584120983,26.111423747889702,13.14339496592141,529
r17b,190,Italian,3,1.4198782961460445,29.20461445051609,2.4340770791075053,31.08682452944748,16.03634858880428,493
r17b,190,Portuguese,3,2.2900763358778624,29.960204661739624,3.816793893129771,31.893121091529277,16.990048995569133,524
r17b,190,Russian,3,2.1359223300970873,25.65141864504922,2.5242718446601944,27.562246670526925,14.468464872583356,515
r17b,190,Spanish,3,2.9069767441860463,31.070195627157652,3.875968992248062,33.71691599539701,17.892514339747194,516
r17b,200,Chinese,1,46.25550660792952,57.540983606557376,49.118942731277535,59.83606557377049,53.18787462988373,454
r17b,200,English,1,38.28125,48.6764705882353,42.075892857142854,52.720588235294116,45.43855042016807,896
r17b,200,French,1,31.46718146718147,39.148936170212764,36.1003861003861,43.262411347517734,37.49472877132452,518
r17b,200,Hindi,1,25.141776937618147,32.26703755215577,27.599243856332702,35.04867872044506,30.01418426663792,529
r17b,200,Italian,1,33.671399594320484,40.5446293494705,36.308316430020284,43.57034795763994,38.5236733328628,493
r17b,200,Portuguese,1,34.16030534351145,42.33473980309423,36.6412213740458,44.86638537271449,39.50066297334149,524
r17b,200,Russian,1,33.786407766990294,40.45911047345768,37.28155339805825,44.18938307030129,38.929113677201876,515
r17b,200,Spanish,1,34.10852713178294,42.20963172804532,38.95348837209303,46.31728045325779,40.39723192129477,516
r17b,200,Chinese,2,16.29955947136564,46.99248120300752,18.722466960352424,49.71804511278196,32.93313818687689,454
r17b,200,English,2,16.964285714285715,45.56737588652482,19.754464285714285,48.138297872340424,32.606105939716315,896
r17b,200,French,2,10.231660231660232,36.6312346688471,11.583011583011583,38.26655764513492,24.17811603216346,518
r17b,200,Hindi,2,3.780718336483932,26.84294871794872,4.3478260869565215,28.92628205128205,15.974443798167806,529
r17b,200,Italian,2,10.953346855983773,37.60831889081456,13.184584178498985,40.03466204506066,25.445227992589494,493
r17b,200,Portuguese,2,7.824427480916031,32.874493927125506,9.351145038167939,35.7085020242915,21.439642117625244,524
r17b,200,Russian,2,5.242718446601942,27.64026402640264,6.601941747572815,30.198019801980198,17.420736005639398,515
r17b,200,Spanish,2,10.077519379844961,34.288052373158756,13.178294573643411,37.97054009819967,23.8786016062117,516
r17b,200,Chinese,3,3.9647577092511015,40.18445322793149,4.845814977973569,41.76548089591568,22.69012670276796,454
r17b,200,English,3,4.910714285714286,38.10279187817259,6.584821428571429,41.243654822335024,22.71049560369833,896
r17b,200,French,3,2.1235521235521237,30.557151062607698,2.7027027027027026,31.820792647903502,16.801049634191507,518
r17b,200,Hindi,3,0.3780718336483932,23.57906584130557,0.5671077504725898,24.81710748452448,12.335338227487759,529
r17b,200,Italian,3,2.839756592292089,30.47965998785671,3.8539553752535496,32.240437158469945,17.353452278468072,493
r17b,200,Portuguese,3,3.6259541984732824,30.585559977259805,4.770992366412214,32.29107447413303,17.818395254069586,524
r17b,200,Russian,3,1.1650485436893203,25.9988419224088,1.941747572815534,27.678054429646785,14.19592311714011,515
r17b,200,Spanish,3,3.488372093023256,29.171461449942463,4.263565891472868,31.242807825086306,17.041551814881224,516
